2026-08-15 09:01:53 INFO Start: total=2312 new=2312 retry=0 on_disk=0
2026-08-15 09:01:53 INFO OK id=aef71371-33f7-4d30-851e-5367c2ae2e7b file=record20260806102403-3gpp-3ga-remix_aef71371_record20260806102403.3gpp.3ga_(Remix).jpeg size=5829
2026-08-15 09:01:53 INFO OK id=5f830df1-1b74-4541-aa15-582b09dda742 file=record20260806102403-3gpp-3ga_5f830df1_record20260806102403.3gpp.3ga.jpeg size=15139
2026-08-15 09:01:53 INFO OK id=2893e9be-d400-4b02-8a61-05d3a7e93609 file=record20260805184326-3gpp-3ga-remix_2893e9be_record20260805184326.3gpp.3ga_(Remix).jpeg size=12150
2026-08-15 09:01:53 INFO OK id=31758dd6-add0-4fe8-b832-a2b0983afc32 file=record20260805184326-3gpp-3ga-remix_31758dd6_record20260805184326.3gpp.3ga_(Remix).jpeg size=12791
2026-08-15 09:01:53 INFO OK id=bfa57608-0c94-47fc-b421-d0cabf6ac0b7 file=record20260805184326-3gpp-3ga-remix_bfa57608_record20260805184326.3gpp.3ga_(Remix).jpeg size=17813
2026-08-15 09:01:53 INFO OK id=7ac24cd5-dfc1-4e4e-9841-aef4f1f44801 file=record20260805184326-3gpp-3ga-remix_7ac24cd5_record20260805184326.3gpp.3ga_(Remix).jpeg size=14464
2026-08-15 09:01:53 INFO OK id=89a287f3-8bd4-40b6-beb3-05fb7abefcdb file=record20260805184326-3gpp-3ga_89a287f3_record20260805184326.3gpp.3ga.jpeg size=13608
2026-08-15 09:01:53 INFO OK id=ac8985d7-5830-4516-a342-9bafe01f890c file=awhistle-3gpp-3ga-remix_ac8985d7_awhistle.3gpp.3ga_(Remix).jpeg size=12021
2026-08-15 09:01:53 INFO OK id=d37275f1-631b-41df-b067-f3c713be5569 file=awhistle-3gpp-3ga-remix_d37275f1_awhistle.3gpp.3ga_(Remix).jpeg size=19557
2026-08-15 09:01:53 INFO OK id=075d0369-1778-4b56-819e-1d3ca68ba177 file=awhistle-3gpp-3ga_075d0369_awhistle.3gpp.3ga.jpeg size=15171
2026-08-15 09:01:53 INFO OK id=738e7dba-5def-4aa6-8f86-ae19e78bac30 file=like-a-flow-3gpp-3ga-remix_738e7dba_like_a_flow_.3gpp.3ga_(Remix).jpeg size=8828
2026-08-15 09:01:54 INFO OK id=6e781b2d-e842-4d66-ad75-b8cfb4df970b file=like-a-flow-3gpp-3ga-remix_6e781b2d_like_a_flow_.3gpp.3ga_(Remix).jpeg size=8718
2026-08-15 09:01:54 INFO OK id=23e09f90-b08f-4b53-9906-04f7fd544efc file=turamino-3gpp-3ga-remix_23e09f90_turamino.3gpp.3ga_(Remix).jpeg size=9486
2026-08-15 09:01:54 INFO OK id=49f5bda0-6295-4331-86cc-362279221ac5 file=turamino-3gpp-3ga-remix_49f5bda0_turamino.3gpp.3ga_(Remix).jpeg size=11221
2026-08-15 09:01:54 INFO OK id=d4c10143-cea4-45e4-aad1-e1292dc7f3dd file=turamino-3gpp-3ga_d4c10143_turamino.3gpp.3ga.jpeg size=15572
2026-08-15 09:01:54 INFO OK id=5bb1682c-fb26-4ab0-a63d-6b874248c073 file=idea001-3gpp-3ga-remix_5bb1682c_idea001.3gpp.3ga_(Remix).jpeg size=9581
2026-08-15 09:01:54 INFO OK id=0676026e-d683-4517-832a-9aff4a073eee file=idea001-3gpp-3ga-remix_0676026e_idea001.3gpp.3ga_(Remix).jpeg size=10819
2026-08-15 09:01:54 INFO OK id=f692a430-97cf-4cc7-bda7-3454003023d3 file=idea001-3gpp-3ga_f692a430_idea001.3gpp.3ga.jpeg size=8249
2026-08-15 09:01:54 INFO OK id=fecf8ab8-72ae-4537-9cab-69f804327892 file=like-a-flow_fecf8ab8_like_a_flow_.jpeg size=9352
2026-08-15 09:01:54 INFO OK id=5885fde2-bb19-42d3-bfbc-51faea4beca9 file=like-a-flow_5885fde2_like_a_flow_.jpeg size=8478
2026-08-15 09:01:54 INFO OK id=7d506736-4a18-49f0-a411-e23694d7f77e file=like-a-flow-3gpp-3ga_7d506736_like_a_flow_.3gpp.3ga.jpeg size=10260
2026-08-15 09:01:54 INFO OK id=934519b2-30a9-48d7-bc2d-a8371cde71b4 file=today-3gpp-3ga-remix_934519b2_today_.3gpp.3ga_(Remix).jpeg size=12383
2026-08-15 09:01:54 INFO OK id=c3cd3a61-53b6-4369-8f2a-eba63ded9ecd file=today-3gpp-3ga-remix_c3cd3a61_today_.3gpp.3ga_(Remix).jpeg size=14187
2026-08-15 09:01:54 INFO OK id=d519f30f-2b67-41a5-9829-102337317630 file=today-3gpp-3ga_d519f30f_today_.3gpp.3ga.jpeg size=11110
2026-08-15 09:01:54 INFO OK id=0a06a79e-f79f-4e92-9a33-5f8db6751cd3 file=xvx_0a06a79e_XVX.jpeg size=8587
2026-08-15 09:01:54 INFO OK id=2a5e34ba-3d60-4664-82f4-f35b9cbdb0b1 file=xvx_2a5e34ba_XVX.jpeg size=10426
2026-08-15 09:01:54 INFO OK id=2a78f9bb-a65b-48b5-999e-659d62c36cc7 file=el-caudal-de-mi-interior_2a78f9bb_El_caudal_de_mi_interior.jpeg size=10568
2026-08-15 09:01:54 INFO OK id=404c963e-b14a-499b-a75d-4b75c3ca1572 file=el-caudal-de-mi-interior_404c963e_El_caudal_de_mi_interior.jpeg size=13825
2026-08-15 09:01:54 INFO OK id=37eb4691-8bf9-4f22-b030-2721849678a8 file=el-caudal-de-mi-interior_37eb4691_El_caudal_de_mi_interior.jpeg size=12570
2026-08-15 09:01:54 INFO OK id=6680f4d8-a5b6-47d7-9eff-1a8aab5d605f file=el-caudal-de-mi-interior_6680f4d8_El_caudal_de_mi_interior.jpeg size=11896
2026-08-15 09:01:55 INFO OK id=9785ffc3-cdbf-4a2b-8c5a-9e54ba41f97f file=el-caudal-de-mi-interior_9785ffc3_El_caudal_de_mi_interior.jpeg size=13217
2026-08-15 09:01:55 INFO OK id=20ae9631-1677-4090-b90a-0ec9e6559eb0 file=el-caudal-de-mi-interior_20ae9631_El_caudal_de_mi_interior.jpeg size=11626
2026-08-15 09:01:55 INFO OK id=df0ee4c2-0a10-45c4-8b85-e95737e70cdf file=el-caudal-de-mi-interior_df0ee4c2_El_caudal_de_mi_interior.jpeg size=9224
2026-08-15 09:01:55 INFO OK id=9cd5dd26-86b0-4b93-a01f-b1a71b41385f file=el-caudal-de-mi-interior_9cd5dd26_El_caudal_de_mi_interior.jpeg size=8919
2026-08-15 09:01:55 INFO OK id=23d0a4ff-a107-4ece-8b4f-4d636d985d4a file=el-caudal-de-mi-interior_23d0a4ff_El_caudal_de_mi_interior.jpeg size=10665
2026-08-15 09:01:55 INFO OK id=e6959f91-c5ac-4ffd-bd73-0b96c4f560ba file=el-caudal-de-mi-interior_e6959f91_El_caudal_de_mi_interior.jpeg size=10931
2026-08-15 09:01:55 INFO OK id=d07911aa-0c78-4c9b-af71-ba50d829f1a9 file=grabacion-de-76-3s-jul-31-12-09-pm_d07911aa_Grabación_de_76.3s_(Jul_31_@_1209_PM).jpeg size=11269
2026-08-15 09:01:55 INFO OK id=a8a9e819-ad32-4468-aa0e-63afeabae2eb file=grabacion-de-76-3s-jul-31-12-09-pm_a8a9e819_Grabación_de_76.3s_(Jul_31_@_1209_PM).jpeg size=9642
2026-08-15 09:01:55 INFO OK id=78bcf701-57f9-4fa3-9101-6a93ea07a95d file=grabacion-de-76-3s-jul-31-12-09-pm_78bcf701_Grabación_de_76.3s_(Jul_31_@_1209_PM).jpeg size=12962
2026-08-15 09:01:55 INFO OK id=6ea1ac74-7ee6-4732-93f3-6974320bf908 file=grabacion-de-32-1s-jul-31-8-51-am_6ea1ac74_Grabación_de_32.1s_(Jul_31_@_851_AM).jpeg size=7916
2026-08-15 09:01:55 INFO OK id=02820fe1-7919-4d07-b4ba-8b25bfea5341 file=grabacion-de-32-1s-jul-31-8-51-am_02820fe1_Grabación_de_32.1s_(Jul_31_@_851_AM).jpeg size=8158
2026-08-15 09:01:55 INFO OK id=441d8d12-d5ba-4383-8c1d-e1bf405e23d4 file=grabacion-de-32-1s-jul-31-8-51-am_441d8d12_Grabación_de_32.1s_(Jul_31_@_851_AM).jpeg size=16005
2026-08-15 09:01:55 INFO OK id=5e7ac2f2-0dd2-4633-b6e2-691b8244c416 file=base-vocal-con-chamber_5e7ac2f2_Base_vocal_con_chamber.jpeg size=25286
2026-08-15 09:01:55 INFO OK id=e0cc6023-7524-47b2-815c-d753368102f4 file=base-vocal-con-chamber_e0cc6023_Base_vocal_con_chamber.jpeg size=21664
2026-08-15 09:01:55 INFO OK id=58a63fd2-b08f-41c3-ad45-bcaa2f64a288 file=base-vocal-con-chamber_58a63fd2_Base_vocal_con_chamber.jpeg size=10958
2026-08-15 09:01:55 INFO OK id=30e5d5a0-f435-4df3-acee-95623b7e0f3a file=base-vocal-con-chamber_30e5d5a0_Base_vocal_con_chamber.jpeg size=10123
2026-08-15 09:01:55 INFO OK id=65a84379-bba2-4ec6-9e82-9302b55d3180 file=base-vocal_65a84379_Base_vocal.jpeg size=8538
2026-08-15 09:01:55 INFO OK id=6f07b920-d3d5-4fd1-b458-4376e698d6a1 file=grabacion-de-42-8s-jul-31-8-01-am_6f07b920_Grabación_de_42.8s_(Jul_31_@_801_AM).jpeg size=14163
2026-08-15 09:01:55 INFO OK id=511b637f-02c1-4fea-a70f-1098290dc9c9 file=all_511b637f_All.jpeg size=12155
2026-08-15 09:01:56 INFO OK id=0bcf0b38-3db4-47c6-9889-e819277169ad file=all_0bcf0b38_All.jpeg size=13233
2026-08-15 09:01:56 INFO OK id=8e5bc34f-5449-48a1-9cfd-2745968158b0 file=all_8e5bc34f_All.jpeg size=12104
2026-08-15 09:01:56 INFO OK id=648bd294-36ea-4256-87b8-65c71667a285 file=90-2s-grabacion-29-jul-20-18-remix_648bd294_90.2s_Grabación_(29_jul_@_2018)_(Remix).jpeg size=10083
2026-08-15 09:01:56 INFO OK id=eca42d9a-26cf-47bf-ac97-a955aa0049b7 file=90-2s-grabacion-29-jul-20-18-remix_eca42d9a_90.2s_Grabación_(29_jul_@_2018)_(Remix).jpeg size=9561
2026-08-15 09:01:56 INFO OK id=bcd98f05-22ca-44dd-813e-ac146f8a5bc2 file=90-2s-grabacion-29-jul-20-18_bcd98f05_90.2s_Grabación_(29_jul_@_2018).jpeg size=8138
2026-08-15 09:01:56 INFO OK id=333be84c-b8e6-4adf-be2d-139bbf5e0675 file=90-2s-grabacion-29-jul-20-18_333be84c_90.2s_Grabación_(29_jul_@_2018).jpeg size=7971
2026-08-15 09:01:56 INFO OK id=74407524-4a83-43d8-85a5-daf8b620d5f9 file=90-2s-grabacion-29-jul-20-18_74407524_90.2s_Grabación_(29_jul_@_2018).jpeg size=16334
2026-08-15 09:01:56 INFO OK id=b3626a8b-166e-4231-8042-9402f4942a4a file=ribut-3gpp-3ga-remix_b3626a8b_ribut.3gpp.3ga_(Remix).jpeg size=6029
2026-08-15 09:01:56 INFO OK id=453a8d69-a6d8-430d-a1d3-092a560463b5 file=ribut-3gpp-3ga-remix_453a8d69_ribut.3gpp.3ga_(Remix).jpeg size=7371
2026-08-15 09:01:56 INFO OK id=1867c52e-4c40-4aea-882f-2b8d17ba719b file=ribut-3gpp-3ga-remix_1867c52e_ribut.3gpp.3ga_(Remix).jpeg size=9147
2026-08-15 09:01:56 INFO OK id=0e1bf88b-d3e7-4a81-8a8e-6045a92dd281 file=ribut-3gpp-3ga-remix_0e1bf88b_ribut.3gpp.3ga_(Remix).jpeg size=8595
2026-08-15 09:01:56 INFO OK id=562ee74a-bffd-40f1-b08b-405128c3b262 file=ribut-3gpp-3ga_562ee74a_ribut.3gpp.3ga.jpeg size=19722
2026-08-15 09:01:56 INFO OK id=f9466e11-a98d-4c8e-b893-439fb3249098 file=opening-riff_f9466e11_Opening_riff_.jpeg size=13252
2026-08-15 09:01:56 INFO OK id=478c3ed6-d5b9-4f4e-9d5d-9ddf9ac3d465 file=opening-riff_478c3ed6_Opening_riff_.jpeg size=13125
2026-08-15 09:01:56 INFO OK id=7fc726ff-98e7-47af-b282-b5d050aceb62 file=opening-riff_7fc726ff_Opening_riff_.jpeg size=16305
2026-08-15 09:01:56 INFO OK id=1002ac7e-8761-4af6-b795-a2744f707e4d file=opening-riff_1002ac7e_Opening_riff_.jpeg size=15447
2026-08-15 09:01:56 INFO OK id=acc16f42-a22c-49d7-814a-558d8d2a7423 file=beat-box-only_acc16f42_Beat_Box_Only.jpeg size=8627
2026-08-15 09:01:56 INFO OK id=324ebc8a-e38d-4f05-9c13-b79a8d040d8f file=beat-box-only_324ebc8a_Beat_Box_Only.jpeg size=8387
2026-08-15 09:01:56 INFO OK id=44a663e4-6909-4399-b775-a65afc17eb7b file=vocal-percussion_44a663e4_Vocal_Percussion.jpeg size=18500
2026-08-15 09:01:57 INFO OK id=5569d92a-67b3-4570-bc28-6a4c9904afe6 file=vocal-percussion_5569d92a_Vocal_Percussion.jpeg size=18991
2026-08-15 09:01:57 INFO OK id=92fd01fb-ab1c-45b0-97ff-2baebc06a3c1 file=dripping-click_92fd01fb_Dripping_Click.jpeg size=13766
2026-08-15 09:01:57 INFO OK id=edaa8908-1306-4c01-aa2b-17d73020e973 file=dripping-click_edaa8908_Dripping_Click.jpeg size=12901
2026-08-15 09:01:57 INFO OK id=c147b7a2-7f63-488e-9d89-b38ff46465e7 file=el-cauce-de-tu-cabello-base_c147b7a2_El_cauce_de_tu_cabello_base.jpeg size=18867
2026-08-15 09:01:57 INFO OK id=9bba10ef-6a21-4e1f-bc9c-0babed2bdc7a file=el-cauce-de-tu-cabello-base_9bba10ef_El_cauce_de_tu_cabello_base.jpeg size=19577
2026-08-15 09:01:57 INFO OK id=9e15929d-7edf-4da5-b6b7-dabb9c2b6730 file=el-cauce-de-tu-cabello-base_9e15929d_El_cauce_de_tu_cabello_base.jpeg size=17507
2026-08-15 09:01:57 INFO OK id=1e0e06af-8dbf-4a03-be1e-4f24d23be10f file=el-cauce-de-tu-cabello-base_1e0e06af_El_cauce_de_tu_cabello_base.jpeg size=13736
2026-08-15 09:01:57 INFO OK id=4d2b9cb0-0847-4faa-bd2a-b69393a25675 file=el-cauce-de-tu-cabello-base_4d2b9cb0_El_cauce_de_tu_cabello_base.jpeg size=14542
2026-08-15 09:01:57 INFO OK id=de98c5fd-06b7-4cb4-85df-6104a6a6f7c1 file=el-cauce-de-tu-cabello_de98c5fd_El_cauce_de_tu_cabello.jpeg size=6790
2026-08-15 09:01:57 INFO OK id=6598baff-c173-4e46-beff-358589748411 file=el-cauce-de-tu-cabello_6598baff_El_cauce_de_tu_cabello.jpeg size=8007
2026-08-15 09:01:57 INFO OK id=119a15d4-c252-46ad-860f-1d889153ebf0 file=el-cauce-de-tu-cabello_119a15d4_El_cauce_de_tu_cabello.jpeg size=10559
2026-08-15 09:01:57 INFO OK id=c1709878-feb4-4586-bff3-34e84ae80417 file=el-cauce-de-tu-cabello_c1709878_El_cauce_de_tu_cabello.jpeg size=11578
2026-08-15 09:01:57 INFO OK id=5df892af-39e0-49cf-91b3-b76eeac42a49 file=el-cauce-de-tu-cabello_5df892af_El_cauce_de_tu_cabello.jpeg size=17269
2026-08-15 09:01:57 INFO OK id=57da3f6b-0e98-492e-8a38-136b167c5484 file=el-cauce-de-tu-cabello_57da3f6b_El_cauce_de_tu_cabello.jpeg size=14117
2026-08-15 09:01:57 INFO OK id=caca8d19-7a3f-4d7b-b9f4-af16eca1a089 file=el-cauce-de-tu-cabello_caca8d19_El_cauce_de_tu_cabello.jpeg size=17001
2026-08-15 09:01:57 INFO OK id=d68c217a-f67c-4c42-8b99-f2d928be504b file=el-cauce-de-tu-cabello_d68c217a_El_cauce_de_tu_cabello.jpeg size=14985
2026-08-15 09:01:57 INFO OK id=02956705-1941-444d-990a-d979eb3d13c3 file=ritmo-secreto_02956705_Ritmo_Secreto.jpeg size=10442
2026-08-15 09:01:57 INFO OK id=afa99bde-497a-4f5b-82bc-2679c88473f1 file=ritmo-secreto_afa99bde_Ritmo_Secreto.jpeg size=10423
2026-08-15 09:01:57 INFO OK id=77a698c9-ec56-4a8d-9634-c65e815338a1 file=ritmo-secreto_77a698c9_Ritmo_Secreto.jpeg size=13222
2026-08-15 09:01:58 INFO OK id=16276f72-7f3e-41c5-9601-9f143172cb96 file=ritmo-secreto_16276f72_Ritmo_Secreto.jpeg size=12480
2026-08-15 09:01:58 INFO OK id=bf322e9b-7148-4875-b57a-d312e62b4261 file=dry-timbal-groove_bf322e9b_Dry_Timbal_Groove.jpeg size=13317
2026-08-15 09:01:58 INFO OK id=81f47e7c-a73d-4654-95f0-a180fd859adc file=dry-timbal-groove_81f47e7c_Dry_Timbal_Groove.jpeg size=13048
2026-08-15 09:01:58 INFO OK id=ff544ce1-99b5-4eb5-ad28-f5781dbe0cc6 file=dum-dum-doo_ff544ce1_Dum-Dum-Doo.jpeg size=9971
2026-08-15 09:01:58 INFO OK id=fb3be2c9-4050-4e30-8b45-8720d99de48f file=dum-dum-doo_fb3be2c9_Dum-Dum-Doo.jpeg size=11200
2026-08-15 09:01:58 INFO OK id=f06d337f-d5a3-4be2-ac01-ce3f806dadfc file=turumtumtum_f06d337f_TURUMTUMTUM.jpeg size=21536
2026-08-15 09:01:58 INFO OK id=37e22281-660d-498f-add0-b3ba9ee9ec97 file=fractured-frequency_37e22281_Fractured_Frequency.jpeg size=8671
2026-08-15 09:01:58 INFO OK id=602db151-ed49-4be6-917e-20c537c57a54 file=fractured-frequency_602db151_Fractured_Frequency.jpeg size=8281
2026-08-15 09:01:58 INFO OK id=3ceedb3c-2fe8-44af-93e6-061ac7099d1f file=grabacion-de-25-6s-jul-27-10-23-pm_3ceedb3c_Grabación_de_25.6s_(Jul_27_@_1023_PM).jpeg size=13416
2026-08-15 09:01:58 INFO OK id=86d3a0e3-21fd-4929-aa58-be96c9282519 file=polvo-de-estrellas_86d3a0e3_Polvo_de_Estrellas.jpeg size=7277
2026-08-15 09:01:58 INFO OK id=cc94861c-0167-4b48-8f09-123d20795b91 file=polvo-de-estrellas_cc94861c_Polvo_de_Estrellas.jpeg size=6828
2026-08-15 09:01:58 INFO OK id=f4fc5348-c18f-4484-a672-bb8769520b8e file=dust-on-the-strings_f4fc5348_Dust_on_the_Strings.jpeg size=11945
2026-08-15 09:01:58 INFO OK id=d43a2fd5-dfe0-4379-a570-5a54462a5eed file=dust-on-the-strings_d43a2fd5_Dust_on_the_Strings.jpeg size=12387
2026-08-15 09:01:58 INFO OK id=5b0938af-d9d7-40ff-a2ab-0298482f2cf2 file=futuristic-electronic-dron-vocals-with-clap-effects_5b0938af_Futuristic_Electronic_Dron_Vocals_With_Clap_Effects.jpeg size=10205
2026-08-15 09:01:58 INFO OK id=a807bc5b-117d-44d5-aae4-363cc834caa1 file=futuristic-electronic-dron-vocals-with-clap-effects_a807bc5b_Futuristic_Electronic_Dron_Vocals_With_Clap_Effects.jpeg size=11460
2026-08-15 09:01:58 INFO OK id=03abc9f9-0802-4f94-b9bd-5ae7d93c5041 file=futuristic-electronic-dron-vocals-with-clap-effects_03abc9f9_Futuristic_Electronic_Dron_Vocals_With_Clap_Effects.jpeg size=7027
2026-08-15 09:01:58 INFO OK id=0dc38540-3947-4400-bdc5-0842b9c10a7a file=futuristic-electronic-dron-vocals-with-clap-effects_0dc38540_Futuristic_Electronic_Dron_Vocals_With_Clap_Effects.jpeg size=6855
2026-08-15 09:01:58 INFO OK id=8b1d8457-4a45-479d-9cdd-86340561126a file=futuristic-electronic-dron-vocals-with-clap-effects_8b1d8457_Futuristic_Electronic_Dron_Vocals_With_Clap_Effects_.jpeg size=10791
2026-08-15 09:01:58 INFO OK id=598958f8-6a04-4534-9dc5-af3f650d3827 file=futuristic-electronic-dron-vocals-with-clap-effects_598958f8_Futuristic_Electronic_Dron_Vocals_With_Clap_Effects_.jpeg size=11920
2026-08-15 09:01:58 INFO OK id=3e5d7db3-ac1b-48b6-b65b-debb9820b169 file=6-8-folk-ballad-at-102-bpm-in-a-minor-key-built-on-clawhammer-banjo-with-rhy_3e5d7db3_68_Folk_Ballad_At_102_Bpm_In_A_Minor_Key,_Built_On_Clawhammer_Banjo_With_Rhy.jpeg size=12186
2026-08-15 09:01:59 INFO OK id=9443b72f-2fe2-41ed-b8f7-452c5b490e20 file=6-8-folk-ballad-at-102-bpm-in-a-minor-key-built-on-clawhammer-banjo-with-rhy_9443b72f_68_Folk_Ballad_At_102_Bpm_In_A_Minor_Key,_Built_On_Clawhammer_Banjo_With_Rhy.jpeg size=12766
2026-08-15 09:01:59 INFO OK id=601b8849-c11c-4fab-ab89-f926e029b6dd file=6-8-folk-ballad-at-102-bpm-in-a-minor-key-built-on-clawhammer-banjo-with-rhy_601b8849_68_Folk_Ballad_At_102_Bpm_In_A_Minor_Key,_Built_On_Clawhammer_Banjo_With_Rhy.jpeg size=11211
2026-08-15 09:01:59 INFO OK id=847016d2-97bb-4bc1-9a51-ae0aad3f7b15 file=el-ultimo-eslabon_847016d2_El_último_eslabón.jpeg size=12050
2026-08-15 09:01:59 INFO OK id=1ec59bcc-9432-4cc0-b600-ac0056699e2d file=el-ultimo-eslabon_1ec59bcc_El_último_eslabón.jpeg size=12347
2026-08-15 09:01:59 INFO OK id=a974281f-18b6-4fa1-b152-575adee86141 file=el-ultimo-eslabon_a974281f_El_último_eslabón.jpeg size=12733
2026-08-15 09:01:59 INFO OK id=974cbd5b-78ff-4799-8cf8-c2fe3db09a4d file=el-ultimo-eslabon_974cbd5b_El_último_eslabón.jpeg size=12975
2026-08-15 09:01:59 INFO OK id=5c6242c9-d39f-49e7-998b-42bb93903215 file=el-ultimo-eslabon_5c6242c9_El_último_eslabón.jpeg size=12389
2026-08-15 09:01:59 INFO OK id=48c72824-aaab-4b37-8c35-f542ec745447 file=el-ultimo-eslabon_48c72824_El_último_eslabón.jpeg size=11482
2026-08-15 09:01:59 INFO OK id=346821fa-0d35-4feb-9510-3a2eebc33ae6 file=el-ultimo-eslabon_346821fa_El_último_eslabón.jpeg size=12750
2026-08-15 09:01:59 INFO OK id=2b851f88-57d8-4c30-a41c-17200b888db9 file=el-ultimo-eslabon_2b851f88_El_último_eslabón.jpeg size=10578
2026-08-15 09:01:59 INFO OK id=60cd1f28-9822-42ba-9ded-dc4666f521e3 file=el-ultimo-eslabon_60cd1f28_El_último_eslabón.jpeg size=13044
2026-08-15 09:01:59 INFO OK id=8ff5b4d9-ff3f-4000-adf8-0b9e226d5083 file=el-ultimo-eslabon_8ff5b4d9_El_último_eslabón.jpeg size=11192
2026-08-15 09:01:59 INFO OK id=64b22b40-a108-4f4c-bc22-265b72e78ca3 file=el-ultimo-eslabon_64b22b40_El_último_eslabón.jpeg size=11578
2026-08-15 09:01:59 INFO OK id=9c739e0a-4719-4c9f-b8f6-1c9e6d4fc1f2 file=el-ultimo-eslabon_9c739e0a_El_último_eslabón.jpeg size=11115
2026-08-15 09:01:59 INFO OK id=c73df319-8031-4ccf-be41-da203859177e file=175-3s-recording-jul-24-9-39-pm_c73df319_175.3s_Recording_(Jul_24_@_939_PM).jpeg size=17082
2026-08-15 09:01:59 INFO OK id=4e2c6103-6b2c-45b0-b427-9c0a2ac9ddf2 file=donde-me-escondo_4e2c6103_Donde_Me_Escondo.jpeg size=12069
2026-08-15 09:01:59 INFO OK id=4ffd072a-14d3-48e8-90ef-5df2e16a8e79 file=donde-me-escondo_4ffd072a_Donde_Me_Escondo.jpeg size=12654
2026-08-15 09:01:59 INFO OK id=8af7a658-ca51-4043-b33f-6cf88fd88037 file=donde-me-escondo_8af7a658_Donde_Me_Escondo.jpeg size=10781
2026-08-15 09:01:59 INFO OK id=94c0dcd1-280b-4322-993e-226450bf654c file=donde-me-escondo_94c0dcd1_Donde_Me_Escondo.jpeg size=12069
2026-08-15 09:02:00 INFO OK id=cf9e6513-2a5a-4d79-b901-3e17be248855 file=with-the-power-of-the-lord_cf9e6513_With_the_power_of_the_Lord_.jpeg size=12674
2026-08-15 09:02:00 INFO OK id=039883a1-00bb-4f55-9886-dde237890a45 file=with-the-power-of-the-lord_039883a1_With_the_power_of_the_Lord_.jpeg size=10778
2026-08-15 09:02:00 INFO OK id=04b1a901-1d34-474c-8117-58476f495cd2 file=7-1s-grabacion-18-jul-12-45_04b1a901_7.1s_Grabación_(18_jul_@_1245).jpeg size=13533
2026-08-15 09:02:00 INFO OK id=6da90fe2-9718-41da-955e-dc5e3cb7b4c7 file=amarte-en-el-caos_6da90fe2_Amarte_en_el_caos_.jpeg size=14617
2026-08-15 09:02:00 INFO OK id=1dabee72-a42b-45df-9404-01eac94a4390 file=amarte-en-el-caos_1dabee72_Amarte_en_el_caos_.jpeg size=15429
2026-08-15 09:02:00 INFO OK id=903e6891-c2b0-47eb-ab00-78160f5229f3 file=amarte-en-el-caos_903e6891_Amarte_en_el_caos_.jpeg size=19844
2026-08-15 09:02:00 INFO OK id=e95858f0-5661-4655-ab73-ffc15f369853 file=amarte-en-el-caos_e95858f0_Amarte_en_el_caos_.jpeg size=20460
2026-08-15 09:02:00 INFO OK id=c75a5e1e-300d-4992-9309-a3d52a625d2e file=escapando-de-la-capital_c75a5e1e_Escapando_de_la_Capital.jpeg size=16551
2026-08-15 09:02:00 INFO OK id=cca60d79-a65f-4f05-9f34-020f5528ba5c file=escapando-de-la-capital_cca60d79_Escapando_de_la_Capital.jpeg size=18084
2026-08-15 09:02:00 INFO OK id=96a2a245-fd8b-4f6c-a42b-e5e717b4c444 file=escapando-de-la-capital_96a2a245_Escapando_de_la_Capital.jpeg size=11857
2026-08-15 09:02:00 INFO OK id=5192d3b0-91a0-4c48-a707-dacec8b42809 file=escapando-de-la-capital_5192d3b0_Escapando_de_la_Capital.jpeg size=11950
2026-08-15 09:02:00 INFO OK id=4740759e-6578-4b33-9d79-254c29d0b8dc file=lab-con-simulacion-instrumental_4740759e_Lab_con_simulación_instrumental.jpeg size=19460
2026-08-15 09:02:00 INFO OK id=43fbeb6c-9a6d-4f85-b723-f23f07a2f776 file=lab-con-simulacion-instrumental_43fbeb6c_Lab_con_simulación_instrumental.jpeg size=19794
2026-08-15 09:02:00 INFO OK id=0aa6ec5f-bd90-4632-bebb-2fced700d1bc file=lab_0aa6ec5f_Lab.jpeg size=8904
2026-08-15 09:02:00 INFO OK id=4278a553-6890-4374-84b3-134ab9f3feb2 file=lab_4278a553_Lab.jpeg size=9132
2026-08-15 09:02:00 INFO OK id=56847746-a9e2-4930-8e69-da71f7a9ab41 file=el-ultimo-salto_56847746_El_Último_Salto.jpeg size=11479
2026-08-15 09:02:00 INFO OK id=14fdffcd-256d-43b8-8d98-639be498c343 file=el-ultimo-salto_14fdffcd_El_Último_Salto.jpeg size=11541
2026-08-15 09:02:00 INFO OK id=17c5a452-e62e-4e9e-b539-69e005497e27 file=hagamos-el-intento-de-hablar_17c5a452_Hagamos_el_intento_de_hablar.jpeg size=14598
2026-08-15 09:02:00 INFO OK id=49cfa104-8971-4928-a882-6f94f3d429d2 file=hagamos-el-intento-de-hablar_49cfa104_Hagamos_el_intento_de_hablar.jpeg size=21951
2026-08-15 09:02:01 INFO OK id=b3d5c3bb-4c4d-42e7-ac72-0b9d373a1ca0 file=hagamos-el-intento-de-hablar_b3d5c3bb_Hagamos_el_intento_de_hablar.jpeg size=20784
2026-08-15 09:02:01 INFO OK id=5de5a009-689c-488b-9bf6-e590ca4ce6d8 file=hagamos-el-intento-de-hablar_5de5a009_Hagamos_el_intento_de_hablar.jpeg size=15075
2026-08-15 09:02:01 INFO OK id=bd2b23b4-bbef-4c2c-9abb-da60bf5710c0 file=hagamos-el-intento-de-hablar_bd2b23b4_Hagamos_el_intento_de_hablar.jpeg size=14060
2026-08-15 09:02:01 INFO OK id=3d0c728b-7551-4164-877a-823445c3e79e file=hagamos-el-intento-de-hablar_3d0c728b_Hagamos_el_intento_de_hablar.jpeg size=15136
2026-08-15 09:02:01 INFO OK id=b621196f-061e-4e42-be8b-cf9bf5171199 file=hagamos-el-intento-de-hablar_b621196f_Hagamos_el_intento_de_hablar.jpeg size=16182
2026-08-15 09:02:01 INFO OK id=9c50ba7d-372a-47c3-9fcb-b8f68df84d18 file=hagamos-el-intento-de-hablar_9c50ba7d_Hagamos_el_intento_de_hablar.jpeg size=18875
2026-08-15 09:02:01 INFO OK id=9f8a858b-ffd5-421f-9df2-97e27a329e71 file=hagamos-el-intento-de-hablar_9f8a858b_Hagamos_el_intento_de_hablar.jpeg size=15593
2026-08-15 09:02:01 INFO OK id=e0dd067b-c568-4833-9272-7803dbac52ae file=hagamos-el-intento-de-hablar_e0dd067b_Hagamos_el_intento_de_hablar.jpeg size=13345
2026-08-15 09:02:01 INFO OK id=c6027c90-5742-4434-b2e5-9057f570be35 file=hagamos-el-intento-de-hablar_c6027c90_Hagamos_el_intento_de_hablar.jpeg size=14016
2026-08-15 09:02:01 INFO OK id=64019bb4-e03d-4e3c-885c-3ce6dee5ae85 file=hagamos-el-intento-de-hablar_64019bb4_Hagamos_el_intento_de_hablar.jpeg size=13561
2026-08-15 09:02:01 INFO OK id=fbe70d23-0f75-4dff-bb07-b6e73164aa11 file=hagamos-el-intento-de-hablar_fbe70d23_Hagamos_el_intento_de_hablar.jpeg size=13168
2026-08-15 09:02:01 INFO OK id=66bf14aa-4459-482f-9166-f63f5e126bc9 file=hagamos-el-intento-de-hablar_66bf14aa_Hagamos_el_intento_de_hablar.jpeg size=13232
2026-08-15 09:02:01 INFO OK id=e252094b-3b0b-42ce-ab02-929ce094aa6e file=hagamos-el-intento-de-hablar_e252094b_Hagamos_el_intento_de_hablar.jpeg size=14743
2026-08-15 09:02:01 INFO OK id=31d9cadc-54fd-4cec-b182-f8854d1451b5 file=tile-room-echo_31d9cadc_Tile_Room_Echo.jpeg size=8811
2026-08-15 09:02:01 INFO OK id=cec7cb26-37ed-4386-9ff8-edc11718516b file=tile-room-echo_cec7cb26_Tile_Room_Echo.jpeg size=7562
2026-08-15 09:02:01 INFO OK id=96f71213-94c2-41ab-8ec8-847c65a8fb41 file=tambien-estuve-a-punto-without-lead-vocal-without-no-lead-vocal_96f71213_También_estuve_a_punto_(Without_Lead_Vocal)_(Without_No_Lead_Vocal).jpeg size=6298
2026-08-15 09:02:01 INFO OK id=613a0245-ca70-4874-b916-ae73ac206ebd file=tambien-estuve-a-punto-lead-vocal_613a0245_También_estuve_a_punto_(Lead_Vocal).jpeg size=6298
2026-08-15 09:02:01 INFO OK id=0293c2fd-aaae-4902-9e06-b6179caa6d57 file=tambien-estuve-a-punto-without-lead-vocal-without-no-lead-vocal_0293c2fd_También_estuve_a_punto_(Without_Lead_Vocal)_(Without_No_Lead_Vocal).jpeg size=6298
2026-08-15 09:02:01 INFO OK id=580d0223-e3d8-4670-a1f8-1fe7b850b527 file=tambien-estuve-a-punto-lead-vocal_580d0223_También_estuve_a_punto_(Lead_Vocal).jpeg size=6298
2026-08-15 09:02:01 INFO OK id=f5b5dbe3-9434-4de4-9637-954231401c01 file=tambien-estuve-a-punto-woodwinds_f5b5dbe3_También_estuve_a_punto_(Woodwinds).jpeg size=6298
2026-08-15 09:02:02 INFO OK id=d5ba2120-563c-4c8b-aa8a-2ba8939ebe10 file=tambien-estuve-a-punto-brass_d5ba2120_También_estuve_a_punto_(Brass).jpeg size=6298
2026-08-15 09:02:02 INFO OK id=349c82f4-a8ac-428f-80e1-bfe16d9353fb file=tambien-estuve-a-punto-fx_349c82f4_También_estuve_a_punto_(FX).jpeg size=6298
2026-08-15 09:02:02 INFO OK id=5a8a6fe8-d4a4-4fd8-80d5-add09dc13fa2 file=tambien-estuve-a-punto-synth_5a8a6fe8_También_estuve_a_punto_(Synth).jpeg size=6298
2026-08-15 09:02:02 INFO OK id=af755d9b-7ce4-49c8-83e7-78d99e899873 file=tambien-estuve-a-punto-strings_af755d9b_También_estuve_a_punto_(Strings).jpeg size=6298
2026-08-15 09:02:02 INFO OK id=cb58739e-4c88-48e2-9f2a-d7ece7d2d9bc file=tambien-estuve-a-punto-percussion_cb58739e_También_estuve_a_punto_(Percussion).jpeg size=6298
2026-08-15 09:02:02 INFO OK id=ad4e29a5-9021-4df1-9c4f-70f64e1082de file=tambien-estuve-a-punto-keyboard_ad4e29a5_También_estuve_a_punto_(Keyboard).jpeg size=6298
2026-08-15 09:02:02 INFO OK id=37bfc9d4-a548-419c-aa4f-38c629f0b64c file=tambien-estuve-a-punto-guitar_37bfc9d4_También_estuve_a_punto_(Guitar).jpeg size=6298
2026-08-15 09:02:02 INFO OK id=1072fa3e-2a59-437a-b522-a10e8adb4d92 file=tambien-estuve-a-punto-bass_1072fa3e_También_estuve_a_punto_(Bass).jpeg size=6298
2026-08-15 09:02:02 INFO OK id=30232179-dd79-47ff-8a4a-427a84e35978 file=tambien-estuve-a-punto-drums_30232179_También_estuve_a_punto_(Drums).jpeg size=6298
2026-08-15 09:02:02 INFO OK id=9721a01c-92f5-49c5-ad63-cf5673845243 file=tambien-estuve-a-punto-backing-vocals_9721a01c_También_estuve_a_punto_(Backing_Vocals).jpeg size=6298
2026-08-15 09:02:02 INFO OK id=15500697-d9bc-408b-928f-30c3d11ddf73 file=tambien-estuve-a-punto-vocals_15500697_También_estuve_a_punto_(Vocals).jpeg size=6298
2026-08-15 09:02:02 INFO OK id=dc78449c-2c60-4b7d-80bf-cf031f7f93a6 file=tambien-estuve-a-punto-woodwinds_dc78449c_También_estuve_a_punto_(Woodwinds).jpeg size=6298
2026-08-15 09:02:02 INFO OK id=b99ea7db-e670-48e8-8473-abde84ba965b file=tambien-estuve-a-punto-brass_b99ea7db_También_estuve_a_punto_(Brass).jpeg size=6298
2026-08-15 09:02:02 INFO OK id=659bb806-25bd-45bc-ad99-e481c3a0116b file=tambien-estuve-a-punto-fx_659bb806_También_estuve_a_punto_(FX).jpeg size=6298
2026-08-15 09:02:02 INFO OK id=954303e6-54cc-4d04-98dc-75562d869f20 file=tambien-estuve-a-punto-synth_954303e6_También_estuve_a_punto_(Synth).jpeg size=6298
2026-08-15 09:02:02 INFO OK id=c56de49b-533a-451d-a026-d3dad17379c8 file=tambien-estuve-a-punto-strings_c56de49b_También_estuve_a_punto_(Strings).jpeg size=6298
2026-08-15 09:02:02 INFO OK id=b6c3647c-b481-4bd3-92c8-eb2e95aa8560 file=tambien-estuve-a-punto-percussion_b6c3647c_También_estuve_a_punto_(Percussion).jpeg size=6298
2026-08-15 09:02:02 INFO OK id=f5417568-4271-4f5e-ab79-53bc18676d12 file=tambien-estuve-a-punto-keyboard_f5417568_También_estuve_a_punto_(Keyboard).jpeg size=6298
2026-08-15 09:02:02 INFO OK id=a23d17a6-fe6a-4d97-b44a-f104214b4618 file=tambien-estuve-a-punto-guitar_a23d17a6_También_estuve_a_punto_(Guitar).jpeg size=6298
2026-08-15 09:02:02 INFO OK id=05253df1-9686-4bb0-94e0-c8a85d05ea3a file=tambien-estuve-a-punto-bass_05253df1_También_estuve_a_punto_(Bass).jpeg size=6298
2026-08-15 09:02:03 INFO OK id=a7ceaa5d-5aae-4461-9896-4460ad471d06 file=tambien-estuve-a-punto-drums_a7ceaa5d_También_estuve_a_punto_(Drums).jpeg size=6298
2026-08-15 09:02:03 INFO OK id=38f922aa-14e4-41fc-9596-b000d8a78b8a file=tambien-estuve-a-punto-backing-vocals_38f922aa_También_estuve_a_punto_(Backing_Vocals).jpeg size=6298
2026-08-15 09:02:03 INFO OK id=fe5b3fa5-0770-4a26-a64d-5848663d3593 file=tambien-estuve-a-punto-vocals_fe5b3fa5_También_estuve_a_punto_(Vocals).jpeg size=6298
2026-08-15 09:02:03 INFO OK id=59e542bf-42ea-4e38-a195-08880a5b5ac9 file=tambien-estuve-a-punto_59e542bf_También_estuve_a_punto.jpeg size=16788
2026-08-15 09:02:03 INFO OK id=37ac1f86-7113-465a-ac02-184d8529bdf3 file=tambien-estuve-a-punto_37ac1f86_También_estuve_a_punto.jpeg size=17513
2026-08-15 09:02:03 INFO OK id=ff77bb6a-a353-4f33-8493-6248866644c0 file=hagamos-el-intento-de-hablar_ff77bb6a_Hagamos_el_intento_de_hablar.jpeg size=15476
2026-08-15 09:02:03 INFO OK id=3b934dc2-a01e-4947-b345-b2ee6f6881bb file=hagamos-el-intento-de-hablar_3b934dc2_Hagamos_el_intento_de_hablar.jpeg size=14665
2026-08-15 09:02:03 INFO OK id=1b096618-e8d4-410b-bd60-9a94c586d523 file=hagamos-el-intento-de-hablar_1b096618_Hagamos_el_intento_de_hablar.jpeg size=13173
2026-08-15 09:02:03 INFO OK id=e9b87a9d-a3de-4454-8128-30532f5f49d2 file=hagamos-el-intento-de-hablar_e9b87a9d_Hagamos_el_intento_de_hablar.jpeg size=16785
2026-08-15 09:02:03 INFO OK id=2e4a383e-da6f-4a1e-990b-e70f65ebd2df file=hagamos-el-intento-de-hablar_2e4a383e_Hagamos_el_intento_de_hablar.jpeg size=10283
2026-08-15 09:02:03 INFO OK id=b8fd73c1-d2e5-457c-bad8-0c16b53949d9 file=hagamos-el-intento-de-hablar_b8fd73c1_Hagamos_el_intento_de_hablar.jpeg size=9850
2026-08-15 09:02:03 INFO OK id=d636f805-b676-44ed-9e30-e6ea9fa56ca9 file=hagamos-el-intento-de-hablar_d636f805_Hagamos_el_intento_de_hablar.jpeg size=9944
2026-08-15 09:02:03 INFO OK id=dd772b1b-3d69-4148-9fc0-fcb88eac1084 file=hagamos-el-intento-de-hablar_dd772b1b_Hagamos_el_intento_de_hablar.jpeg size=9850
2026-08-15 09:02:03 INFO OK id=6dd407b4-c94d-4858-86ab-257508cec3f5 file=hagamos-el-intento-de-hablar_6dd407b4_Hagamos_el_intento_de_hablar.jpeg size=17213
2026-08-15 09:02:03 INFO OK id=be5d7230-8f56-491d-adb2-d90a34db8835 file=hagamos-el-intento-de-hablar_be5d7230_Hagamos_el_intento_de_hablar.jpeg size=16476
2026-08-15 09:02:03 INFO OK id=8e72ac2d-283e-4737-a06e-f014ee3139f4 file=tanta-suerte_8e72ac2d_Tanta_suerte.jpeg size=8362
2026-08-15 09:02:03 INFO OK id=0b615b19-93ac-4946-9cd6-a33127b019aa file=tanta-suerte_0b615b19_Tanta_suerte.jpeg size=8320
2026-08-15 09:02:03 INFO OK id=823e97e7-d1e0-4868-8523-c0da0ae4957a file=hagamos-el-intento-de-hablar_823e97e7_Hagamos_el_intento_de_hablar.jpeg size=15783
2026-08-15 09:02:03 INFO OK id=6e228cdf-5733-4e31-bac9-67988a9c2c87 file=hagamos-el-intento-de-hablar_6e228cdf_Hagamos_el_intento_de_hablar.jpeg size=8404
2026-08-15 09:02:04 INFO OK id=d7f4c24e-1f57-4eff-a40a-e1dbe5839d80 file=hagamos-el-intento-de-hablar_d7f4c24e_Hagamos_el_intento_de_hablar.jpeg size=9623
2026-08-15 09:02:04 INFO OK id=ba8ada48-b58b-4114-97c2-fb21622f113b file=hagamos-el-intento-de-hablar_ba8ada48_Hagamos_el_intento_de_hablar.jpeg size=16070
2026-08-15 09:02:04 INFO OK id=71c4c000-f626-4f07-88b4-4960a1fb7e89 file=hagamos-el-intento-de-hablar_71c4c000_Hagamos_el_intento_de_hablar.jpeg size=16182
2026-08-15 09:02:04 INFO OK id=cf7dbb91-1bab-4dda-8af1-0520bf7981df file=hagamos-el-intento-de-hablar_cf7dbb91_Hagamos_el_intento_de_hablar.jpeg size=13028
2026-08-15 09:02:04 INFO OK id=7574e293-9cab-4296-b906-aa0afc35babb file=silencio-roto_7574e293_Silencio_Roto.jpeg size=13125
2026-08-15 09:02:04 INFO OK id=5dd93e90-e4ab-47ab-88a5-9fab9bb7858a file=silencio-roto_5dd93e90_Silencio_Roto.jpeg size=12304
2026-08-15 09:02:04 INFO OK id=35cd9093-794d-4a6f-a0cd-81d5ef5d5c29 file=silencio-roto_35cd9093_Silencio_Roto.jpeg size=14564
2026-08-15 09:02:04 INFO OK id=edc15719-1dc9-4c61-80d5-5d4fbac8a865 file=silencio-roto_edc15719_Silencio_Roto.jpeg size=12585
2026-08-15 09:02:04 INFO OK id=a3746f77-f2b0-4255-8c3c-1b34c2f552bf file=silencio-roto_a3746f77_Silencio_Roto.jpeg size=15029
2026-08-15 09:02:04 INFO OK id=586b302a-7a69-44f2-baa8-835418d170cf file=silencio-roto_586b302a_Silencio_Roto.jpeg size=17057
2026-08-15 09:02:04 INFO OK id=fb2ad2f4-8afd-4f47-9a96-c5d90d197db3 file=hagamos-el-esfuerzo-de-hablar_fb2ad2f4_Hagamos_el_esfuerzo_de_hablar.jpeg size=10427
2026-08-15 09:02:04 INFO OK id=63c85704-ad1d-4908-a022-f43cbb5696cd file=hagamos-el-esfuerzo-de-hablar_63c85704_Hagamos_el_esfuerzo_de_hablar.jpeg size=8577
2026-08-15 09:02:04 INFO OK id=980e6ac1-89f0-421e-a982-2adaa04059be file=hagamos-el-esfuerzo-de-hablar_980e6ac1_Hagamos_el_esfuerzo_de_hablar.jpeg size=16392
2026-08-15 09:02:04 INFO OK id=86839b96-1e7d-402b-bf5e-a5b189b3d722 file=hagamos-el-esfuerzo-de-hablar_86839b96_Hagamos_el_esfuerzo_de_hablar.jpeg size=18391
2026-08-15 09:02:04 INFO OK id=dd7cdc94-a913-4adb-8cab-8b1fe99e189b file=mexican-folk_dd7cdc94_Mexican_folk.jpeg size=17277
2026-08-15 09:02:04 INFO OK id=094afc6d-c653-4d16-8589-c68bf39c5e56 file=mexican-folk_094afc6d_Mexican_folk.jpeg size=13542
2026-08-15 09:02:04 INFO OK id=791e5dd8-17ca-49c3-a2f5-39db75ad569c file=futurista-jazz_791e5dd8_Futurista_Jazz.jpeg size=15101
2026-08-15 09:02:04 INFO OK id=cf449513-da46-400b-b6b9-024fddc618ab file=futurista-jazz_cf449513_Futurista_Jazz.jpeg size=16506
2026-08-15 09:02:04 INFO OK id=65713139-7afb-4f35-8eff-e00550496f67 file=hagamos-el-esfuerzo-de-hablar_65713139_Hagamos_el_esfuerzo_de_hablar.jpeg size=12274
2026-08-15 09:02:04 INFO OK id=7eedade6-352a-49a5-87bd-3e94c8490fce file=hagamos-el-esfuerzo-de-hablar_7eedade6_Hagamos_el_esfuerzo_de_hablar.jpeg size=11135
2026-08-15 09:02:05 INFO OK id=5c05620f-9cd2-4446-a5a7-e99c76b81cb0 file=hagamos-el-esfuerzo-de-hablar_5c05620f_Hagamos_el_esfuerzo_de_hablar.jpeg size=18547
2026-08-15 09:02:05 INFO OK id=c15914b2-009f-481c-83ee-9c3408b3fde1 file=hagamos-el-esfuerzo-de-hablar_c15914b2_Hagamos_el_esfuerzo_de_hablar.jpeg size=14939
2026-08-15 09:02:05 INFO OK id=4288b8fd-698f-497b-98bf-d51444d3af1c file=distort_4288b8fd_Distort.jpeg size=19031
2026-08-15 09:02:05 INFO OK id=e8ee0cff-2530-4bfb-9da6-4c93ac315a1e file=distort_e8ee0cff_Distort.jpeg size=19983
2026-08-15 09:02:05 INFO OK id=4a713c8c-7dfa-4b5e-a066-4604ed7dff3f file=distort_4a713c8c_Distort.jpeg size=13904
2026-08-15 09:02:05 INFO OK id=6c89ba1d-dc25-42e0-97c9-4316eff776d2 file=distort_6c89ba1d_Distort.jpeg size=14516
2026-08-15 09:02:05 INFO OK id=dd82298c-a30b-4ce2-901b-2a24e00cd7c0 file=se-me-fue-la-senal_dd82298c_Se_me_fue_la_señal.jpeg size=12198
2026-08-15 09:02:05 INFO OK id=22b90cd9-d57f-46bc-87d5-9b41653c6e9b file=paper-cup-moon_22b90cd9_Paper_Cup_Moon.jpeg size=11901
2026-08-15 09:02:05 INFO OK id=a76c8dca-764d-430e-be15-49b933c0e2e8 file=paper-cup-moon_a76c8dca_Paper_Cup_Moon.jpeg size=11348
2026-08-15 09:02:05 INFO OK id=e49208ba-d805-4126-b8f3-631ec5984184 file=record20260707191040-3gpp-3ga_e49208ba_record20260707191040.3gpp.3ga.jpeg size=12630
2026-08-15 09:02:05 INFO OK id=758b6242-d70d-467c-844b-9d8bba088434 file=y-vio-el-mar-instrumental_758b6242_Y_vio_el_mar_(Instrumental).jpeg size=19770
2026-08-15 09:02:05 INFO OK id=a01d3df9-3fd1-4ea5-a996-b80ff09fb556 file=y-vio-el-mar-instrumental_a01d3df9_Y_vio_el_mar_(Instrumental).jpeg size=8339
2026-08-15 09:02:05 INFO OK id=088c973d-6b9c-42b5-a170-1bee8b24c343 file=y-vio-el-mar-instrumental_088c973d_Y_vio_el_mar_(Instrumental).jpeg size=8931
2026-08-15 09:02:05 INFO OK id=964cc4cf-8f6f-42ed-a6c3-ce130f77e84f file=mi-dulce-marie-instrumental_964cc4cf_Mi_dulce_Marie_(instrumental).jpeg size=18087
2026-08-15 09:02:05 INFO OK id=f9232198-5045-4042-8631-705b3fe46591 file=futurista-jazz_f9232198_Futurista_Jazz.jpeg size=12083
2026-08-15 09:02:05 INFO OK id=c51a72dd-3796-4854-afdc-9f76b52e751a file=futurista-jazz_c51a72dd_Futurista_Jazz.jpeg size=12052
2026-08-15 09:02:05 INFO OK id=5dfa6c8c-14f7-4058-8c97-683bc88ff50c file=la-carrera-de-la-rata-remix-remix_5dfa6c8c_La_carrera_de_la_rata_(Remix)_(Remix).jpeg size=8541
2026-08-15 09:02:05 INFO OK id=0c5e0c37-e9b2-45fe-b841-d35af5a4d374 file=la-carrera-de-la-rata_0c5e0c37_La_carrera_de_la_rata.jpeg size=9776
2026-08-15 09:02:05 INFO OK id=e4f43fa0-d2fc-4d90-b03d-fd819b827808 file=la-carrera-de-la-rata-remix_e4f43fa0_La_carrera_de_la_rata_(Remix).jpeg size=16445
2026-08-15 09:02:05 INFO OK id=e6c21097-47c3-4098-8eb6-c2e82649fb60 file=la-carrera-de-la-rata-remix_e6c21097_La_carrera_de_la_rata_(Remix).jpeg size=17038
2026-08-15 09:02:06 INFO OK id=904401f7-9e14-4d34-bd37-957a418b6411 file=la-carrera-de-la-rata-remix_904401f7_La_carrera_de_la_rata_(Remix).jpeg size=8190
2026-08-15 09:02:06 INFO OK id=f0f6ce94-4fc4-4099-b2eb-cfcf7c99b421 file=la-carrera-de-la-rata-remix_f0f6ce94_La_carrera_de_la_rata_(Remix).jpeg size=8347
2026-08-15 09:02:06 INFO OK id=9e2017e3-38b3-4fdb-b150-7bc91562ec24 file=la-carrera-de-la-rata-remix_9e2017e3_La_carrera_de_la_rata_(Remix).jpeg size=12338
2026-08-15 09:02:06 INFO OK id=6e9d53a1-2a08-4938-b9f5-82cda5e2cd51 file=la-carrera-de-la-rata-remix_6e9d53a1_La_carrera_de_la_rata_(Remix).jpeg size=13232
2026-08-15 09:02:06 INFO OK id=e0a3504f-0316-4d7c-bec1-76f9b0af17dc file=la-carrera-de-la-rata-remix_e0a3504f_La_carrera_de_la_rata_(Remix).jpeg size=15938
2026-08-15 09:02:06 INFO OK id=2bf2b7ef-a6c1-49e4-8336-a5a951bcc252 file=la-carrera-de-la-rata-remix_2bf2b7ef_La_carrera_de_la_rata_(Remix).jpeg size=14725
2026-08-15 09:02:06 INFO OK id=7420e6f2-0943-4a19-8908-068f6436fa9a file=la-carrera-de-la-rata-remix_7420e6f2_La_carrera_de_la_rata_(Remix).jpeg size=13117
2026-08-15 09:02:06 INFO OK id=ce6c2bb2-7605-4b58-8be1-4335d3808eaf file=la-carrera-de-la-rata-remix_ce6c2bb2_La_carrera_de_la_rata_(Remix).jpeg size=12549
2026-08-15 09:02:06 INFO OK id=f864a5b8-4fac-40f9-953f-7f2efe30a03f file=la-carrera-de-la-rata_f864a5b8_La_carrera_de_la_rata_.jpeg size=10478
2026-08-15 09:02:06 INFO OK id=e4b833eb-cb54-4db6-a06c-db36205dc5cd file=la-carrera-de-la-rata_e4b833eb_La_carrera_de_la_rata_.jpeg size=13227
2026-08-15 09:02:06 INFO OK id=8deebbc9-a307-4a12-be02-c01e3b83aedb file=la-carrera-de-la-rata_8deebbc9_La_carrera_de_la_rata_.jpeg size=15458
2026-08-15 09:02:06 INFO OK id=b32bf683-70bb-438f-ae0a-4aad9582ff98 file=la-carrera-de-la-rata_b32bf683_La_carrera_de_la_rata_.jpeg size=16336
2026-08-15 09:02:06 INFO OK id=87d8e85e-5b5f-4300-baac-3d3a1c8b1aa1 file=la-carrera-de-la-rata_87d8e85e_La_carrera_de_la_rata_.jpeg size=12482
2026-08-15 09:02:06 INFO OK id=252478ea-d047-41a6-9140-debc4e9fa1d3 file=la-carrera-de-la-rata_252478ea_La_carrera_de_la_rata_.jpeg size=15839
2026-08-15 09:02:06 INFO OK id=f808609c-0986-4c2c-a39b-c642acead1d7 file=la-carrera-de-la-rata_f808609c_La_carrera_de_la_rata_.jpeg size=8836
2026-08-15 09:02:06 INFO OK id=90e7377c-3554-4752-82af-b8a836c3939a file=la-carrera-de-la-rata_90e7377c_La_carrera_de_la_rata_.jpeg size=11776
2026-08-15 09:02:06 INFO OK id=28c08565-c13f-4803-8c38-b4e793f83095 file=la-carrera-de-la-rata_28c08565_La_carrera_de_la_rata_.jpeg size=9370
2026-08-15 09:02:06 INFO OK id=0e7bb96c-0bc4-4cdc-bd97-36869d7f0f32 file=la-carrera-de-la-rata_0e7bb96c_La_carrera_de_la_rata_.jpeg size=8419
2026-08-15 09:02:06 INFO OK id=ece50999-eeeb-4b46-8c33-e982600ab271 file=la-carrera-de-la-rata_ece50999_La_carrera_de_la_rata_.jpeg size=8491
2026-08-15 09:02:07 INFO OK id=223f61a2-467c-48e4-a11d-61c79d6442d3 file=la-carrera-de-la-rata_223f61a2_La_carrera_de_la_rata_.jpeg size=16685
2026-08-15 09:02:07 INFO OK id=95d4d2d1-5b63-483a-a502-30491811cec9 file=la-carrera-de-la-rata_95d4d2d1_La_carrera_de_la_rata_.jpeg size=16619
2026-08-15 09:02:07 INFO OK id=b7e5024f-47b1-4222-bfcd-d580a84b21fc file=whatevermore13-6s-grabacion-5-jul-16-10-remix_b7e5024f_whatevermore13.6s_Grabación_(5_jul_@_1610)_(Remix).jpeg size=11715
2026-08-15 09:02:07 INFO OK id=0b50ecd8-58e6-43b8-bbcf-58af79246e88 file=whatevermore13-6s-grabacion-5-jul-16-10-remix_0b50ecd8_whatevermore13.6s_Grabación_(5_jul_@_1610)_(Remix).jpeg size=9994
2026-08-15 09:02:07 INFO OK id=767ecfa4-ed0d-4156-a77c-f5defe4305c9 file=whatevermore13-6s-grabacion-5-jul-16-10-remix_767ecfa4_whatevermore13.6s_Grabación_(5_jul_@_1610)_(Remix).jpeg size=6499
2026-08-15 09:02:07 INFO OK id=7a79e6ad-9a56-47f7-820c-cf3fdaf9061b file=whatevermore13-6s-grabacion-5-jul-16-10-remix_7a79e6ad_whatevermore13.6s_Grabación_(5_jul_@_1610)_(Remix).jpeg size=7207
2026-08-15 09:02:07 INFO OK id=c31770bf-fcbd-4b73-8ebe-69cca8558e07 file=whatevermore13-6s-grabacion-5-jul-16-10-remix_c31770bf_whatevermore13.6s_Grabación_(5_jul_@_1610)_(Remix).jpeg size=4113
2026-08-15 09:02:07 INFO OK id=8977dbbe-d088-452b-8808-50ba8f40df8b file=whatevermore13-6s-grabacion-5-jul-16-10-remix_8977dbbe_whatevermore13.6s_Grabación_(5_jul_@_1610)_(Remix).jpeg size=4053
2026-08-15 09:02:07 INFO OK id=b7a530c9-f530-4419-966a-6ceac096bf29 file=whatevermore13-6s-grabacion-5-jul-16-10-remix_b7a530c9_whatevermore13.6s_Grabación_(5_jul_@_1610)_(Remix).jpeg size=8454
2026-08-15 09:02:07 INFO OK id=455d6470-2f3f-4342-a118-05c3d16dfa8c file=whatevermore13-6s-grabacion-5-jul-16-10-remix_455d6470_whatevermore13.6s_Grabación_(5_jul_@_1610)_(Remix).jpeg size=8080
2026-08-15 09:02:07 INFO OK id=cb19549d-cf3e-4835-8219-c835b5b85a15 file=la-carrera-de-la-rata_cb19549d_La_carrera_de_la_rata_.jpeg size=8966
2026-08-15 09:02:07 INFO OK id=fb49f271-8285-44a1-bf92-eb91959225ae file=la-carrera-de-la-rata_fb49f271_La_carrera_de_la_rata_.jpeg size=11609
2026-08-15 09:02:07 INFO OK id=09b25d85-a4fa-41e4-b5f2-628ceb226dee file=la-carrera-de-la-rata_09b25d85_La_carrera_de_la_rata_.jpeg size=11308
2026-08-15 09:02:07 INFO OK id=f425296d-f4b1-420d-b1ca-58a8efb7a1b4 file=la-carrera-de-la-rata_f425296d_La_carrera_de_la_rata_.jpeg size=11882
2026-08-15 09:02:07 INFO OK id=f592d9f0-3b1b-4642-9cc6-bd813b330e1a file=whatevermore13-6s-grabacion-5-jul-16-10-remix_f592d9f0_whatevermore13.6s_Grabación_(5_jul_@_1610)_(Remix).jpeg size=12703
2026-08-15 09:02:07 INFO OK id=32c4226c-c363-4e21-938d-384f3debaaaf file=whatevermore13-6s-grabacion-5-jul-16-10-remix_32c4226c_whatevermore13.6s_Grabación_(5_jul_@_1610)_(Remix).jpeg size=10738
2026-08-15 09:02:07 INFO OK id=32de86dd-c76a-46ac-892e-9ec1057d953c file=13-6s-grabacion-5-jul-16-10_32de86dd_13.6s_Grabación_(5_jul_@_1610).jpeg size=18349
2026-08-15 09:02:07 INFO OK id=6bb832d5-fba4-480e-a4e9-0d7a698a9076 file=los-postes-de-la-calle-central_6bb832d5_Los_postes_de_la_calle_central.jpeg size=18519
2026-08-15 09:02:07 INFO OK id=45fc25d4-16ae-4554-a349-4d752816e185 file=los-postes-de-la-calle-central_45fc25d4_Los_postes_de_la_calle_central.jpeg size=17847
2026-08-15 09:02:07 INFO OK id=257bcb40-bb99-425a-9476-86663c7fd466 file=los-postes-de-la-calle-central_257bcb40_Los_postes_de_la_calle_central_.jpeg size=18966
2026-08-15 09:02:08 INFO OK id=efdbaad5-4180-406d-ba34-485e7b94b93c file=los-postes-de-la-calle-central_efdbaad5_Los_postes_de_la_calle_central_.jpeg size=16499
2026-08-15 09:02:08 INFO OK id=22369eea-4cd4-4877-854d-60b63cf11609 file=disfrazado-de-traje-y-corbata-remix_22369eea_Disfrazado_de_traje_y_corbata_(Remix).jpeg size=17665
2026-08-15 09:02:08 INFO OK id=06503961-1263-4fdd-bc88-f2066b9099c1 file=disfrazado-de-traje-y-corbata-remix_06503961_Disfrazado_de_traje_y_corbata_(Remix).jpeg size=19499
2026-08-15 09:02:08 INFO OK id=ad1db73d-3f6e-4383-98db-8409fc1a77a2 file=disfrazado-de-traje-y-corbata_ad1db73d_Disfrazado_de_traje_y_corbata.jpeg size=16937
2026-08-15 09:02:08 INFO OK id=6663eef3-0c45-4f51-8655-cd12bc8821e0 file=disfrazado-de-traje-y-corbata_6663eef3_Disfrazado_de_traje_y_corbata.jpeg size=16077
2026-08-15 09:02:08 INFO OK id=0dbd2655-9f28-4a36-a881-80d2d63bbf88 file=refinada-y-fina_0dbd2655_Refinada_y_Fina.jpeg size=6410
2026-08-15 09:02:08 INFO OK id=119d0e02-93c1-4c79-96ec-20327e390e11 file=refinada-y-fina_119d0e02_Refinada_y_Fina.jpeg size=6116
2026-08-15 09:02:08 INFO OK id=9efd1fc1-a1c9-48d2-be26-d293d198c366 file=la-sencillez-remix_9efd1fc1_La_Sencillez_(Remix).jpeg size=9385
2026-08-15 09:02:08 INFO OK id=3d689ce8-bf59-4664-9418-26b891d25e8d file=la-sencillez-remix_3d689ce8_La_Sencillez_(Remix).jpeg size=9397
2026-08-15 09:02:08 INFO OK id=207f8725-500b-47ec-92f5-8bc5025f360d file=la-sencillez_207f8725_La_Sencillez.jpeg size=13082
2026-08-15 09:02:08 INFO OK id=5b8c2124-87f6-4e01-b5c8-41f4004cc280 file=la-sencillez_5b8c2124_La_Sencillez.jpeg size=12816
2026-08-15 09:02:08 INFO OK id=8e5eddc6-3246-49d1-9f61-a2ecce7cc2ea file=la-sencillez_8e5eddc6_La_Sencillez.jpeg size=18323
2026-08-15 09:02:08 INFO OK id=2d915f0b-cd55-4a6f-b985-4ad99d0bc920 file=la-sencillez_2d915f0b_La_Sencillez.jpeg size=17626
2026-08-15 09:02:08 INFO OK id=089c5710-cf94-4795-8cf9-c4b8479c2461 file=la-sencillez_089c5710_La_Sencillez.jpeg size=11950
2026-08-15 09:02:08 INFO OK id=3d6bb7dc-2289-40fb-b721-b761809c2aa9 file=la-sencillez_3d6bb7dc_La_Sencillez.jpeg size=12754
2026-08-15 09:02:08 INFO OK id=fa11b102-7d4e-4ae7-bbe6-afb6f659e279 file=buscame-en-tus-suenos_fa11b102_Búscame_en_tus_sueños_.jpeg size=10919
2026-08-15 09:02:08 INFO OK id=bd743f09-2e12-49af-b431-e83c7cebec02 file=buscame-en-tus-suenos-remix_bd743f09_Búscame_en_tus_sueños_(Remix).jpeg size=10875
2026-08-15 09:02:08 INFO OK id=d975dd35-c281-4084-a3de-3f675ba2e432 file=buscame-en-tus-suenos_d975dd35_Búscame_en_tus_sueños_.jpeg size=6784
2026-08-15 09:02:08 INFO OK id=fdd0e344-82d1-43a0-889d-902ec1b9e96b file=buscame-en-tus-suenos_fdd0e344_Búscame_en_tus_sueños_.jpeg size=5782
2026-08-15 09:02:08 INFO OK id=b1582ab8-63d3-4f60-ab80-393513f85306 file=no-te-acerques_b1582ab8_No_te_acerques.jpeg size=8726
2026-08-15 09:02:09 INFO OK id=e178ba40-8c90-40b4-b846-faf757603f3e file=no-te-acerques_e178ba40_No_te_acerques.jpeg size=9812
2026-08-15 09:02:09 INFO OK id=e53f9cd6-f2b6-4071-82c6-d6c2dbc28a2b file=ya-no-tienes-a-tu-esclava-without-piano-without-no-piano_e53f9cd6_Ya_no_tienes_a_tu_esclava_(Without_Piano)_(Without_No_Piano).jpeg size=13100
2026-08-15 09:02:09 INFO OK id=f8edccd5-a193-4fdb-b46e-983b94c9a082 file=ya-no-tienes-a-tu-esclava-piano_f8edccd5_Ya_no_tienes_a_tu_esclava_(Piano).jpeg size=13100
2026-08-15 09:02:09 INFO OK id=1ff34455-6624-46ef-82a2-6970f25a2db6 file=ya-no-tienes-a-tu-esclava-without-piano-without-no-piano_1ff34455_Ya_no_tienes_a_tu_esclava_(Without_Piano)_(Without_No_Piano).jpeg size=13100
2026-08-15 09:02:09 INFO OK id=d68c3c66-72fd-4877-b6b1-1437e9482f67 file=ya-no-tienes-a-tu-esclava-piano_d68c3c66_Ya_no_tienes_a_tu_esclava_(Piano).jpeg size=13100
2026-08-15 09:02:09 INFO OK id=895e43fe-6bc3-4ea5-93e3-12f8f450422d file=ya-no-tienes-a-tu-esclava-woodwinds_895e43fe_Ya_no_tienes_a_tu_esclava_(Woodwinds).jpeg size=13100
2026-08-15 09:02:09 INFO OK id=1109fbdf-fde7-446f-80b6-1f4731108c44 file=ya-no-tienes-a-tu-esclava-brass_1109fbdf_Ya_no_tienes_a_tu_esclava_(Brass).jpeg size=13100
2026-08-15 09:02:09 INFO OK id=963087df-4d32-406c-a5d4-7a23df09caec file=ya-no-tienes-a-tu-esclava-fx_963087df_Ya_no_tienes_a_tu_esclava_(FX).jpeg size=13100
2026-08-15 09:02:09 INFO OK id=6fffb8a1-58ef-4210-b13f-b585b98625f0 file=ya-no-tienes-a-tu-esclava-synth_6fffb8a1_Ya_no_tienes_a_tu_esclava_(Synth).jpeg size=13100
2026-08-15 09:02:09 INFO OK id=98683467-ed12-486b-ab17-da9c432573ff file=ya-no-tienes-a-tu-esclava-strings_98683467_Ya_no_tienes_a_tu_esclava_(Strings).jpeg size=13100
2026-08-15 09:02:09 INFO OK id=c0e820dd-ae65-4052-8152-a3d7a20d19aa file=ya-no-tienes-a-tu-esclava-percussion_c0e820dd_Ya_no_tienes_a_tu_esclava_(Percussion).jpeg size=13100
2026-08-15 09:02:09 INFO OK id=8945e89c-3f95-4b0f-a0a9-c9a9317f47cb file=ya-no-tienes-a-tu-esclava-keyboard_8945e89c_Ya_no_tienes_a_tu_esclava_(Keyboard).jpeg size=13100
2026-08-15 09:02:09 INFO OK id=093e5f11-19aa-4837-a6ed-cfc263c03933 file=ya-no-tienes-a-tu-esclava-guitar_093e5f11_Ya_no_tienes_a_tu_esclava_(Guitar).jpeg size=13100
2026-08-15 09:02:09 INFO OK id=cc4647fe-3e53-419d-bf57-c469c2160588 file=ya-no-tienes-a-tu-esclava-bass_cc4647fe_Ya_no_tienes_a_tu_esclava_(Bass).jpeg size=13100
2026-08-15 09:02:09 INFO OK id=e8a5a1d5-4997-4702-bd67-1c8142d110df file=ya-no-tienes-a-tu-esclava-drums_e8a5a1d5_Ya_no_tienes_a_tu_esclava_(Drums).jpeg size=13100
2026-08-15 09:02:09 INFO OK id=3bc7c24d-b7ac-4036-be9b-ee894b9d9a10 file=ya-no-tienes-a-tu-esclava-backing-vocals_3bc7c24d_Ya_no_tienes_a_tu_esclava_(Backing_Vocals).jpeg size=13100
2026-08-15 09:02:09 INFO OK id=2fae21ea-55cc-4261-9cb5-cc80f90d6ff8 file=ya-no-tienes-a-tu-esclava-vocals_2fae21ea_Ya_no_tienes_a_tu_esclava_(Vocals).jpeg size=13100
2026-08-15 09:02:09 INFO OK id=3f378fd2-8708-4194-a6a4-d40630815ecf file=ya-no-tienes-a-tu-esclava-woodwinds_3f378fd2_Ya_no_tienes_a_tu_esclava_(Woodwinds).jpeg size=13100
2026-08-15 09:02:09 INFO OK id=29f1b25f-4a7a-43ce-ab20-a9206fc8a5c7 file=ya-no-tienes-a-tu-esclava-brass_29f1b25f_Ya_no_tienes_a_tu_esclava_(Brass).jpeg size=13100
2026-08-15 09:02:10 INFO OK id=549e4fe1-5507-4969-b524-08026d3c0041 file=ya-no-tienes-a-tu-esclava-fx_549e4fe1_Ya_no_tienes_a_tu_esclava_(FX).jpeg size=13100
2026-08-15 09:02:10 INFO OK id=850e7304-19a8-4ca8-8b03-7336c449742f file=ya-no-tienes-a-tu-esclava-synth_850e7304_Ya_no_tienes_a_tu_esclava_(Synth).jpeg size=13100
2026-08-15 09:02:10 INFO OK id=43c525be-5bac-4701-b30a-2a94787cdf63 file=ya-no-tienes-a-tu-esclava-strings_43c525be_Ya_no_tienes_a_tu_esclava_(Strings).jpeg size=13100
2026-08-15 09:02:10 INFO OK id=235a0bda-3317-4f9d-88cb-3a85a0b68d50 file=ya-no-tienes-a-tu-esclava-percussion_235a0bda_Ya_no_tienes_a_tu_esclava_(Percussion).jpeg size=13100
2026-08-15 09:02:10 INFO OK id=2299c463-09a5-470d-8c7d-1052f101790f file=ya-no-tienes-a-tu-esclava-keyboard_2299c463_Ya_no_tienes_a_tu_esclava_(Keyboard).jpeg size=13100
2026-08-15 09:02:10 INFO OK id=b692e51b-19d5-4340-98c0-407c2dc11d32 file=ya-no-tienes-a-tu-esclava-guitar_b692e51b_Ya_no_tienes_a_tu_esclava_(Guitar).jpeg size=13100
2026-08-15 09:02:10 INFO OK id=90469a49-7b65-45b3-b44b-ceb151044375 file=ya-no-tienes-a-tu-esclava-bass_90469a49_Ya_no_tienes_a_tu_esclava_(Bass).jpeg size=13100
2026-08-15 09:02:10 INFO OK id=e0c056d7-4ae1-4f76-bfea-37f121a55af0 file=ya-no-tienes-a-tu-esclava-drums_e0c056d7_Ya_no_tienes_a_tu_esclava_(Drums).jpeg size=13100
2026-08-15 09:02:10 INFO OK id=e8eecf6a-1a3f-4c8f-8cf3-a39308f2439f file=ya-no-tienes-a-tu-esclava-backing-vocals_e8eecf6a_Ya_no_tienes_a_tu_esclava_(Backing_Vocals).jpeg size=13100
2026-08-15 09:02:10 INFO OK id=9b562884-1616-400f-a373-aa19e1ce55fe file=ya-no-tienes-a-tu-esclava-vocals_9b562884_Ya_no_tienes_a_tu_esclava_(Vocals).jpeg size=13100
2026-08-15 09:02:10 INFO OK id=da0ad6d1-1181-4120-b897-d513a5d4e24d file=ya-no-tienes-a-tu-esclava_da0ad6d1_Ya_no_tienes_a_tu_esclava.jpeg size=12805
2026-08-15 09:02:10 INFO OK id=d53bdc79-8ce6-403f-871c-1831670b7081 file=ya-no-tienes-a-tu-esclava-remix_d53bdc79_Ya_no_tienes_a_tu_esclava_(Remix).jpeg size=13958
2026-08-15 09:02:10 INFO OK id=da6a4295-8c43-434f-b5f4-de5b93887209 file=ya-no-tienes-a-tu-esclava_da6a4295_Ya_no_tienes_a_tu_esclava_.jpeg size=12134
2026-08-15 09:02:10 INFO OK id=63642949-89dd-4bcb-8b35-a8c340c81942 file=ya-no-tienes-a-tu-esclava_63642949_Ya_no_tienes_a_tu_esclava_.jpeg size=12967
2026-08-15 09:02:10 INFO OK id=fbfdcff6-92c6-4611-9623-680fe14aeadb file=ya-no-tienes-a-tu-esclava_fbfdcff6_Ya_no_tienes_a_tu_esclava_.jpeg size=15092
2026-08-15 09:02:10 INFO OK id=78b60a41-ad50-4a31-a92c-480e3ca07b8b file=ya-no-tienes-a-tu-esclava_78b60a41_Ya_no_tienes_a_tu_esclava_.jpeg size=14654
2026-08-15 09:02:10 INFO OK id=097974a1-ed54-4375-80e6-9f27257dbd56 file=ya-no-tienes-a-tu-esclava_097974a1_Ya_no_tienes_a_tu_esclava_.jpeg size=12676
2026-08-15 09:02:10 INFO OK id=c6fae240-42e3-4121-9293-151e716068f8 file=ya-no-tienes-a-tu-esclava_c6fae240_Ya_no_tienes_a_tu_esclava_.jpeg size=11768
2026-08-15 09:02:10 INFO OK id=e805b7c8-dc68-45c4-9bde-03ecd18981f7 file=ya-no-tienes-a-tu-esclava_e805b7c8_Ya_no_tienes_a_tu_esclava_.jpeg size=9608
2026-08-15 09:02:10 INFO OK id=7ece43fc-cf1a-4cac-9d37-9bc7ff8f1c56 file=sweet-pal-guitar-remix_7ece43fc_sweet_pal_guitar_(Remix).jpeg size=13171
2026-08-15 09:02:11 INFO OK id=95e10a22-836a-4ee3-bc8d-73731db088c2 file=sweet-pal-guitar_95e10a22_sweet_pal_guitar_.jpeg size=19278
2026-08-15 09:02:11 INFO OK id=7fc28ac2-d813-44af-b4d9-686e74d1cdb8 file=sweet-pal-guitar_7fc28ac2_sweet_pal_guitar_.jpeg size=19038
2026-08-15 09:02:11 INFO OK id=63d28932-d2b1-40eb-85d2-d1dfa6c6069a file=11-7s-grabacion-2-jul-07-11_63d28932_11.7s_Grabación_(2_jul_@_0711).jpeg size=24483
2026-08-15 09:02:11 INFO OK id=b6ea7419-22ab-4b4f-aabd-17574c2c1b91 file=ya-no-tienes-a-tu-esclava_b6ea7419_Ya_no_tienes_a_tu_esclava_.jpeg size=10437
2026-08-15 09:02:11 INFO OK id=bc766cef-3b33-433c-98e9-7cd2a03047b0 file=ya-no-tienes-a-tu-esclava_bc766cef_Ya_no_tienes_a_tu_esclava_.jpeg size=12502
2026-08-15 09:02:11 INFO OK id=a65b68a4-1842-4ada-9daf-fcaa73d50c28 file=ya-no-tienes-a-tu-esclava_a65b68a4_Ya_no_tienes_a_tu_esclava_.jpeg size=15751
2026-08-15 09:02:11 INFO OK id=ac8f018e-ba5a-4b19-8db2-dce41a661887 file=ya-no-tienes-a-tu-esclava_ac8f018e_Ya_no_tienes_a_tu_esclava_.jpeg size=15506
2026-08-15 09:02:11 INFO OK id=4fb4d65f-f394-4c07-80f3-97c05ea7b949 file=ya-no-tienes-a-tu-esclava_4fb4d65f_Ya_no_tienes_a_tu_esclava_.jpeg size=13180
2026-08-15 09:02:11 INFO OK id=cba235b2-06bc-44ea-98c9-6ac776d8e625 file=ya-no-tienes-a-tu-esclava_cba235b2_Ya_no_tienes_a_tu_esclava_.jpeg size=12972
2026-08-15 09:02:11 INFO OK id=458b21e1-8a2f-4b76-ac05-bd77b1a5e01c file=ya-no-tienes-a-tu-esclava_458b21e1_Ya_no_tienes_a_tu_esclava_.jpeg size=8364
2026-08-15 09:02:11 INFO OK id=affb4740-c955-4d2f-8f07-75b61d1ec73a file=ya-no-tienes-a-tu-esclava_affb4740_Ya_no_tienes_a_tu_esclava_.jpeg size=13860
2026-08-15 09:02:11 INFO OK id=c649b774-9b49-4bed-9b04-05d54fc5a414 file=ya-no-tienes-a-tu-esclava_c649b774_Ya_no_tienes_a_tu_esclava_.jpeg size=13473
2026-08-15 09:02:11 INFO OK id=8232fdfe-6f0a-4ed7-8530-e8bf7ff318a9 file=ya-no-tienes-a-tu-esclava_8232fdfe_Ya_no_tienes_a_tu_esclava_.jpeg size=16241
2026-08-15 09:02:11 INFO OK id=145ea29b-9967-4e67-8942-8a77b9d43a94 file=ya-no-tienes-a-tu-esclava_145ea29b_Ya_no_tienes_a_tu_esclava_.jpeg size=15936
2026-08-15 09:02:11 INFO OK id=c2eebfee-2c20-4b17-ab6f-42e18ad2bfb1 file=ya-no-tienes-a-tu-esclava_c2eebfee_Ya_no_tienes_a_tu_esclava_.jpeg size=11093
2026-08-15 09:02:11 INFO OK id=e05da324-a6ba-43ce-97c7-51579e740dcc file=ya-no-tienes-a-tu-esclava_e05da324_Ya_no_tienes_a_tu_esclava_.jpeg size=11829
2026-08-15 09:02:11 INFO OK id=bedeac25-0589-4de1-85f0-9531e5cf9650 file=ya-no-tienes-a-tu-esclava_bedeac25_Ya_no_tienes_a_tu_esclava_.jpeg size=11978
2026-08-15 09:02:11 INFO OK id=dfda312f-b381-438b-a6c2-08d677cf440e file=mordisco_dfda312f_mordisco_.jpeg size=11650
2026-08-15 09:02:11 INFO OK id=fc00f9af-2c28-4026-b714-994dd6ec8307 file=mordisco_fc00f9af_mordisco_.jpeg size=8877
2026-08-15 09:02:11 INFO OK id=2eb998da-da25-41cb-ad6d-680ab6c6ddee file=mordida-mordida_2eb998da_Mordida_mordida_.jpeg size=18437
2026-08-15 09:02:12 INFO OK id=5790b64c-cada-44e7-ba7b-f839b18daaa2 file=mordida-de-pina_5790b64c_Mordida_de_Piña.jpeg size=18037
2026-08-15 09:02:12 INFO OK id=d6a10b7a-12a7-40a8-9730-3c881eb7b5d8 file=pisando-granizo_d6a10b7a_Pisando_granizo.jpeg size=18771
2026-08-15 09:02:12 INFO OK id=b6f1af8c-7d1c-454c-b78f-025179692fb2 file=pisando-granizo_b6f1af8c_Pisando_granizo.jpeg size=18396
2026-08-15 09:02:12 INFO OK id=1426458d-7a5a-4635-815e-cd3857a1fba2 file=pisando-granizo_1426458d_Pisando_granizo.jpeg size=17190
2026-08-15 09:02:12 INFO OK id=fbdc0304-c4da-4097-a3ca-45b9fa0b7b83 file=pisando-granizo_fbdc0304_Pisando_granizo.jpeg size=11585
2026-08-15 09:02:12 INFO OK id=e2d6141a-e5d0-4013-8457-319874c2d02d file=pisando-granizo_e2d6141a_Pisando_granizo.jpeg size=11845
2026-08-15 09:02:12 INFO OK id=75385ac0-d2d1-4544-bc16-b2614e2b4177 file=pisando-granizo_75385ac0_Pisando_granizo.jpeg size=16732
2026-08-15 09:02:12 INFO OK id=3dbd1ace-fef8-49b3-8bd0-930d8776d6b2 file=pisando-granizo_3dbd1ace_Pisando_granizo.jpeg size=17486
2026-08-15 09:02:12 INFO OK id=460ef78a-d603-4285-a707-f2c8fdb2b596 file=pisando-granizo_460ef78a_Pisando_granizo.jpeg size=13560
2026-08-15 09:02:12 INFO OK id=aaf99104-920f-46fc-932e-de94e6f63ae3 file=pisando-granizo_aaf99104_Pisando_granizo.jpeg size=15366
2026-08-15 09:02:12 INFO OK id=674da873-62a0-4fc6-8768-8f6a3dec1679 file=pisando-granizo_674da873_Pisando_granizo.jpeg size=15086
2026-08-15 09:02:12 INFO OK id=f233a366-d3a9-4766-a721-7dea94ebbb1b file=pisando-granizo_f233a366_Pisando_granizo.jpeg size=16461
2026-08-15 09:02:12 INFO OK id=f14b07c1-06b9-4175-99f9-75a1c1ea5ed6 file=pisando-granizo_f14b07c1_Pisando_granizo.jpeg size=15783
2026-08-15 09:02:12 INFO OK id=71d2069f-df20-41e3-9836-95339359b0aa file=pisando-granizo_71d2069f_Pisando_granizo.jpeg size=16542
2026-08-15 09:02:12 INFO OK id=4af873af-43d9-4371-ac08-a72041e4c9ce file=pisando-granizo_4af873af_Pisando_granizo.jpeg size=12441
2026-08-15 09:02:12 INFO OK id=7a443e42-d84d-4ecd-aac2-8d78d609b3d2 file=pisando-granizo_7a443e42_Pisando_granizo.jpeg size=14559
2026-08-15 09:02:12 INFO OK id=e0b1dab1-2528-446a-9c0b-ea3e0f370ad5 file=128-3s-recording-jun-30-6-53-pm_e0b1dab1_128.3s_Recording_(Jun_30_@_653_PM).jpeg size=14560
2026-08-15 09:02:12 INFO OK id=bd19b08f-7822-4c42-92b9-c0cf840b22f5 file=encrucijada-remix-remix_bd19b08f_encrucijada_(Remix)_(Remix).jpeg size=7329
2026-08-15 09:02:12 INFO OK id=92b1b82c-111c-4e66-ac0a-b94d3ddd3743 file=tambien-estuve-a-punto_92b1b82c_También_estuve_a_punto.jpeg size=6168
2026-08-15 09:02:12 INFO OK id=f52e542e-d848-451d-88f5-a886ba899fda file=encrucijada-remix_f52e542e_encrucijada_(Remix).jpeg size=8601
2026-08-15 09:02:13 INFO OK id=aa5d1b3f-3c7e-4a14-b088-58384a63b563 file=encrucijada-remix_aa5d1b3f_encrucijada_(Remix).jpeg size=10063
2026-08-15 09:02:13 INFO OK id=b08b6f72-5f3c-4db3-96f9-3c387eb91f1f file=encrucijada_b08b6f72_encrucijada_.jpeg size=8184
2026-08-15 09:02:13 INFO OK id=cdaad1a9-94e1-4ba1-af67-b129bb5c83d8 file=encrucijada_cdaad1a9_encrucijada_.jpeg size=6907
2026-08-15 09:02:13 INFO OK id=6c7b8bbb-549b-45a3-b861-2bb347ec9cae file=encrucijada_6c7b8bbb_encrucijada_.jpeg size=12359
2026-08-15 09:02:13 INFO OK id=1a1dad24-8282-45e6-bac3-0c34b5b25664 file=encrucijada_1a1dad24_encrucijada_.jpeg size=13470
2026-08-15 09:02:13 INFO OK id=89a4a9a1-d9da-44e6-b1dd-a45651eacfa0 file=encrucijada_89a4a9a1_encrucijada_.jpeg size=10265
2026-08-15 09:02:13 INFO OK id=f1238428-b00a-411f-8ef4-6793675aa42a file=blue-sock-lottery_f1238428_Blue_Sock_Lottery.jpeg size=11608
2026-08-15 09:02:13 INFO OK id=83704432-20a6-4624-b64c-f6830c6f2710 file=blue-sock-lottery_83704432_Blue_Sock_Lottery.jpeg size=11268
2026-08-15 09:02:13 INFO OK id=27690484-f79e-417a-8a96-4a9013d81d56 file=puerta-azul_27690484_Puerta_Azul.jpeg size=10345
2026-08-15 09:02:13 INFO OK id=4f23cd19-ddc6-42e8-9fef-b87ab00b7f0b file=puerta-azul_4f23cd19_Puerta_Azul.jpeg size=9737
2026-08-15 09:02:13 INFO OK id=b1830180-37f2-4072-bdc5-f269a9b6f819 file=pocketful-of-rain_b1830180_Pocketful_of_Rain.jpeg size=10075
2026-08-15 09:02:13 INFO OK id=fd68afe1-af85-46b7-a0a5-f2a3f0dfe478 file=pocketful-of-rain_fd68afe1_Pocketful_of_Rain.jpeg size=10413
2026-08-15 09:02:13 INFO OK id=cf281098-738a-46f3-8f4d-8974a260fb29 file=cielo-di-velluto_cf281098_Cielo_di_velluto.jpeg size=11698
2026-08-15 09:02:13 INFO OK id=54c94e0f-6d78-4b8a-b87a-c1ddac643f90 file=cielo-di-velluto_54c94e0f_Cielo_di_velluto.jpeg size=11366
2026-08-15 09:02:13 INFO OK id=91215244-d596-4cd8-858b-943afa44863c file=testing_91215244_testing_.jpeg size=15007
2026-08-15 09:02:13 INFO OK id=e1c335e1-0643-4076-a058-ace5c3ecf530 file=testing_e1c335e1_testing_.jpeg size=16316
2026-08-15 09:02:13 INFO OK id=c67398f2-60a4-4529-ab14-103b85bd93a0 file=testing_c67398f2_testing_.jpeg size=22410
2026-08-15 09:02:13 INFO OK id=94f54384-6df5-47a2-9707-66c1eca2b9eb file=testing_94f54384_testing_.jpeg size=23070
2026-08-15 09:02:13 INFO OK id=1a84a686-4553-49a0-a83a-bd2cba2555f5 file=testing_1a84a686_testing_.jpeg size=17510
2026-08-15 09:02:13 INFO OK id=5fb02744-0308-43a6-9cf6-be7ea365e8d7 file=testing_5fb02744_testing_.jpeg size=14550
2026-08-15 09:02:14 INFO OK id=9604a05d-fefc-4416-a24f-38a2c9f241ee file=escucha-al-tiempo-hablar-por-mi-instrumental_9604a05d_Escucha_al_tiempo_hablar_por_mí_(Instrumental).jpeg size=9488
2026-08-15 09:02:14 INFO OK id=7e91813f-8d5f-478c-8e38-0f46f988ce6f file=escucha-al-tiempo-hablar-por-mi-instrumental_7e91813f_Escucha_al_tiempo_hablar_por_mí_(Instrumental).jpeg size=9150
2026-08-15 09:02:14 INFO OK id=e7779b58-2927-4f41-9ada-77bdef81fdd6 file=escucha-al-tiempo-hablar-por-mi-instrumental_e7779b58_Escucha_al_tiempo_hablar_por_mí_(Instrumental).jpeg size=17320
2026-08-15 09:02:14 INFO OK id=e3d50a27-d065-4ee6-83ab-ca19daf5b690 file=escucha-al-tiempo-hablar-por-mi-instrumental_e3d50a27_Escucha_al_tiempo_hablar_por_mí_(Instrumental).jpeg size=17740
2026-08-15 09:02:14 INFO OK id=e7b8984e-6b3b-42ac-bd69-4f728f9458e4 file=escucha-al-tiempo-hablar-por-mi-instrumental_e7b8984e_Escucha_al_tiempo_hablar_por_mí_(Instrumental).jpeg size=17272
2026-08-15 09:02:14 INFO OK id=c76808fa-99e4-4dc6-af2b-ce5573509325 file=escucha-al-tiempo-hablar-por-mi-instrumental_c76808fa_Escucha_al_tiempo_hablar_por_mí_(Instrumental).jpeg size=18318
2026-08-15 09:02:14 INFO OK id=7e83884f-58f5-4e36-90a9-61cdc70e1029 file=escucha-al-tiempo-hablar-por-mi-instrumental_7e83884f_Escucha_al_tiempo_hablar_por_mí_(Instrumental).jpeg size=9265
2026-08-15 09:02:14 INFO OK id=695cb7cd-f709-4a96-ad4a-d8d620ffda61 file=escucha-al-tiempo-hablar-por-mi-instrumental_695cb7cd_Escucha_al_tiempo_hablar_por_mí_(Instrumental).jpeg size=9475
2026-08-15 09:02:14 INFO OK id=50f46854-4e4b-4fa5-9703-f4a0aa5697b2 file=mi-dulce-marie_50f46854_Mi_dulce_Marie.jpeg size=12050
2026-08-15 09:02:14 INFO OK id=1e7ae9d0-fad5-4c6f-bb6a-506cef829a50 file=mi-dulce-marie_1e7ae9d0_Mi_dulce_Marie.jpeg size=13179
2026-08-15 09:02:14 INFO OK id=f522fc32-bc3e-46dc-882f-155653f25a8c file=mi-dulce-marie_f522fc32_Mi_dulce_Marie.jpeg size=12178
2026-08-15 09:02:14 INFO OK id=00c7f91b-02cd-438c-9f15-24326f2d164f file=mi-dulce-marie_00c7f91b_Mi_dulce_Marie.jpeg size=12481
2026-08-15 09:02:14 INFO OK id=65dc73bc-ca97-4849-8902-3b1f58c6ad42 file=mi-dulce-marie_65dc73bc_Mi_dulce_Marie.jpeg size=17323
2026-08-15 09:02:14 INFO OK id=e092810e-996f-44ac-9756-3500672f3d4d file=la-playera-afortunada_e092810e_La_Playera_Afortunada.jpeg size=7564
2026-08-15 09:02:14 INFO OK id=9fd68c22-7411-41a8-83cd-9f7136e402f8 file=la-playera-afortunada_9fd68c22_La_Playera_Afortunada.jpeg size=8838
2026-08-15 09:02:14 INFO OK id=d1b333b6-39ba-4db6-b76e-09f0fda68897 file=la-playera-afortunada_d1b333b6_La_Playera_Afortunada.jpeg size=10123
2026-08-15 09:02:14 INFO OK id=1f0df3be-f59d-450b-a5e6-f7512671be00 file=la-playera-afortunada_1f0df3be_La_Playera_Afortunada.jpeg size=8399
2026-08-15 09:02:14 INFO OK id=c87557fd-86e0-43fc-9d59-051092ceefc7 file=canto-de-sirena_c87557fd_canto_de_sirena.jpeg size=15312
2026-08-15 09:02:14 INFO OK id=97fa54b0-f1d9-4200-9e0a-38c2927c8128 file=canto-de-sirena_97fa54b0_canto_de_sirena.jpeg size=13821
2026-08-15 09:02:14 INFO OK id=886dcaaa-f1d6-4a58-8430-35ea4d36ae39 file=canto-de-sirena-3gpp-3ga-remix_886dcaaa_canto_de_sirena_.3gpp.3ga_(Remix).jpeg size=15599
2026-08-15 09:02:15 INFO OK id=b5a3146d-c297-433c-9edd-df43720a2b9c file=canto-de-sirena-3gpp-3ga-remix_b5a3146d_canto_de_sirena_.3gpp.3ga_(Remix).jpeg size=13273
2026-08-15 09:02:15 INFO OK id=306c94f9-6d81-40ce-a73f-9d5eead5eca7 file=canto-de-sirena-3gpp-3ga-remix_306c94f9_canto_de_sirena_.3gpp.3ga_(Remix).jpeg size=13763
2026-08-15 09:02:15 INFO OK id=9eb56063-639d-495c-a3d4-930a6eb269d1 file=canto-de-sirena-3gpp-3ga-remix_9eb56063_canto_de_sirena_.3gpp.3ga_(Remix).jpeg size=15019
2026-08-15 09:02:15 INFO OK id=25b4b3f4-2198-423e-af19-6f7bc39afbba file=canto-de-sirena-3gpp-3ga_25b4b3f4_canto_de_sirena_.3gpp.3ga.jpeg size=24568
2026-08-15 09:02:15 INFO OK id=196eb6c9-924b-446e-a3ce-e2bb78799c4b file=van-a-salir-los-flanes-remix-remix_196eb6c9_Van_a_salir_los_flanes_(Remix)_(Remix).jpeg size=16515
2026-08-15 09:02:15 INFO OK id=a5e67fff-4caa-461c-9ccf-291cd646b6f7 file=van-a-salir-los-flanes-remix-remix_a5e67fff_Van_a_salir_los_flanes_(Remix)_(Remix).jpeg size=18125
2026-08-15 09:02:15 INFO OK id=3613283c-0a55-49af-95ba-5de985cb5e04 file=la-hija-del-dragon-instrumental_3613283c_La_hija_del_dragón_(Instrumental).jpeg size=13827
2026-08-15 09:02:15 INFO OK id=2c6b3114-9468-4cc1-aeb2-547e280e6a0f file=la-hija-del-dragon-instrumental_2c6b3114_La_hija_del_dragón_(Instrumental).jpeg size=11676
2026-08-15 09:02:15 INFO OK id=cb0af968-fd40-41f1-a342-fabff28a9c6a file=que-triste-esta-todo-sin-ti-instrumental_cb0af968_Qué_triste_está_todo_sin_ti_(Instrumental).jpeg size=12730
2026-08-15 09:02:15 INFO OK id=98a0c5cf-b3c2-4b91-998d-b140a19be68a file=que-triste-esta-todo-sin-ti-instrumental_98a0c5cf_Qué_triste_está_todo_sin_ti_(Instrumental).jpeg size=11925
2026-08-15 09:02:15 INFO OK id=5fbbec14-a068-4be3-8ebe-0c1aa1a5d2a3 file=que-triste-esta-todo-sin-ti-instrumental_5fbbec14_Qué_triste_está_todo_sin_ti_(Instrumental).jpeg size=14418
2026-08-15 09:02:15 INFO OK id=0fb2ea13-2844-45fc-9ff7-033f43f1576f file=confession-instrumental_0fb2ea13_Confession_(Instrumental).jpeg size=9171
2026-08-15 09:02:15 INFO OK id=0b3c29aa-eef3-417c-b6f2-3d55acd6712e file=confession-instrumental_0b3c29aa_Confession_(Instrumental).jpeg size=10044
2026-08-15 09:02:15 INFO OK id=ab843f9f-b3b7-4b8d-b055-54e27a07f9bd file=al-encuentro-del-amor-instrumental_ab843f9f_Al_encuentro_del_amor_(Instrumental).jpeg size=9000
2026-08-15 09:02:15 INFO OK id=de574545-8889-4f23-869f-ecba456ee06d file=la-oficina-de-objetos-perdidos-instrumental_de574545_La_oficina_de_objetos_perdidos_(Instrumental).jpeg size=15033
2026-08-15 09:02:15 INFO OK id=e9b90377-fe89-4c69-bdb3-cc9aa09f4be1 file=para-escuchar-te-amo-instrumental_e9b90377_Para_escuchar_te_amo_(instrumental).jpeg size=18494
2026-08-15 09:02:15 INFO OK id=3f670c24-46df-43dc-a2f2-60fb6b86a64d file=mentira-que-te-menti_3f670c24_Mentira_que_te_mentí.jpeg size=11746
2026-08-15 09:02:15 INFO OK id=2cee4a85-8a4b-4856-b87d-14883ce04df7 file=mentira-que-te-menti_2cee4a85_Mentira_que_te_mentí.jpeg size=11009
2026-08-15 09:02:15 INFO OK id=6860f2e2-c317-46ce-a042-9ca4cb3d66e2 file=mentira-que-te-menti_6860f2e2_Mentira_que_te_mentí.jpeg size=8940
2026-08-15 09:02:15 INFO OK id=f43d17aa-29ae-46f6-a30a-6f63370b79d2 file=mentira-que-te-menti_f43d17aa_Mentira_que_te_mentí.jpeg size=11236
2026-08-15 09:02:16 INFO OK id=acd2b9a5-a64b-4f45-99ed-a7344d53d013 file=mentira-que-te-menti_acd2b9a5_Mentira_que_te_mentí.jpeg size=11727
2026-08-15 09:02:16 INFO OK id=71709407-0a40-4bd5-80bf-0a528dd2044b file=mentira-que-te-menti_71709407_Mentira_que_te_mentí.jpeg size=10620
2026-08-15 09:02:16 INFO OK id=101c6ad2-47d1-40fa-866e-e4c241338027 file=haz-sido-tan-bueno_101c6ad2_Haz_sido_tan_bueno.jpeg size=12539
2026-08-15 09:02:16 INFO OK id=c38ee503-00ec-4bf5-a0ce-e2912a9c25ed file=haz-sido-tan-bueno_c38ee503_Haz_sido_tan_bueno.jpeg size=13139
2026-08-15 09:02:16 INFO OK id=fafd4209-3a88-4d77-9d68-5c6417553a4d file=haz-sido-tan-bueno_fafd4209_Haz_sido_tan_bueno.jpeg size=11062
2026-08-15 09:02:16 INFO OK id=c735772a-19da-4d51-88a7-5d05688323e8 file=haz-sido-tan-bueno_c735772a_Haz_sido_tan_bueno.jpeg size=10156
2026-08-15 09:02:16 INFO OK id=bdb3a165-d742-4103-a389-8eaf23c66e2a file=cada-detalle-que-me-habla-de-ti_bdb3a165_Cada_detalle_que_me_habla_de_ti.jpeg size=11891
2026-08-15 09:02:16 INFO OK id=5e36bba9-e476-400a-add1-ae7207c12eca file=cada-detalle-que-me-habla-de-ti_5e36bba9_Cada_detalle_que_me_habla_de_ti.jpeg size=11804
2026-08-15 09:02:16 INFO OK id=d14c9698-7f40-4581-9668-9bde891f420c file=cada-escena-que-me-habla-de-ti_d14c9698_Cada_escena_que_me_habla_de_ti.jpeg size=8879
2026-08-15 09:02:16 INFO OK id=64e084bb-2a9e-4154-856c-39e02caabe66 file=cada-escena-que-me-habla-de-ti_64e084bb_Cada_escena_que_me_habla_de_ti.jpeg size=9126
2026-08-15 09:02:16 INFO OK id=4c776ba7-ba5d-4c35-9451-9401229da017 file=cada-detalle-que-me-habla-de-ti_4c776ba7_Cada_detalle_que_me_habla_de_ti.jpeg size=8537
2026-08-15 09:02:16 INFO OK id=f22030cb-7f1b-4ccd-8d18-d2788a310de4 file=cada-detalle-que-me-habla-de-ti_f22030cb_Cada_detalle_que_me_habla_de_ti.jpeg size=7431
2026-08-15 09:02:16 INFO OK id=c07a2158-b7c9-42a1-a94a-40944a4f4136 file=cada-detalle-que-me-habla-de-ti_c07a2158_Cada_detalle_que_me_habla_de_ti.jpeg size=10262
2026-08-15 09:02:16 INFO OK id=cfb68e46-e6aa-4c68-80d2-e2ca7a734cd9 file=cada-detalle-que-me-habla-de-ti_cfb68e46_Cada_detalle_que_me_habla_de_ti.jpeg size=9550
2026-08-15 09:02:16 INFO OK id=adf90283-84b9-499b-91d0-d8d0db59a5db file=cada-detalle-que-me-habla-de-ti_adf90283_Cada_detalle_que_me_habla_de_ti.jpeg size=16415
2026-08-15 09:02:16 INFO OK id=d0b46444-b15a-456e-b56b-d63120171444 file=cada-detalle-que-me-habla-de-ti_d0b46444_Cada_detalle_que_me_habla_de_ti.jpeg size=15817
2026-08-15 09:02:16 INFO OK id=571002b7-6c77-4e50-b10a-4e301639e868 file=cada-detalle-que-me-habla-de-ti_571002b7_Cada_detalle_que_me_habla_de_ti.jpeg size=11387
2026-08-15 09:02:16 INFO OK id=0ed00647-aace-4013-b565-13ddd31c7465 file=mt-g3-e6-jbk_0ed00647_MT_G3-E6_JBK.jpeg size=9833
2026-08-15 09:02:16 INFO OK id=d9f9c6c5-f0cc-4834-a7cf-e49e64a968ec file=mt-g3-e6-jbk_d9f9c6c5_MT_G3-E6_JBK.jpeg size=8507
2026-08-15 09:02:16 INFO OK id=92bbd6f3-19ef-40ac-bca1-5ac43503f8a1 file=hail-fenix_92bbd6f3_Hail_Fénix.jpeg size=21449
2026-08-15 09:02:16 INFO OK id=890262b9-fe70-4f69-a831-2dd5618e1141 file=hail-fenix_890262b9_Hail_Fénix.jpeg size=17605
2026-08-15 09:02:17 INFO OK id=a8e4a789-a87c-40a7-8c48-8061619360f5 file=extraviada_a8e4a789_Extraviada.jpeg size=8383
2026-08-15 09:02:17 INFO OK id=2045a45c-c67d-448f-a1bd-88e3da245078 file=extraviada_2045a45c_Extraviada.jpeg size=7865
2026-08-15 09:02:17 INFO OK id=17ba29e1-1465-45ee-84bf-8df15008493b file=buscando-retornar_17ba29e1_Buscando_retornar.jpeg size=9352
2026-08-15 09:02:17 INFO OK id=0a366859-aa96-46a7-a6d1-f38fca7150a6 file=buscando-retornar_0a366859_Buscando_retornar.jpeg size=9312
2026-08-15 09:02:17 INFO OK id=9eec18bd-85b9-479e-9aaa-91ecc0fb6725 file=buscando-retornar_9eec18bd_Buscando_retornar.jpeg size=8874
2026-08-15 09:02:17 INFO OK id=d1ac906d-a40d-43ca-b6af-d3271e50ded9 file=buscando-retornar_d1ac906d_Buscando_retornar.jpeg size=9493
2026-08-15 09:02:17 INFO OK id=b512dfc3-cf9f-4e50-8c71-9b4699e90d0e file=fc-c2-e6-alsk_b512dfc3_FC_C2-E6_ALSK.jpeg size=14516
2026-08-15 09:02:17 INFO OK id=55bdfe53-8092-483c-905d-815f6b01555f file=fs-g2-e6-clndn_55bdfe53_FS_G2-E6_CLNDN.jpeg size=10993
2026-08-15 09:02:17 INFO OK id=18cd95d1-e1d6-41d1-822f-df6065a04247 file=fs-g2-e6-clndn_18cd95d1_FS_G2-E6_CLNDN.jpeg size=10537
2026-08-15 09:02:17 INFO OK id=3dea05d7-1a4e-420b-b01b-4323c803ba20 file=fms-g3-c5-rxtt_3dea05d7_FMS_G3-C5_RXTT.jpeg size=9763
2026-08-15 09:02:17 INFO OK id=076be0ad-ca8f-4aa4-9c90-6e5abd3f519d file=dos-ciclos-de-tres-dias_076be0ad_Dos_ciclos_de_tres_días.jpeg size=8432
2026-08-15 09:02:17 INFO OK id=b971a8c6-e10e-47cb-a9f2-8f8d65101490 file=dos-ciclos-de-tres-dias_b971a8c6_Dos_ciclos_de_tres_días.jpeg size=10555
2026-08-15 09:02:17 INFO OK id=8187b7b7-25f9-48ad-ac90-ffdd83081118 file=haz-sido-tan-bueno_8187b7b7_Haz_sido_tan_bueno.jpeg size=7377
2026-08-15 09:02:17 INFO OK id=9b8e067f-7071-4b2d-8436-21ed7abe9bb6 file=haz-sido-tan-bueno_9b8e067f_Haz_sido_tan_bueno.jpeg size=8798
2026-08-15 09:02:17 INFO OK id=e3b1cd23-4cf9-4b41-93ac-da6fd8317dfb file=haz-sido-tan-bueno_e3b1cd23_Haz_sido_tan_bueno.jpeg size=9991
2026-08-15 09:02:17 INFO OK id=4cd82c82-267d-4f74-b7c8-d9252c826dd0 file=haz-sido-tan-bueno_4cd82c82_Haz_sido_tan_bueno.jpeg size=10028
2026-08-15 09:02:17 INFO OK id=80fe0b05-fbaa-429f-bdd1-1583548c4269 file=haz-sido-tan-bueno_80fe0b05_Haz_sido_tan_bueno.jpeg size=11954
2026-08-15 09:02:17 INFO OK id=085fbd41-fa1b-4585-b3d2-a18d4cdc1842 file=haz-sido-tan-bueno_085fbd41_Haz_sido_tan_bueno.jpeg size=13288
2026-08-15 09:02:17 INFO OK id=8c828ec2-ec69-4405-9fbc-87f76548460d file=haz-sido-tan-bueno_8c828ec2_Haz_sido_tan_bueno.jpeg size=12163
2026-08-15 09:02:17 INFO OK id=0db6d8cd-cc0f-475e-9622-ed54e071da30 file=haz-sido-tan-bueno_0db6d8cd_Haz_sido_tan_bueno.jpeg size=12132
2026-08-15 09:02:18 INFO OK id=f09eb56e-558d-44d4-918d-7f0db00ef449 file=haz-sido-tan-bueno_f09eb56e_Haz_sido_tan_bueno.jpeg size=11017
2026-08-15 09:02:18 INFO OK id=bba96ae5-520c-4719-bea6-e44adb05e49a file=mi-pulso-y-mi-latido_bba96ae5_Mi_pulso_y_mi_latido.jpeg size=10030
2026-08-15 09:02:18 INFO OK id=98ac07ca-5ce6-40cc-b389-8d4fd1e5ec02 file=mi-pulso-y-mi-latido_98ac07ca_Mi_pulso_y_mi_latido.jpeg size=10423
2026-08-15 09:02:18 INFO OK id=ae3a1d51-047d-4861-92d5-47f77dc990be file=mi-pulso-y-mi-latido_ae3a1d51_Mi_pulso_y_mi_latido.jpeg size=10194
2026-08-15 09:02:18 INFO OK id=eaed1c9a-5050-441c-9240-8df01131daa9 file=mi-pulso-y-mi-latido_eaed1c9a_Mi_pulso_y_mi_latido.jpeg size=10520
2026-08-15 09:02:18 INFO OK id=df0aeefc-3262-4a49-b5b5-1385eb8da5cb file=mi-pulso-y-mi-latido_df0aeefc_Mi_pulso_y_mi_latido.jpeg size=12390
2026-08-15 09:02:18 INFO OK id=d4aec3a1-22c0-463e-8f84-d4fc92fa47f4 file=mi-pulso-y-mi-latido_d4aec3a1_Mi_pulso_y_mi_latido.jpeg size=12613
2026-08-15 09:02:18 INFO OK id=87fd9b00-81d7-48b5-ae60-7317a694f22c file=ven-ven-ven_87fd9b00_Ven,_ven,_ven.jpeg size=13984
2026-08-15 09:02:18 INFO OK id=cd59f02b-bbaa-4e3d-9b83-a776a932b47a file=ven-ven-ven_cd59f02b_Ven,_ven,_ven.jpeg size=12022
2026-08-15 09:02:18 INFO OK id=77a1b11a-1daf-4571-b42a-2df046d48947 file=ven-ven-ven_77a1b11a_Ven,_ven,_ven.jpeg size=13772
2026-08-15 09:02:18 INFO OK id=ffd4e29f-a058-4ef8-84c5-dc2af4481d77 file=ven-ven-ven_ffd4e29f_Ven,_ven,_ven.jpeg size=6730
2026-08-15 09:02:18 INFO OK id=b5d45cf5-b3be-449a-9a02-bfab2ad47061 file=ven-ven-ven_b5d45cf5_Ven,_ven,_ven.jpeg size=7742
2026-08-15 09:02:18 INFO OK id=7183135a-d5e0-4917-af17-6d15c612608d file=fs-a3-c6_7183135a_FS_A3-C6.jpeg size=14898
2026-08-15 09:02:18 INFO OK id=a6a52397-307f-49a5-9ce8-cdd169c2544e file=fs-a3-c6_a6a52397_FS_A3-C6.jpeg size=16517
2026-08-15 09:02:18 INFO OK id=56346b5b-8d09-4dd2-9014-bc1a0e2d1dba file=fs-a3-c6_56346b5b_FS_A3-C6.jpeg size=13806
2026-08-15 09:02:18 INFO OK id=72234fea-aaf6-4e2e-80e8-35b88d8dc040 file=fs-a3-c6_72234fea_FS_A3-C6.jpeg size=13754
2026-08-15 09:02:18 INFO OK id=36b926b5-150a-4e3e-9444-2042b6c6faa1 file=fms-c3-b5-adl_36b926b5_FMS_C3-B5_adl.jpeg size=10732
2026-08-15 09:02:18 INFO OK id=8b1cb9f8-0907-4f61-b157-3c89d65cc844 file=fms-c3-b5-adl_8b1cb9f8_FMS_C3-B5_adl.jpeg size=11548
2026-08-15 09:02:18 INFO OK id=a691f735-32fd-4366-b9b9-f5425b2bfca7 file=fms-c3-b5-adl_a691f735_FMS_C3-B5_adl.jpeg size=15331
2026-08-15 09:02:18 INFO OK id=1d583dbd-e6b9-45c3-bfea-78fce3d8eb00 file=fms-c3-b5-adl_1d583dbd_FMS_C3-B5_adl.jpeg size=14723
2026-08-15 09:02:18 INFO OK id=c4101625-3ecd-467e-a645-ad02fb999a86 file=fms-c3-b5-adl_c4101625_FMS_C3-B5_adl.jpeg size=7420
2026-08-15 09:02:19 INFO OK id=8e5faa2b-3345-42d4-a3d3-be73eb3827af file=fms-c3-b5-adl_8e5faa2b_FMS_C3-B5_adl.jpeg size=7608
2026-08-15 09:02:19 INFO OK id=241ba569-894d-473d-9f4b-7dc3b14ba4d9 file=fms-b1-a5_241ba569_FMS_B1-A5.jpeg size=15812
2026-08-15 09:02:19 INFO OK id=52866b67-0d59-4b6b-be2c-9b7e6744a043 file=fms-b1-a5_52866b67_FMS_B1-A5.jpeg size=15159
2026-08-15 09:02:19 INFO OK id=fd895fae-2b08-4aad-a2a1-e29ff7b03837 file=fms-f3-b4-basis_fd895fae_FMS_F3-B4_Basis.jpeg size=11674
2026-08-15 09:02:19 INFO OK id=ec1b56ab-ab21-4ccb-a0a4-768f97f1c786 file=fms-f3-b4-basis_ec1b56ab_FMS_F3-B4_Basis.jpeg size=9084
2026-08-15 09:02:19 INFO OK id=fb8c4d02-f714-4ea7-b2c7-91d52f580722 file=fms-f3-b4-basis_fb8c4d02_FMS_F3-B4_Basis.jpeg size=14023
2026-08-15 09:02:19 INFO OK id=5e2608db-2d1e-4ebf-a8d5-e17b555b0614 file=fms-f3-b4-basis_5e2608db_FMS_F3-B4_Basis.jpeg size=12792
2026-08-15 09:02:19 INFO OK id=44b7a8ee-779c-4caa-b662-1a4d0c8d5a4b file=fms-f3-b4-basis_44b7a8ee_FMS_F3-B4_Basis.jpeg size=13051
2026-08-15 09:02:19 INFO OK id=e16a314c-48cf-4d11-9b3e-8cfa4cffef9d file=fms-f3-b4-basis_e16a314c_FMS_F3-B4_Basis.jpeg size=8235
2026-08-15 09:02:19 INFO OK id=addef8f5-0923-422d-a44b-70330b61d9b6 file=fms-d-2-f-5-basis_addef8f5_FMS_D#2-F#5_Basis.jpeg size=8736
2026-08-15 09:02:19 INFO OK id=bde4e7be-696b-4305-a8b2-ca307a9b2a84 file=fms-d-2-f-5-basis_bde4e7be_FMS_D#2-F#5_Basis.jpeg size=9444
2026-08-15 09:02:19 INFO OK id=ce80cae0-d169-4596-a65f-8bd6d49b2218 file=fms-d-2-f-5-basis_ce80cae0_FMS_D#2-F#5_Basis.jpeg size=11446
2026-08-15 09:02:19 INFO OK id=0f5770a7-0e37-429a-9b82-41146a230a97 file=fms-d-2-f-5-basis_0f5770a7_FMS_D#2-F#5_Basis.jpeg size=10295
2026-08-15 09:02:19 INFO OK id=c98807a9-7125-4b60-b5e9-6211792dc12d file=sweet-lullaby_c98807a9_Sweet_lullaby.jpeg size=14618
2026-08-15 09:02:19 INFO OK id=fb0b5d00-cec4-4980-9d31-b85e2bf3e780 file=sweet-lullaby_fb0b5d00_Sweet_lullaby.jpeg size=14723
2026-08-15 09:02:19 INFO OK id=4f0c43d6-3fd4-42ec-90f4-6383e4da960b file=limbakalimba_4f0c43d6_Limbakalimba.jpeg size=11213
2026-08-15 09:02:19 INFO OK id=f82a6b12-6437-48dc-8894-82aabbb05e54 file=limbakalimba_f82a6b12_Limbakalimba.jpeg size=12253
2026-08-15 09:02:19 INFO OK id=241e63a2-8756-4b4d-abc1-da0b6576db9c file=limbakalimba_241e63a2_Limbakalimba.jpeg size=11690
2026-08-15 09:02:19 INFO OK id=7224c62c-b846-4fdb-9c35-021c0bf3a901 file=limbakalimba_7224c62c_Limbakalimba.jpeg size=11035
2026-08-15 09:02:19 INFO OK id=b7ea33a9-6c9a-4350-9208-1c097ea786af file=19-2s-grabacion-15-jun-10-23_b7ea33a9_19.2s_Grabación_(15_jun_@_1023).jpeg size=11944
2026-08-15 09:02:19 INFO OK id=da6f8603-fd02-4630-b0f3-7004e0af6929 file=lauren-voice_da6f8603_Lauren_voice.jpeg size=10962
2026-08-15 09:02:19 INFO OK id=3ca1d4df-da7a-49c9-9ef8-2bbde5fb338d file=lauren-voice_3ca1d4df_Lauren_voice.jpeg size=9732
2026-08-15 09:02:20 INFO OK id=cce1c239-0e7a-4a9e-8848-7984db47e88e file=carrie-voice_cce1c239_Carrie_voice.jpeg size=17539
2026-08-15 09:02:20 INFO OK id=d846c641-b080-4783-bdb1-f030b56ebe3d file=carrie-voice_d846c641_Carrie_voice.jpeg size=18239
2026-08-15 09:02:20 INFO OK id=e306fcc3-d7c0-4e57-91b8-1fc0f4180445 file=carrie-voice_e306fcc3_Carrie_voice.jpeg size=10380
2026-08-15 09:02:20 INFO OK id=049a8f8e-18df-476f-b719-256762785f0c file=carrie-voice_049a8f8e_Carrie_voice.jpeg size=9083
2026-08-15 09:02:20 INFO OK id=317a0526-5777-44d4-a420-51dc9deedf12 file=neurodivergente-hip-hop_317a0526_Neurodivergente_hip_hop_.jpeg size=15722
2026-08-15 09:02:20 INFO OK id=9ce62df2-b76d-4ae4-8d22-4b703c245ba6 file=neurodivergente-hip-hop_9ce62df2_Neurodivergente_hip_hop_.jpeg size=17400
2026-08-15 09:02:20 INFO OK id=d0c4426f-44f9-41a3-8897-98512ebd99af file=neurodivergente-hip-hop_d0c4426f_Neurodivergente_hip_hop_.jpeg size=16612
2026-08-15 09:02:20 INFO OK id=bf55850e-4788-4d46-bfea-5d29539ea26a file=neurodivergente-hip-hop_bf55850e_Neurodivergente_hip_hop_.jpeg size=15673
2026-08-15 09:02:20 INFO OK id=586a146f-7005-4d9d-aa5b-470b55f0f330 file=neurodivergente-hip-hop_586a146f_Neurodivergente_hip_hop_.jpeg size=13423
2026-08-15 09:02:20 INFO OK id=d48a5f3b-5c5e-4e85-ada1-3c046f87d10f file=neurodivergente-hip-hop_d48a5f3b_Neurodivergente_hip_hop_.jpeg size=16642
2026-08-15 09:02:20 INFO OK id=a38f93ee-4461-4533-9ae0-6a90dbfd6f57 file=neurodivergente-hip-hop_a38f93ee_Neurodivergente_hip_hop_.jpeg size=18288
2026-08-15 09:02:20 INFO OK id=432371de-688e-4e4e-ad67-f7d679f40443 file=neurodivergente-hip-hop_432371de_Neurodivergente_hip_hop_.jpeg size=20579
2026-08-15 09:02:20 INFO OK id=10736250-0b46-4881-bdfe-ca63403f71f8 file=neurodivergente-hip-hop_10736250_Neurodivergente_hip_hop_.jpeg size=18535
2026-08-15 09:02:20 INFO OK id=c9b9e5a4-f65f-4a09-95a2-1dca4240b9e1 file=neurodivergente-hip-hop_c9b9e5a4_Neurodivergente_hip_hop_.jpeg size=16604
2026-08-15 09:02:20 INFO OK id=9d7ab8c8-1a24-46e8-98eb-848af558a4f2 file=jumper-neo-soul_9d7ab8c8_Jumper_neo_soul_.jpeg size=14569
2026-08-15 09:02:20 INFO OK id=92f8e6be-d356-4274-9ea8-888f75da8fe9 file=jumper-neo-soul_92f8e6be_Jumper_neo_soul_.jpeg size=13481
2026-08-15 09:02:20 INFO OK id=f276fc4a-b317-460b-930f-e0dc1120d20a file=traveler_f276fc4a_Traveler.jpeg size=11777
2026-08-15 09:02:20 INFO OK id=ce7df4c3-2c7f-4d89-9adb-fac37e585fd9 file=traveler_ce7df4c3_Traveler.jpeg size=13861
2026-08-15 09:02:20 INFO OK id=46cf7377-066e-4554-ad1c-ac55444aa074 file=traveler_46cf7377_Traveler.jpeg size=14469
2026-08-15 09:02:20 INFO OK id=0d141b05-f681-4ca4-bf4d-51d22bb66186 file=traveler_0d141b05_Traveler.jpeg size=13035
2026-08-15 09:02:21 INFO OK id=5c09a17a-e92e-410b-810f-e29e5ae05ab5 file=soft-reset_5c09a17a_Soft_Reset.jpeg size=8578
2026-08-15 09:02:21 INFO OK id=5e1967ba-4acc-45f1-9677-3be6fadbd41b file=soft-reset_5e1967ba_Soft_Reset.jpeg size=10417
2026-08-15 09:02:21 INFO OK id=16996b92-6adc-471d-a048-8fb447f02a11 file=tu-tu-tu-sample_16996b92_Tu_tu_tu_sample.jpeg size=12533
2026-08-15 09:02:21 INFO OK id=8826de9d-f4b0-4af7-b681-3114012c7d18 file=tu-tu-tu-sample_8826de9d_Tu_tu_tu_sample.jpeg size=9938
2026-08-15 09:02:21 INFO OK id=0030d30a-acdc-4822-8e04-e8ffb3c55392 file=eres-tu-tu-tu_0030d30a_Eres_Tu_tu_tu.jpeg size=14087
2026-08-15 09:02:21 INFO OK id=d84275b8-aafd-4a19-a186-819756aae01f file=39-4s-grabacion-13-jun-17-31-remix_d84275b8_39.4s_Grabación_(13_jun_@_1731)_(Remix).jpeg size=11979
2026-08-15 09:02:21 INFO OK id=acbf6564-bbd3-42cd-8158-ea01322fe7c4 file=39-4s-grabacion-13-jun-17-31-remix_acbf6564_39.4s_Grabación_(13_jun_@_1731)_(Remix).jpeg size=11826
2026-08-15 09:02:21 INFO OK id=a3833d80-047e-4045-a6fe-ec03e5f51f9f file=39-4s-grabacion-13-jun-17-31-remix_a3833d80_39.4s_Grabación_(13_jun_@_1731)_(Remix).jpeg size=21102
2026-08-15 09:02:21 INFO OK id=effc33d6-ad97-4c5b-b3d4-005254855f17 file=39-4s-grabacion-13-jun-17-31-remix_effc33d6_39.4s_Grabación_(13_jun_@_1731)_(Remix).jpeg size=20916
2026-08-15 09:02:21 INFO OK id=eddb15d2-40ef-45a1-abc5-18af71313698 file=39-4s-grabacion-13-jun-17-31_eddb15d2_39.4s_Grabación_(13_jun_@_1731).jpeg size=12360
2026-08-15 09:02:21 INFO OK id=69b49247-c54e-4d8b-8c3a-35e8a60c1483 file=tatatara-3gpp-3ga-remix_69b49247_tatatara.3gpp.3ga_(Remix).jpeg size=12032
2026-08-15 09:02:21 INFO OK id=05319212-b585-4a37-8f15-c927afc4694a file=tatatara-3gpp-3ga-remix_05319212_tatatara.3gpp.3ga_(Remix).jpeg size=8305
2026-08-15 09:02:21 INFO OK id=87e39a9c-c8d2-4e83-9903-6a8327ce09a9 file=tatatara-3gpp-3ga_87e39a9c_tatatara.3gpp.3ga.jpeg size=18141
2026-08-15 09:02:21 INFO OK id=bbc56d30-077e-42ed-84f3-bbb0eb3f8306 file=eres-tu-mi-amanecer_bbc56d30_Eres_tú_mi_amanecer.jpeg size=7424
2026-08-15 09:02:21 INFO OK id=9ab6d30f-d375-433b-86fc-0a165efa25e1 file=78-3s-recording-jun-13-12-00-pm_9ab6d30f_78.3s_Recording_(Jun_13_@_1200_PM).jpeg size=8015
2026-08-15 09:02:21 INFO OK id=bde8b131-b74f-4940-ae22-538693f7e899 file=78-3s-recording-jun-13-12-00-pm_bde8b131_78.3s_Recording_(Jun_13_@_1200_PM).jpeg size=7668
2026-08-15 09:02:21 INFO OK id=1af7e540-e186-429e-a282-7f464cfd9272 file=78-3s-recording-jun-13-12-00-pm_1af7e540_78.3s_Recording_(Jun_13_@_1200_PM).jpeg size=7692
2026-08-15 09:02:21 INFO OK id=188d87f7-a911-47b0-bb9c-2cec9301c4db file=78-3s-recording-jun-13-12-00-pm_188d87f7_78.3s_Recording_(Jun_13_@_1200_PM).jpeg size=6136
2026-08-15 09:02:22 INFO OK id=c87bf9bb-ae4a-479c-8e18-917711f5c623 file=78-3s-recording-jun-13-12-00-pm_c87bf9bb_78.3s_Recording_(Jun_13_@_1200_PM).jpeg size=6824
2026-08-15 09:02:22 INFO OK id=3bb6724e-a1d8-4e8f-9c35-486d712de8cd file=78-3s-recording-jun-13-12-00-pm_3bb6724e_78.3s_Recording_(Jun_13_@_1200_PM).jpeg size=8470
2026-08-15 09:02:22 INFO OK id=56cc4b08-5a49-495e-9b6d-73e07ad94113 file=78-3s-recording-jun-13-12-00-pm_56cc4b08_78.3s_Recording_(Jun_13_@_1200_PM).jpeg size=9168
2026-08-15 09:02:22 INFO OK id=2aa40516-03e3-424b-b265-9eb89b119bdf file=78-3s-recording-jun-13-12-00-pm_2aa40516_78.3s_Recording_(Jun_13_@_1200_PM).jpeg size=9003
2026-08-15 09:02:22 INFO OK id=4847cbb6-5562-4411-b84e-a03799d9f05e file=78-3s-recording-jun-13-12-00-pm_4847cbb6_78.3s_Recording_(Jun_13_@_1200_PM).jpeg size=7619
2026-08-15 09:02:22 INFO OK id=d3a799e9-a2c1-430c-92d0-f8405fdec8d3 file=78-3s-recording-jun-13-12-00-pm_d3a799e9_78.3s_Recording_(Jun_13_@_1200_PM).jpeg size=7347
2026-08-15 09:02:22 INFO OK id=188ff328-548e-40f3-b557-f0edcc30c826 file=78-3s-recording-jun-13-12-00-pm_188ff328_78.3s_Recording_(Jun_13_@_1200_PM).jpeg size=7822
2026-08-15 09:02:22 INFO OK id=657d8164-d804-4df7-9753-2974ed4d1aa3 file=78-3s-recording-jun-13-12-00-pm_657d8164_78.3s_Recording_(Jun_13_@_1200_PM).jpeg size=9773
2026-08-15 09:02:22 INFO OK id=2d51096d-9ece-423b-b883-8be00aff1c58 file=78-3s-recording-jun-13-12-00-pm_2d51096d_78.3s_Recording_(Jun_13_@_1200_PM).jpeg size=8719
2026-08-15 09:02:22 INFO OK id=099baf50-14db-449b-b93c-8c769fd2f311 file=78-3s-recording-jun-13-12-00-pm_099baf50_78.3s_Recording_(Jun_13_@_1200_PM).jpeg size=10320
2026-08-15 09:02:22 INFO OK id=f1ae9462-9c78-4e16-b83e-7df017c5bc2f file=78-3s-recording-jun-13-12-00-pm_f1ae9462_78.3s_Recording_(Jun_13_@_1200_PM).jpeg size=8164
2026-08-15 09:02:22 INFO OK id=90dce281-2586-4dd3-a1ef-9bee905f0d64 file=78-3s-recording-jun-13-12-00-pm_90dce281_78.3s_Recording_(Jun_13_@_1200_PM).jpeg size=7586
2026-08-15 09:02:22 INFO OK id=27c3c020-0478-41cb-bf90-f827aa145ffc file=78-3s-recording-jun-13-12-00-pm_27c3c020_78.3s_Recording_(Jun_13_@_1200_PM).jpeg size=11202
2026-08-15 09:02:22 INFO OK id=fd1984b8-564b-4712-8a2a-a684a8bb91aa file=78-3s-recording-jun-13-12-00-pm_fd1984b8_78.3s_Recording_(Jun_13_@_1200_PM).jpeg size=6534
2026-08-15 09:02:22 INFO OK id=8807cfce-d3f0-45bd-a8ec-31b8f18504ca file=78-3s-recording-jun-13-12-00-pm_8807cfce_78.3s_Recording_(Jun_13_@_1200_PM).jpeg size=6987
2026-08-15 09:02:22 INFO OK id=2e20c28f-3af8-4206-903e-038479a314b1 file=78-3s-recording-jun-13-12-00-pm_2e20c28f_78.3s_Recording_(Jun_13_@_1200_PM).jpeg size=6966
2026-08-15 09:02:22 INFO OK id=fd259fa7-aff8-46de-b08b-6e643c65d3f6 file=78-3s-recording-jun-13-12-00-pm_fd259fa7_78.3s_Recording_(Jun_13_@_1200_PM).jpeg size=28238
2026-08-15 09:02:22 INFO OK id=5448e847-3b7d-46f7-9bf3-937b15cc805b file=oye-capela-3gpp-3ga-weirdness_5448e847_oye_capela.3gpp.3ga_weirdness.jpeg size=8321
2026-08-15 09:02:22 INFO OK id=e67f8af1-e97e-4e7a-8f79-62c62dd608b4 file=oye-capela-3gpp-3ga-weirdness_e67f8af1_oye_capela.3gpp.3ga_weirdness.jpeg size=9770
2026-08-15 09:02:23 INFO OK id=3dd9f175-4e4c-4726-ab61-2d047e06436a file=oye-capela-3gpp-3ga_3dd9f175_oye_capela.3gpp.3ga.jpeg size=8959
2026-08-15 09:02:23 INFO OK id=91b111c7-ed14-47d9-987c-7bd3088d0627 file=oye-capela-3gpp-3ga_91b111c7_oye_capela.3gpp.3ga.jpeg size=10944
2026-08-15 09:02:23 INFO OK id=7e004b17-bb8f-4476-a307-b018f4a4f17e file=oye-capela-3gpp-3ga_7e004b17_oye_capela.3gpp.3ga.jpeg size=10084
2026-08-15 09:02:23 INFO OK id=dbfd23fe-f9be-4515-8d7c-868c9e041782 file=oye-capela-3gpp-3ga_dbfd23fe_oye_capela.3gpp.3ga.jpeg size=7566
2026-08-15 09:02:23 INFO OK id=de49e469-86a1-4b2d-99fa-5544d2cd4035 file=oye-capela-3gpp-3ga_de49e469_oye_capela.3gpp.3ga.jpeg size=17816
2026-08-15 09:02:23 INFO OK id=a5f67d2f-ce71-48eb-9ff1-aa35c925ca54 file=oye_a5f67d2f_Oye.jpeg size=11388
2026-08-15 09:02:23 INFO OK id=f8c3ddad-acc1-4b81-8e5f-8a9db2414a47 file=oye_f8c3ddad_Oye.jpeg size=11824
2026-08-15 09:02:23 INFO OK id=e2b994ca-ddaf-4150-b53f-d73944d26bf9 file=oye_e2b994ca_Oye.jpeg size=11051
2026-08-15 09:02:23 INFO OK id=530a884d-12e4-4a29-83bc-bfd5f1c99814 file=oye_530a884d_Oye.jpeg size=12170
2026-08-15 09:02:23 INFO OK id=89eb74a4-21ef-40ca-bdc3-647213e8cae7 file=oye_89eb74a4_Oye.jpeg size=11057
2026-08-15 09:02:23 INFO OK id=da722df9-37f2-47a4-9b4a-aa9f3a11141b file=oye_da722df9_Oye.jpeg size=13131
2026-08-15 09:02:23 INFO OK id=47ba1f27-3c03-4485-aa19-e5bb51f04e5b file=oye_47ba1f27_Oye.jpeg size=10531
2026-08-15 09:02:23 INFO OK id=0eb2bad2-2e62-484c-bbcf-a745954c5091 file=oye_0eb2bad2_Oye.jpeg size=10718
2026-08-15 09:02:23 INFO OK id=4f7d26bc-180f-4ee0-acf4-595041a20674 file=oye_4f7d26bc_Oye.jpeg size=10517
2026-08-15 09:02:23 INFO OK id=9374b859-419e-4d2a-8d72-f4ecd06215e3 file=oye_9374b859_Oye_.jpeg size=14834
2026-08-15 09:02:23 INFO OK id=d923a0ef-3601-47af-8571-4317a8958790 file=oye_d923a0ef_Oye_.jpeg size=14566
2026-08-15 09:02:23 INFO OK id=73d9abcb-8300-45a4-a299-6256768dc4ea file=record20260613090oye-3gpp-3ga_73d9abcb_record20260613090oye.3gpp.3ga.jpeg size=14539
2026-08-15 09:02:23 INFO OK id=f3bdf671-c0b8-46c0-a5de-44a1927720a4 file=nanana-3gpp-3ga-remix_f3bdf671_nanana.3gpp.3ga_(Remix).jpeg size=17719
2026-08-15 09:02:23 INFO OK id=5b0719a1-ab61-433f-996e-87dc87c3113a file=nanana-3gpp-3ga-remix_5b0719a1_nanana.3gpp.3ga_(Remix).jpeg size=18197
2026-08-15 09:02:23 INFO OK id=35fb2694-597d-4ef8-b4d5-68948c2705a2 file=nanana-3gpp-3ga_35fb2694_nanana.3gpp.3ga.jpeg size=13164
2026-08-15 09:02:24 INFO OK id=c97ac8d8-e3b5-412d-acb8-adcee685e4cf file=liquid-melt_c97ac8d8_Liquid_melt_.jpeg size=11106
2026-08-15 09:02:24 INFO OK id=e6569cbc-3c7c-4cb2-926b-9f191a744b7c file=liquid-melt_e6569cbc_Liquid_melt_.jpeg size=12504
2026-08-15 09:02:24 INFO OK id=e87ddda6-0920-43ad-a9dd-4c352ff65ab2 file=67-2s-grabacion-12-jun-19-23_e87ddda6_67.2s_Grabación_(12_jun_@_1923).jpeg size=16711
2026-08-15 09:02:24 INFO OK id=51d0476b-3da0-4ec3-b349-017ad2ae8019 file=liquid-melt_51d0476b_Liquid_melt_.jpeg size=9574
2026-08-15 09:02:24 INFO OK id=c9fb104e-ab17-4cf9-8663-d737b63962b2 file=liquid-melt_c9fb104e_Liquid_melt_.jpeg size=8479
2026-08-15 09:02:24 INFO OK id=c71b2f34-d4d8-4f65-9baa-6ab18a48081a file=record20260612191547-3gpp-3ga_c71b2f34_record20260612191547.3gpp.3ga.jpeg size=14006
2026-08-15 09:02:24 INFO OK id=2cd8618b-a48b-4fe6-8ef4-3aead2cbfde6 file=de-verte-te-veo-de-lejos-remix_2cd8618b_De_verte_te_veo_de_lejos_(Remix).jpeg size=10860
2026-08-15 09:02:24 INFO OK id=d2e9fb20-9033-4936-9278-c29eba17f83c file=de-verte-te-veo-de-lejos-remix_d2e9fb20_De_verte_te_veo_de_lejos_(Remix).jpeg size=12651
2026-08-15 09:02:24 INFO OK id=8f944e84-34e0-46b0-9743-747421dbd771 file=de-verte-te-veo-de-lejos-remix_8f944e84_De_verte_te_veo_de_lejos_(Remix).jpeg size=13588
2026-08-15 09:02:24 INFO OK id=df4c240f-8a32-4d4f-bda0-1a354597a3dd file=de-verte-te-veo-de-lejos-remix_df4c240f_De_verte_te_veo_de_lejos_(Remix).jpeg size=12845
2026-08-15 09:02:24 INFO OK id=f7f0c2f7-2890-4fcd-a62d-ad1f004a8082 file=de-verte-te-veo-de-lejos-remix_f7f0c2f7_De_verte_te_veo_de_lejos_(Remix).jpeg size=5352
2026-08-15 09:02:24 INFO OK id=431c5ec7-9f27-4c25-9a50-b427844b2a1d file=de-verte-te-veo-de-lejos-remix_431c5ec7_De_verte_te_veo_de_lejos_(Remix).jpeg size=5439
2026-08-15 09:02:24 INFO OK id=927f85b2-6876-4d2d-9fe9-595f23587cd5 file=de-verte-te-veo-de-lejos_927f85b2_De_verte_te_veo_de_lejos.jpeg size=11900
2026-08-15 09:02:24 INFO OK id=81d0b564-3bda-4ebd-a621-95d9e5423edb file=de-verte-te-veo-de-lejos_81d0b564_De_verte_te_veo_de_lejos_.jpeg size=9646
2026-08-15 09:02:24 INFO OK id=6073c9bf-98f8-4987-a58b-a7ce41fd995d file=de-verte-te-veo-de-lejos_6073c9bf_De_verte_te_veo_de_lejos_.jpeg size=10968
2026-08-15 09:02:24 INFO OK id=8abd875e-a8ae-4515-bfae-6d82c2e3b418 file=de-verte-te-veo-de-lejos_8abd875e_De_verte_te_veo_de_lejos_.jpeg size=7512
2026-08-15 09:02:24 INFO OK id=f7ad4339-635a-4117-b98d-d8178937eb28 file=de-verte-te-veo-de-lejos_f7ad4339_De_verte_te_veo_de_lejos_.jpeg size=9671
2026-08-15 09:02:24 INFO OK id=6d1058d5-e29f-402d-88a3-e981af46bc69 file=mentira-que-te-menti_6d1058d5_Mentira_que_te_mentí_.jpeg size=13262
2026-08-15 09:02:24 INFO OK id=72535fb9-0afa-450f-8222-d56f1ca4dfaf file=mentira-que-te-menti_72535fb9_Mentira_que_te_mentí_.jpeg size=11211
2026-08-15 09:02:24 INFO OK id=a34ae91e-a182-458b-9d39-86220796dea5 file=mentira-que-te-menti_a34ae91e_Mentira_que_te_mentí_.jpeg size=14052
2026-08-15 09:02:25 INFO OK id=a22ebfe0-8819-4d13-9eca-6aa4209a1e52 file=mentira-que-te-menti_a22ebfe0_Mentira_que_te_mentí_.jpeg size=13987
2026-08-15 09:02:25 INFO OK id=4a17eac8-1990-4a38-bf79-67276e205541 file=mentira-que-te-menti_4a17eac8_Mentira_que_te_mentí_.jpeg size=10546
2026-08-15 09:02:25 INFO OK id=f8fad197-4087-47c7-808d-3ee2d913da2b file=el-postulado-de-la-realidad_f8fad197_El_postulado_de_la_realidad.jpeg size=13052
2026-08-15 09:02:25 INFO OK id=016f73f9-d98a-4bb8-bf6f-2aeed56ac21b file=el-postulado-de-la-realidad-remix-remix_016f73f9_El_postulado_de_la_realidad_(Remix)_(Remix).jpeg size=9308
2026-08-15 09:02:25 INFO OK id=6dea4cd9-3e38-47dd-a187-99af7293ec10 file=el-postulado-de-la-realidad-remix-remix_6dea4cd9_El_postulado_de_la_realidad_(Remix)_(Remix).jpeg size=9706
2026-08-15 09:02:25 INFO OK id=7a2173d1-3a71-40f7-9859-59985dc057fc file=el-postulado-de-la-realidad-remix_7a2173d1_El_postulado_de_la_realidad_(Remix).jpeg size=10529
2026-08-15 09:02:25 INFO OK id=63a0a256-c644-49b7-b7a1-d69544dc98e2 file=el-postulado-de-la-realidad-remix_63a0a256_El_postulado_de_la_realidad_(Remix).jpeg size=8794
2026-08-15 09:02:25 INFO OK id=b6273b9a-5a38-404b-a034-105de421255f file=el-postulado-de-la-realidad_b6273b9a_El_postulado_de_la_realidad_.jpeg size=15637
2026-08-15 09:02:25 INFO OK id=7fec7bff-5276-4c0f-a135-61774af4ba22 file=el-postulado-de-la-realidad_7fec7bff_El_postulado_de_la_realidad_.jpeg size=15590
2026-08-15 09:02:25 INFO OK id=6ab9e30b-8415-41e3-97eb-59a4daf104fe file=bajo-tu-beldad-remix_6ab9e30b_Bajo_tu_beldad_(Remix).jpeg size=15082
2026-08-15 09:02:25 INFO OK id=37fe2377-d346-4dbc-8b5d-561f07e1d785 file=bajo-tu-beldad-remix_37fe2377_Bajo_tu_beldad_(Remix).jpeg size=13127
2026-08-15 09:02:25 INFO OK id=b4c4f5d0-7b4b-4c0c-aa37-5f9691f6245d file=bajo-tu-beldad_b4c4f5d0_Bajo_tu_beldad_.jpeg size=9195
2026-08-15 09:02:25 INFO OK id=bc5bf44f-841c-473f-8cbe-304edbc117ef file=yo-siento-amor-infinito-por-ti-remix_bc5bf44f_Yo_siento_amor_infinito_por_ti_(Remix).jpeg size=10999
2026-08-15 09:02:25 INFO OK id=f64ed2e1-4f74-4c9e-86eb-f3208514822f file=yo-siento-amor-infinito-por-ti-remix_f64ed2e1_Yo_siento_amor_infinito_por_ti_(Remix).jpeg size=11780
2026-08-15 09:02:25 INFO OK id=972196d3-d14f-4b35-96e7-687c7cf60c94 file=yo-siento-amor-infinito-por-ti_972196d3_Yo_siento_amor_infinito_por_ti_.jpeg size=11401
2026-08-15 09:02:25 INFO OK id=372fe6bf-6e71-4119-9e99-96d2faeb8223 file=amor-infinito-3gpp-3ga_372fe6bf_Amor_infinito.3gpp.3ga.jpeg size=14005
2026-08-15 09:02:25 INFO OK id=af90fc6b-78c6-4395-abed-0d496396d312 file=neu-ro-di-ver-gente_af90fc6b_Neu-ro-di-ver-gente.jpeg size=15753
2026-08-15 09:02:25 INFO OK id=071d0b94-dae3-46d3-87de-d980528b7e9a file=39-9s-grabacion-10-jun-18-00-remix_071d0b94_39.9s_Grabación_(10_jun_@_1800)_(Remix).jpeg size=18578
2026-08-15 09:02:25 INFO OK id=c62beeaf-a699-48cd-b354-8906ba01a941 file=39-9s-grabacion-10-jun-18-00-remix_c62beeaf_39.9s_Grabación_(10_jun_@_1800)_(Remix).jpeg size=18437
2026-08-15 09:02:25 INFO OK id=c1fcc386-51ac-4b09-afe5-6b872bc06b4b file=39-9s-grabacion-10-jun-18-00_c1fcc386_39.9s_Grabación_(10_jun_@_1800).jpeg size=13830
2026-08-15 09:02:26 INFO OK id=6bc6f3dd-f1f4-42ab-bb18-da9759ce86db file=neu-ro-di-ver-gente_6bc6f3dd_Neu-ro-di-ver-gente.jpeg size=16744
2026-08-15 09:02:26 INFO OK id=0b580976-54a5-4d84-a1ad-fba2fae4cd5b file=neu-ro-di-ver-gente_0b580976_Neu-ro-di-ver-gente.jpeg size=18035
2026-08-15 09:02:26 INFO OK id=37b2845e-c651-4b41-bfe3-a9c6064edffa file=neurodivergente-caotica-x-neurodivergente-mashup_37b2845e_Neurodivergente_Caótica_x_Neurodivergente_(Mashup).jpeg size=10408
2026-08-15 09:02:26 INFO OK id=2ed8c471-315b-4c8d-9282-445f3badc219 file=neurodivergente-caotica-x-neurodivergente-mashup_2ed8c471_Neurodivergente_Caótica_x_Neurodivergente_(Mashup).jpeg size=15641
2026-08-15 09:02:26 INFO OK id=4adcf28d-77ae-4b4b-839e-698ac1f2c0b8 file=neurodivergente-caotica-x-neurodivergente-mashup_4adcf28d_Neurodivergente_Caótica_x_Neurodivergente_(Mashup).jpeg size=15369
2026-08-15 09:02:26 INFO OK id=d0b56281-674e-4d7c-804c-644b8627447e file=neurodivergente-caotica-x-neurodivergente-mashup_d0b56281_Neurodivergente_Caótica_x_Neurodivergente_(Mashup).jpeg size=18376
2026-08-15 09:02:26 INFO OK id=2dedb02f-4d7a-4ca0-ac8e-0ca18546c57b file=neurodivergente-caotica_2dedb02f_Neurodivergente_Caótica.jpeg size=17324
2026-08-15 09:02:26 INFO OK id=528d2cfd-b273-4725-aa87-720fa2b8f23c file=neurodivergente-caotica_528d2cfd_Neurodivergente_Caótica.jpeg size=20614
2026-08-15 09:02:26 INFO OK id=5fbf67d2-8791-46db-b5b7-a7c587433c77 file=neu-ro-di-ver-gente_5fbf67d2_Neu-ro-di-ver-gente.jpeg size=15400
2026-08-15 09:02:26 INFO OK id=375c6b52-db51-4c3a-8f98-756d9ac055e1 file=neu-ro-di-ver-gente_375c6b52_Neu-ro-di-ver-gente.jpeg size=15899
2026-08-15 09:02:26 INFO OK id=0207a14b-f880-4793-ab7e-73b37d9ad4e4 file=neu-ro-di-ver-gente_0207a14b_Neu-ro-di-ver-gente.jpeg size=20326
2026-08-15 09:02:26 INFO OK id=417ab9dd-8981-4723-ba24-2c0e2893a048 file=neu-ro-di-ver-gente_417ab9dd_Neu-ro-di-ver-gente.jpeg size=17999
2026-08-15 09:02:26 INFO OK id=ebd46ed4-27fa-4ae5-9449-6e93cf88d99e file=neurodivergente-x-neurodivergente-mashup_ebd46ed4_Neurodivergente_x_Neurodivergente_(Mashup).jpeg size=22396
2026-08-15 09:02:26 INFO OK id=d50006d9-1712-47f5-bb59-36d40faa4f16 file=neurodivergente-x-neurodivergente-mashup_d50006d9_Neurodivergente_x_Neurodivergente_(Mashup).jpeg size=23249
2026-08-15 09:02:26 INFO OK id=787bd856-d78e-4e57-a4a5-0f0c38410799 file=neurodivergente_787bd856_Neurodivergente.jpeg size=17212
2026-08-15 09:02:26 INFO OK id=7c5d32ff-f1e0-495d-bb10-62406567f98a file=neurodivergente_7c5d32ff_Neurodivergente.jpeg size=19369
2026-08-15 09:02:26 INFO OK id=337d12ff-983a-418a-83df-e6c9f08fc612 file=neurodivergente_337d12ff_Neurodivergente.jpeg size=10418
2026-08-15 09:02:26 INFO OK id=1edf78e3-e5f4-4950-b388-4dc06d1ac5ed file=neurodivergente_1edf78e3_Neurodivergente.jpeg size=10907
2026-08-15 09:02:27 INFO OK id=9dd745f3-abed-4f5c-90fb-0b58c5752590 file=neurodivergente_9dd745f3_Neurodivergente_.jpeg size=17339
2026-08-15 09:02:27 INFO OK id=df636a1e-8724-4434-9e55-19175223ae07 file=neurodivergente_df636a1e_Neurodivergente_.jpeg size=17474
2026-08-15 09:02:27 INFO OK id=385775f2-c900-4c5e-a070-cfb78bf7840f file=neurodivergente_385775f2_Neurodivergente_.jpeg size=13398
2026-08-15 09:02:27 INFO OK id=bca4e4b4-62a2-4313-b2ac-78b102257c10 file=neurodivergente_bca4e4b4_Neurodivergente_.jpeg size=12765
2026-08-15 09:02:27 INFO OK id=67a86488-a11b-4836-a02b-1cb8e479cb58 file=competencia-de-bajos_67a86488_Competencia_de_bajos.jpeg size=12279
2026-08-15 09:02:27 INFO OK id=47128eec-b1d4-4e16-923a-f97747afd5f0 file=competencia-de-bajos_47128eec_Competencia_de_bajos.jpeg size=14148
2026-08-15 09:02:27 INFO OK id=be11d8db-4bd6-4f29-a63d-526bbbd9a7f6 file=competencia-de-bajos_be11d8db_Competencia_de_bajos.jpeg size=15555
2026-08-15 09:02:27 INFO OK id=b5a1a64b-b91b-41fa-9265-44f53b7b7da1 file=paper-lantern-circuit_b5a1a64b_Paper_Lantern_Circuit.jpeg size=10540
2026-08-15 09:02:27 INFO OK id=007d0e3e-abd7-4b4d-9b8c-7926628cf49e file=paper-lantern-circuit_007d0e3e_Paper_Lantern_Circuit.jpeg size=10236
2026-08-15 09:02:27 INFO OK id=e390a882-1eaf-482d-bd7f-ae5bcd693dd1 file=si_e390a882_Si.jpeg size=13351
2026-08-15 09:02:27 INFO OK id=6f78e07a-190b-4db4-92e8-66910f2dd627 file=si_6f78e07a_Si.jpeg size=14597
2026-08-15 09:02:27 INFO OK id=4f564570-8f1e-4096-a475-6e5a8ce1ebf4 file=si_4f564570_Si.jpeg size=11471
2026-08-15 09:02:27 INFO OK id=ab5e4744-1134-46be-b4e9-ec856eb3a274 file=si_ab5e4744_Si.jpeg size=10127
2026-08-15 09:02:27 INFO OK id=4ca3b63c-8713-4899-bee4-1d26a83f7283 file=museo-de-arte-britanico_4ca3b63c_Museo_de_Arte_Británico.jpeg size=7661
2026-08-15 09:02:27 INFO OK id=c19c83c8-bb3b-41d5-8588-69b397026264 file=museo-de-arte-britanico_c19c83c8_Museo_de_Arte_Británico.jpeg size=7991
2026-08-15 09:02:27 INFO OK id=6698cb13-51df-4e6b-b64a-1e04b55106ae file=museo-de-arte-britanico_6698cb13_Museo_de_Arte_Británico.jpeg size=10096
2026-08-15 09:02:27 INFO OK id=bed496ba-d883-4acc-9612-ad295c92d4ef file=museo-de-arte-britanico_bed496ba_Museo_de_Arte_Británico.jpeg size=9019
2026-08-15 09:02:27 INFO OK id=98eb1568-6704-4110-9bde-fc3a8f682f7f file=museo-de-arte-britanico_98eb1568_Museo_de_Arte_Británico.jpeg size=9387
2026-08-15 09:02:27 INFO OK id=fe5b233f-8e02-41ec-b9ba-8be20008d179 file=museo-de-arte-britanico_fe5b233f_Museo_de_Arte_Británico.jpeg size=12132
2026-08-15 09:02:27 INFO OK id=1321858d-464b-44b1-86bf-7e638309469e file=museo-de-arte-britanico_1321858d_Museo_de_Arte_Británico.jpeg size=10107
2026-08-15 09:02:27 INFO OK id=15bf11aa-2159-4549-8240-d040205df833 file=museo-de-arte-britanico_15bf11aa_Museo_de_Arte_Británico.jpeg size=8992
2026-08-15 09:02:28 INFO OK id=e8dd2a96-3a88-471a-a64c-d16b86808038 file=museo-de-arte-britanico_e8dd2a96_Museo_de_Arte_Británico.jpeg size=9767
2026-08-15 09:02:28 INFO OK id=c47c7bea-3260-414b-8e34-fcc243369f34 file=museo-de-arte-britanico_c47c7bea_Museo_de_Arte_Británico.jpeg size=8027
2026-08-15 09:02:28 INFO OK id=667184c3-c1ee-437d-b00a-78ca79887c1e file=museo-de-arte-britanico_667184c3_Museo_de_Arte_Británico.jpeg size=8874
2026-08-15 09:02:28 INFO OK id=c5ecffff-92e7-47c9-91d6-86492c2c4b84 file=museo-de-arte-britanico_c5ecffff_Museo_de_Arte_Británico.jpeg size=10510
2026-08-15 09:02:28 INFO OK id=90dac44b-b585-4764-b07b-e5d22fba79ab file=museo-de-arte-britanico_90dac44b_Museo_de_Arte_Británico.jpeg size=8851
2026-08-15 09:02:28 INFO OK id=8145d525-30c3-4667-b59a-127af05b5131 file=museo-de-arte-britanico_8145d525_Museo_de_Arte_Británico.jpeg size=9308
2026-08-15 09:02:28 INFO OK id=1d04cb79-a5aa-44fa-b1ca-c43fbeb25938 file=museo-de-arte-britanico_1d04cb79_Museo_de_Arte_Británico.jpeg size=8066
2026-08-15 09:02:28 INFO OK id=032487d8-a74e-4fca-bf8f-6184129b2df6 file=museo-de-arte-britanico_032487d8_Museo_de_Arte_Británico.jpeg size=9560
2026-08-15 09:02:28 INFO OK id=4b1ced31-fb02-40f4-9b24-77ec5d7db268 file=museo-de-arte-britanico_4b1ced31_Museo_de_Arte_Británico.jpeg size=11414
2026-08-15 09:02:28 INFO OK id=562d6fe8-8f3b-407c-8d90-0199eeb5967f file=museo-de-arte-britanico_562d6fe8_Museo_de_Arte_Británico.jpeg size=9199
2026-08-15 09:02:28 INFO OK id=476d49ab-05ce-4d66-8395-7cee8f009d6f file=museo-de-arte-britanico_476d49ab_Museo_de_Arte_Británico.jpeg size=7799
2026-08-15 09:02:28 INFO OK id=35a57c28-9f17-4da0-be58-4540412eceea file=museo-de-arte-britanico_35a57c28_Museo_de_Arte_Británico.jpeg size=8198
2026-08-15 09:02:28 INFO OK id=ab7aa968-2690-49f3-8fed-c07b5d543c72 file=museo-de-arte-britanico_ab7aa968_Museo_de_Arte_Británico.jpeg size=13199
2026-08-15 09:02:28 INFO OK id=d7376e83-5dd7-4e0b-85e6-fff8d4166d03 file=museo-de-arte-britanico_d7376e83_Museo_de_Arte_Británico.jpeg size=9888
2026-08-15 09:02:28 INFO OK id=0315bec6-5cd3-4741-bc12-3f12f92aa9eb file=museo-de-arte-britanico_0315bec6_Museo_de_Arte_Británico.jpeg size=10708
2026-08-15 09:02:28 INFO OK id=f014ca71-7050-41ce-a721-0409e79d2c86 file=humo-del-ayer_f014ca71_Humo_del_Ayer.jpeg size=6838
2026-08-15 09:02:28 INFO OK id=a8000b8c-f334-48fd-8e20-4129ae0f1b22 file=humo-del-ayer_a8000b8c_Humo_del_Ayer.jpeg size=7720
2026-08-15 09:02:28 INFO OK id=fd193d54-94d8-4915-8cdb-33c88ac60b20 file=bata-robada-pista_fd193d54_Bata_Robada_Pista.jpeg size=13050
2026-08-15 09:02:28 INFO OK id=4fc2f1f5-33aa-4d0a-a807-74a8edc27de8 file=bata-robada-pista_4fc2f1f5_Bata_Robada_Pista.jpeg size=12208
2026-08-15 09:02:28 INFO OK id=d7a3d03f-10e3-4339-941a-c6c5a494f7cf file=bata-robando_d7a3d03f_Bata_Robando.jpeg size=14630
2026-08-15 09:02:28 INFO OK id=b6d11c8e-40ac-49b4-8483-e5033a1ce1a5 file=bata-robando_b6d11c8e_Bata_Robando.jpeg size=13454
2026-08-15 09:02:29 INFO OK id=c3f7dbb0-73d8-4a27-b3b9-6339e33d833f file=freir-patatas_c3f7dbb0_Freír_Patatas.jpeg size=16220
2026-08-15 09:02:29 INFO OK id=a16cb062-e107-497e-b5a6-039ae98f65da file=freir-patatas_a16cb062_Freír_Patatas.jpeg size=16536
2026-08-15 09:02:29 INFO OK id=dce350be-e7d3-4d5f-8659-485622dcd97d file=cucarachas-en-la-cocina-remastered_dce350be_Cucarachas_en_la_cocina_(Remastered).jpeg size=11163
2026-08-15 09:02:29 INFO OK id=0d699fad-98fa-402f-991c-3263f6eabd48 file=cucarachas-en-la-cocina-remastered_0d699fad_Cucarachas_en_la_cocina_(Remastered).jpeg size=11163
2026-08-15 09:02:29 INFO OK id=a7421b0d-c9d5-4c96-b53c-81d4c123f7db file=grillo-estridente_a7421b0d_Grillo_Estridente.jpeg size=11232
2026-08-15 09:02:29 INFO OK id=01515a02-229f-4d5d-a9f8-bf447293e523 file=grillo-estridente_01515a02_Grillo_Estridente.jpeg size=12401
2026-08-15 09:02:29 INFO OK id=6553c8d8-a307-4e19-8a77-06f948a3b350 file=grillo-estridente_6553c8d8_Grillo_Estridente.jpeg size=17326
2026-08-15 09:02:29 INFO OK id=300aba4d-22b7-462c-8e2f-8ae74ac616c5 file=grillo-estridente_300aba4d_Grillo_Estridente.jpeg size=19865
2026-08-15 09:02:29 INFO OK id=1672912d-a69e-4c36-8dc4-51403ebd29ae file=grillo-estridente_1672912d_Grillo_Estridente.jpeg size=16178
2026-08-15 09:02:29 INFO OK id=d2e23778-ca83-49ef-a1e1-d70a79e71a75 file=grillo-estridente_d2e23778_Grillo_Estridente.jpeg size=16627
2026-08-15 09:02:29 INFO OK id=c27f4f70-d04b-4ff0-8f23-376cf24b91b0 file=grillo-estridente_c27f4f70_Grillo_Estridente.jpeg size=13983
2026-08-15 09:02:29 INFO OK id=97f52ea9-b1c1-4727-85da-fc66c0f4f9bb file=grillo-estridente_97f52ea9_Grillo_Estridente.jpeg size=14433
2026-08-15 09:02:29 INFO OK id=b2c7ff36-fa82-49fb-b29c-76fab951cc39 file=grillo-estridente_b2c7ff36_Grillo_Estridente.jpeg size=9935
2026-08-15 09:02:29 INFO OK id=2a7afe2b-d136-47fd-a2ad-5942e46d9091 file=grillo-estridente_2a7afe2b_Grillo_Estridente.jpeg size=9875
2026-08-15 09:02:29 INFO OK id=eb02e0e3-4d8c-4bb9-bb3e-4ed6cd77e8ac file=cucarachas-en-la-cocina_eb02e0e3_Cucarachas_en_la_cocina.jpeg size=9801
2026-08-15 09:02:29 INFO OK id=64dec0be-02ea-47b7-a9a4-72ad3c3b6ec5 file=cucarachas-en-la-cocina_64dec0be_Cucarachas_en_la_cocina.jpeg size=10905
2026-08-15 09:02:29 INFO OK id=b2761f34-a2eb-48e7-bd71-19b71c2dd835 file=late-aisle_b2761f34_Late_Aisle.jpeg size=18390
2026-08-15 09:02:29 INFO OK id=e664f8f8-e162-4da3-ac1d-4bb586fc7492 file=late-aisle_e664f8f8_Late_Aisle.jpeg size=18512
2026-08-15 09:02:29 INFO OK id=c72e38b0-953f-4eeb-9384-65dabc639fc2 file=late-aisle_c72e38b0_Late_Aisle.jpeg size=16770
2026-08-15 09:02:29 INFO OK id=fd652906-6f23-467e-a119-205e8ce45482 file=32-6s-grabacion-1-jun-19-06-remix-remix_fd652906_32.6s_Grabación_(1_jun_@_1906)_(Remix)_(Remix).jpeg size=16683
2026-08-15 09:02:30 INFO OK id=96372d58-c272-4b7b-8c08-c3f596451f8b file=32-6s-grabacion-1-jun-19-06-remix-remix_96372d58_32.6s_Grabación_(1_jun_@_1906)_(Remix)_(Remix).jpeg size=16179
2026-08-15 09:02:30 INFO OK id=b437e591-f098-4f5d-b2cc-0fea9d4b1d69 file=32-6s-grabacion-1-jun-19-06-remix_b437e591_32.6s_Grabación_(1_jun_@_1906)_(Remix).jpeg size=15504
2026-08-15 09:02:30 INFO OK id=fe065539-4597-4390-998f-4aa7509b743d file=32-6s-grabacion-1-jun-19-06-remix_fe065539_32.6s_Grabación_(1_jun_@_1906)_(Remix).jpeg size=12152
2026-08-15 09:02:30 INFO OK id=a2a795af-f58f-428e-8320-eee30cbb9f4b file=32-6s-grabacion-1-jun-19-06_a2a795af_32.6s_Grabación_(1_jun_@_1906).jpeg size=21862
2026-08-15 09:02:30 INFO OK id=44422bde-0a68-4435-b5b7-9923468125fe file=29-3s-grabacion-1-jun-18-59-remix_44422bde_29.3s_Grabación_(1_jun_@_1859)_(Remix).jpeg size=17749
2026-08-15 09:02:30 INFO OK id=ba557b23-04e9-4037-8798-8d4bdb76db5d file=29-3s-grabacion-1-jun-18-59-remix_ba557b23_29.3s_Grabación_(1_jun_@_1859)_(Remix).jpeg size=17243
2026-08-15 09:02:30 INFO OK id=23a8d59e-fde8-4ba1-b865-9ecb27445767 file=29-3s-grabacion-1-jun-18-59_23a8d59e_29.3s_Grabación_(1_jun_@_1859).jpeg size=18988
2026-08-15 09:02:30 INFO OK id=78f55e28-095a-4a3a-8693-d29a376229ca file=minor-majority_78f55e28_Minor_Majority.jpeg size=12080
2026-08-15 09:02:30 INFO OK id=d2e78f3d-a67f-442f-95cd-649bbaf855ea file=minor-majority_d2e78f3d_Minor_Majority.jpeg size=9230
2026-08-15 09:02:30 INFO OK id=01af5d10-9652-4334-a8e9-f6528a13e08c file=minor-majority_01af5d10_Minor_Majority.jpeg size=14195
2026-08-15 09:02:30 INFO OK id=3221a87c-fbc4-4aca-ae0c-1c713fe296be file=minor-majority_3221a87c_Minor_Majority.jpeg size=15058
2026-08-15 09:02:30 INFO OK id=7fb102e7-dc43-4c96-bc31-3b6cb5bcf9ea file=el-retorno-del-mayor-tom_7fb102e7_El_retorno_del_mayor_Tom.jpeg size=13763
2026-08-15 09:02:30 INFO OK id=9349459c-cf5b-45f6-9f6e-769bd63e07ea file=arpeggios-para-cancion-navidena-balada-synthwave-navidena-coral_9349459c_Arpeggios_Para_Canción_Navideña,_Balada_Synthwave_Navideña,_Coral.jpeg size=13801
2026-08-15 09:02:30 INFO OK id=478a0df4-222a-4a2c-8863-790411baf74b file=arpeggios-para-cancion-navidena-balada-synthwave-navidena-coral_478a0df4_Arpeggios_Para_Canción_Navideña,_Balada_Synthwave_Navideña,_Coral.jpeg size=12745
2026-08-15 09:02:30 INFO OK id=e989f94d-9e9b-41f5-a269-e34d6fabacbb file=arpeggios-para-cancion-navidena-balada-synthwave-navidena-coral_e989f94d_Arpeggios_Para_Canción_Navideña,_Balada_Synthwave_Navideña,_Coral.jpeg size=12260
2026-08-15 09:02:30 INFO OK id=f1d82540-8ad5-4fd9-bd51-cbe35bbed949 file=arpeggios-para-cancion-navidena-balada-synthwave-navidena-coral_f1d82540_Arpeggios_Para_Canción_Navideña,_Balada_Synthwave_Navideña,_Coral.jpeg size=12394
2026-08-15 09:02:30 INFO OK id=5900072a-05f0-4c42-9c4a-e9e1bbcda27d file=arpeggios-para-cancion-navidena-balada-synthwave-navidena-coral_5900072a_Arpeggios_Para_Canción_Navideña,_Balada_Synthwave_Navideña,_Coral.jpeg size=16863
2026-08-15 09:02:30 INFO OK id=50176e18-bc35-4651-9514-0f1d9a992eb3 file=arpeggios-para-cancion-navidena-balada-synthwave-navidena-coral_50176e18_Arpeggios_Para_Canción_Navideña,_Balada_Synthwave_Navideña,_Coral.jpeg size=16824
2026-08-15 09:02:30 INFO OK id=07782a5a-d84e-4813-a565-f4a8f2f4bcbe file=arpeggios-para-cancion-navidena-balada-synthwave-navidena-coral_07782a5a_Arpeggios_Para_Canción_Navideña,_Balada_Synthwave_Navideña,_Coral.jpeg size=15447
2026-08-15 09:02:31 INFO OK id=8aea1df1-b734-4d1a-8ef9-9af559ccbb44 file=arpeggios-para-cancion-navidena-balada-synthwave-navidena-coral_8aea1df1_Arpeggios_Para_Canción_Navideña,_Balada_Synthwave_Navideña,_Coral.jpeg size=15797
2026-08-15 09:02:31 INFO OK id=d98a0378-4268-4597-b02e-dbf1aaf7934b file=arpeggios-para-cancion-navidena-balada-synthwave-navidena-coral_d98a0378_Arpeggios_Para_Canción_Navideña,_Balada_Synthwave_Navideña,_Coral.jpeg size=16270
2026-08-15 09:02:31 INFO OK id=22afee60-185d-49c8-8d7d-c1a7ae771902 file=arpeggios-para-cancion-navidena-balada-synthwave-navidena-coral_22afee60_Arpeggios_Para_Canción_Navideña,_Balada_Synthwave_Navideña,_Coral.jpeg size=13078
2026-08-15 09:02:31 INFO OK id=ebacd125-af73-45e0-a049-5734a014ab12 file=arpeggios-para-cancion-navidena-con-stacatto-estilo-ptx-balada-synthwave-na_ebacd125_Arpeggios_Para_Canción_Navideña_Con_Stacatto_Estilo_Ptx,_Balada_Synthwave_Na.jpeg size=12035
2026-08-15 09:02:31 INFO OK id=e920d150-d970-4aba-9d8f-07ea337085c4 file=arpeggios-para-cancion-navidena-con-stacatto-estilo-ptx-balada-synthwave-na_e920d150_Arpeggios_Para_Canción_Navideña_Con_Stacatto_Estilo_Ptx,_Balada_Synthwave_Na.jpeg size=14062
2026-08-15 09:02:31 INFO OK id=727450f2-c9f8-4f3a-92fa-883f0a9bfdae file=arpeggios-y-progresiones-para-cancion-navidena-con-stacatto-estilo-ptx-balad_727450f2_Arpeggios_Y_Progresiones_Para_Canción_Navideña_Con_Stacatto_Estilo_Ptx,_Balad.jpeg size=17731
2026-08-15 09:02:31 INFO OK id=1fbed3a5-9019-45e1-8927-93365e7e151a file=arpeggios-y-progresiones-para-cancion-navidena-con-stacatto-estilo-ptx-balad_1fbed3a5_Arpeggios_Y_Progresiones_Para_Canción_Navideña_Con_Stacatto_Estilo_Ptx,_Balad.jpeg size=13855
2026-08-15 09:02:31 INFO OK id=d74e8563-1f42-4d61-b75f-61b19219326a file=arpeggios-y-progresiones-para-cancion-navidena-estilo-ptx-balada-synthwave-n_d74e8563_Arpeggios_Y_Progresiones_Para_Canción_Navideña_Estilo_Ptx,_Balada_Synthwave_N.jpeg size=18000
2026-08-15 09:02:31 INFO OK id=fd8c4d05-0a6c-426e-9a55-6a30c490ca1a file=la-misma-lluvia_fd8c4d05_La_misma_lluvia.jpeg size=14282
2026-08-15 09:02:31 INFO OK id=5238ab09-207b-430d-94da-ce7e17a543f1 file=vas-a-pensar-en-mi_5238ab09_Vas_a_pensar_en_mí.jpeg size=9633
2026-08-15 09:02:31 INFO OK id=e03b97d2-ce3e-4b79-984f-4b14cc7eee51 file=112-4s-grabacion-28-may-18-52-remix_e03b97d2_112.4s_Grabación_(28_may_@_1852)_(Remix).jpeg size=16863
2026-08-15 09:02:31 INFO OK id=bb706c5e-5056-40e9-8ab9-99628b13637b file=112-4s-grabacion-28-may-18-52-remix_bb706c5e_112.4s_Grabación_(28_may_@_1852)_(Remix).jpeg size=16544
2026-08-15 09:02:31 INFO OK id=34a4f7fa-46c8-4cdb-8092-3b3dadf61593 file=112-4s-grabacion-28-may-18-52-remix_34a4f7fa_112.4s_Grabación_(28_may_@_1852)_(Remix).jpeg size=14019
2026-08-15 09:02:31 INFO OK id=f2ec5e00-85eb-42c5-af2d-031b1a9fa75d file=112-4s-grabacion-28-may-18-52_f2ec5e00_112.4s_Grabación_(28_may_@_1852).jpeg size=6025
2026-08-15 09:02:31 INFO OK id=84d4897a-287e-4b08-a71a-047cdf82dcdc file=luna-tiesa_84d4897a_Luna_tiesa.jpeg size=10539
2026-08-15 09:02:31 INFO OK id=99b404ab-b045-47a8-9040-468a848feb5f file=luna-tiesa_99b404ab_Luna_tiesa.jpeg size=9108
2026-08-15 09:02:31 INFO OK id=910feb50-ece1-4733-913e-c012b6a9b3b2 file=paren-el-mundo_910feb50_Paren_el_mundo.jpeg size=19063
2026-08-15 09:02:31 INFO OK id=4c0e3e76-5152-4c7a-bebd-af491ff96161 file=paren-el-mundo_4c0e3e76_Paren_el_mundo.jpeg size=22002
2026-08-15 09:02:31 INFO OK id=64bdd2fe-3e7b-407f-8ba4-1f5671ea4724 file=pop-azamponado_64bdd2fe_Pop_azampoñado.jpeg size=14263
2026-08-15 09:02:31 INFO OK id=1880a51f-4811-4ee8-8fd3-8ee5db0f4e9e file=pop-azamponado_1880a51f_Pop_azampoñado.jpeg size=14421
2026-08-15 09:02:32 INFO OK id=c60885d9-da0b-49b2-8d02-20ad3f8e8520 file=pop-azamponado_c60885d9_Pop_azampoñado.jpeg size=12028
2026-08-15 09:02:32 INFO OK id=a339b3d1-1a51-4129-ac85-29f99beb0d3a file=pop-azamponado_a339b3d1_Pop_azampoñado.jpeg size=10434
2026-08-15 09:02:32 INFO OK id=4cc90dbb-5c61-4896-a303-a2b8ec75cc54 file=pop-azamponado_4cc90dbb_Pop_azampoñado.jpeg size=14004
2026-08-15 09:02:32 INFO OK id=8959ebbd-725a-4f8f-b7ca-6cd2fcfd8716 file=pop-azamponado_8959ebbd_Pop_azampoñado.jpeg size=14265
2026-08-15 09:02:32 INFO OK id=b9783881-5f6d-4b5f-8f8f-96e851886d5d file=la-fiesta-de-la-zampona_b9783881_La_fiesta_de_la_zampoña.jpeg size=11106
2026-08-15 09:02:32 INFO OK id=a614b07f-735f-4d3e-bddb-34a25dc09c56 file=la-fiesta-de-la-zampona_a614b07f_La_fiesta_de_la_zampoña.jpeg size=11364
2026-08-15 09:02:32 INFO OK id=bb45a611-f113-451a-a3ba-a7bb366e3772 file=la-fiesta-de-la-zampona_bb45a611_La_fiesta_de_la_zampoña.jpeg size=11115
2026-08-15 09:02:32 INFO OK id=701885c8-f44c-4e29-a753-4d475219e624 file=la-fiesta-de-la-zampona_701885c8_La_fiesta_de_la_zampoña.jpeg size=11264
2026-08-15 09:02:32 INFO OK id=ab257620-9655-439c-8bca-bf9519382a5b file=la-fiesta-de-la-zampona_ab257620_La_fiesta_de_la_zampoña.jpeg size=13984
2026-08-15 09:02:32 INFO OK id=b4a5e9c9-f396-425c-8625-1d1dbf58a4ad file=pop-azamponado_b4a5e9c9_Pop_azampoñado.jpeg size=18331
2026-08-15 09:02:32 INFO OK id=c8ce2a41-f934-42b4-9d45-ae5df923bfa0 file=pop-azamponado_c8ce2a41_Pop_azampoñado.jpeg size=16722
2026-08-15 09:02:32 INFO OK id=9aef7588-ddc4-4bd9-8954-1cf8e4cdaaf9 file=pop-azamponado_9aef7588_Pop_azampoñado.jpeg size=16085
2026-08-15 09:02:32 INFO OK id=b871eae1-1bae-4f0c-8bb6-c35cf0d4d175 file=pop-azamponado_b871eae1_Pop_azampoñado.jpeg size=16835
2026-08-15 09:02:32 INFO OK id=60fc11c2-f318-449f-b513-64bad502244f file=pop-azamponado_60fc11c2_Pop_azampoñado.jpeg size=16235
2026-08-15 09:02:32 INFO OK id=2c0d306a-8980-4b5e-935a-cc914e9bc251 file=pop-azamponado_2c0d306a_Pop_azampoñado.jpeg size=16518
2026-08-15 09:02:32 INFO OK id=bf1f820c-2891-462d-86f8-6652fb62236a file=la-fiesta-de-la-zampona_bf1f820c_La_fiesta_de_la_zampoña.jpeg size=13220
2026-08-15 09:02:32 INFO OK id=d215bb23-f1bb-4cbe-94d3-017508f024b7 file=la-fiesta-de-la-zampona_d215bb23_La_fiesta_de_la_zampoña.jpeg size=9681
2026-08-15 09:02:32 INFO OK id=9e369f71-7715-4603-94f4-1568569ff530 file=la-fiesta-de-la-zampona_9e369f71_La_fiesta_de_la_zampoña.jpeg size=18982
2026-08-15 09:02:33 INFO OK id=d4ead20e-fdd3-4518-85e1-7d694a16581a file=la-fiesta-de-la-zampona_d4ead20e_La_fiesta_de_la_zampoña.jpeg size=18466
2026-08-15 09:02:33 INFO OK id=fee7d70b-fba9-4e70-9d14-b86f18998742 file=fiesta-de-salivazo_fee7d70b_Fiesta_de_Salivazo.jpeg size=15933
2026-08-15 09:02:33 INFO OK id=0fc024e1-1b7f-488a-8f23-9dc4365dba96 file=fiesta-de-salivazo_0fc024e1_Fiesta_de_Salivazo.jpeg size=19354
2026-08-15 09:02:33 INFO OK id=36b758a2-1e9e-4582-9ba1-e5e36e8b40f1 file=eres-tu-mi-amanecer_36b758a2_Eres_tú_mi_amanecer.jpeg size=10207
2026-08-15 09:02:33 INFO OK id=282b64d6-4375-46de-82c2-0c7c959959e0 file=eres-tu-mi-amanecer_282b64d6_Eres_tú_mi_amanecer.jpeg size=14791
2026-08-15 09:02:33 INFO OK id=8357bbf4-357b-46bd-a759-3111dcefd744 file=para-escuchar-te-amo_8357bbf4_Para_escuchar_te_amo.jpeg size=6870
2026-08-15 09:02:33 INFO OK id=f44694a6-909e-40d5-aeeb-9f49d6f6bee5 file=rec-para-escuchar-te-amo_f44694a6_Rec_Para_escuchar_te_amo.jpeg size=7462
2026-08-15 09:02:33 INFO OK id=ff9d1eed-5c8c-4ba9-ab06-892ac029ff8c file=al-encuentro-del-amor_ff9d1eed_Al_encuentro_del_amor.jpeg size=8644
2026-08-15 09:02:33 INFO OK id=e69e38c2-d5ea-4d15-be56-d2e0b5a7b22c file=al-encuentro-del-amor-remix-cumbia_e69e38c2_Al_encuentro_del_amor_(Remix)_(Cumbia).jpeg size=14801
2026-08-15 09:02:33 INFO OK id=09f8df9c-3d41-4ae3-8447-53b9b8592c69 file=al-encuentro-del-amor-remix-cumbia_09f8df9c_Al_encuentro_del_amor_(Remix)_(Cumbia).jpeg size=10838
2026-08-15 09:02:33 INFO OK id=6fbb75d0-bc22-4b96-966e-e3ba12206a4c file=al-encuentro-del-amor-remix-cumbia_6fbb75d0_Al_encuentro_del_amor_(Remix)_(Cumbia).jpeg size=12996
2026-08-15 09:02:33 INFO OK id=2ebff0ac-f010-42f1-a2ef-f2dcd9df343c file=al-encuentro-del-amor-remix-cumbia_2ebff0ac_Al_encuentro_del_amor_(Remix)_(Cumbia).jpeg size=15986
2026-08-15 09:02:33 INFO OK id=577fdab0-fdd6-465f-9c56-23ea8719c050 file=al-encuentro-del-amor-remix-cumbia_577fdab0_Al_encuentro_del_amor_(Remix)_(Cumbia).jpeg size=11622
2026-08-15 09:02:33 INFO OK id=d49569f7-279e-4ead-8a62-f9aac9b2fe31 file=al-encuentro-del-amor-remix-cumbia_d49569f7_Al_encuentro_del_amor_(Remix)_(Cumbia).jpeg size=9127
2026-08-15 09:02:33 INFO OK id=e0655557-e7d8-4065-989d-bde7399dfea4 file=al-encuentro-del-amor-remix-cumbia_e0655557_Al_encuentro_del_amor_(Remix)_(Cumbia).jpeg size=12735
2026-08-15 09:02:33 INFO OK id=4f4980f7-58c5-4a75-9440-0afc6155d534 file=al-encuentro-del-amor-remix-cumbia_4f4980f7_Al_encuentro_del_amor_(Remix)_(Cumbia).jpeg size=13692
2026-08-15 09:02:33 INFO OK id=3656b45d-f010-4776-b192-8bb1443c0896 file=al-encuentro-del-amor-remix-cumbia_3656b45d_Al_encuentro_del_amor_(Remix)_(Cumbia).jpeg size=13313
2026-08-15 09:02:33 INFO OK id=40bf5bb6-5a9c-4ba1-9abb-a2dbd968b17b file=al-encuentro-del-amor-remix-cumbia_40bf5bb6_Al_encuentro_del_amor_(Remix)_(Cumbia).jpeg size=15641
2026-08-15 09:02:33 INFO OK id=4e26f126-d767-400c-8dd5-9bd58cf69f81 file=al-encuentro-del-amor-remix-cumbia_4e26f126_Al_encuentro_del_amor_(Remix)_(Cumbia).jpeg size=15704
2026-08-15 09:02:33 INFO OK id=6bc38958-4404-4c27-b6c0-7f099a682fa8 file=al-encuentro-del-amor-remix-cumbia_6bc38958_Al_encuentro_del_amor_(Remix)_(Cumbia).jpeg size=16150
2026-08-15 09:02:34 INFO OK id=daa6dbce-ce3f-4c04-8b25-58087b86a4e4 file=al-encuentro-del-amor-remix-cumbia_daa6dbce_Al_encuentro_del_amor_(Remix)_(Cumbia).jpeg size=10667
2026-08-15 09:02:34 INFO OK id=fa68777c-4765-4cf7-a90e-f6a6f107dbee file=al-encuentro-del-amor-remix-cumbia_fa68777c_Al_encuentro_del_amor_(Remix)_(Cumbia).jpeg size=14378
2026-08-15 09:02:34 INFO OK id=fa8d732d-4777-4b2f-92fa-610ffc24ee8a file=al-encuentro-del-amor-remix-cumbia_fa8d732d_Al_encuentro_del_amor_(Remix)_(Cumbia).jpeg size=12763
2026-08-15 09:02:34 INFO OK id=e1678370-58a7-44c4-b07e-5afc6b5353a4 file=al-encuentro-del-amor-remix-cumbia_e1678370_Al_encuentro_del_amor_(Remix)_(Cumbia).jpeg size=11269
2026-08-15 09:02:34 INFO OK id=db71b007-d1f6-41bd-9931-e57fd33e9728 file=al-encuentro-del-amor-remix-cumbia_db71b007_Al_encuentro_del_amor_(Remix)_(Cumbia).jpeg size=13958
2026-08-15 09:02:34 INFO OK id=1f0f88df-1f8f-480a-8d9c-0ea05943f115 file=al-encuentro-del-amor-remix-cumbia_1f0f88df_Al_encuentro_del_amor_(Remix)_(Cumbia).jpeg size=12030
2026-08-15 09:02:34 INFO OK id=58ede60c-58ab-4627-a141-04245947b45c file=al-encuentro-del-amor-remix-cumbia_58ede60c_Al_encuentro_del_amor_(Remix)_(Cumbia).jpeg size=11451
2026-08-15 09:02:34 INFO OK id=e891aca5-0c58-4b3c-9b82-022c278f6091 file=al-encuentro-del-amor-remix-cumbia_e891aca5_Al_encuentro_del_amor_(Remix)_(Cumbia).jpeg size=15189
2026-08-15 09:02:34 INFO OK id=0b0d253f-837d-488a-aa6f-e01f0614e1a0 file=76-1s-recording-may-23-11-01-pm_0b0d253f_76.1s_Recording_(May_23_@_1101_PM).jpeg size=10980
2026-08-15 09:02:34 INFO OK id=09988ed6-8951-44a2-a8bd-0bf26ced6c79 file=eres-tu-mi-amanecer_09988ed6_Eres_tú_mi_amanecer_.jpeg size=11585
2026-08-15 09:02:34 INFO OK id=da4d8cae-465f-438f-821d-e306bbc501bb file=76-1s-recording-may-23-11-01-pm_da4d8cae_76.1s_Recording_(May_23_@_1101_PM).jpeg size=10446
2026-08-15 09:02:34 INFO OK id=0339714a-981f-43f0-b85f-48c483abe569 file=76-1s-recording-may-23-11-01-pm_0339714a_76.1s_Recording_(May_23_@_1101_PM).jpeg size=9112
2026-08-15 09:02:34 INFO OK id=d1454d9c-d78d-4a5c-af88-7d47de815359 file=76-1s-recording-may-23-11-01-pm_d1454d9c_76.1s_Recording_(May_23_@_1101_PM).jpeg size=7320
2026-08-15 09:02:34 INFO OK id=5a2518c5-3c09-484b-855e-5d833dad346b file=arpegio-de-sol-cover_5a2518c5_Arpegio_de_Sol_cover.jpeg size=5946
2026-08-15 09:02:34 INFO OK id=7130ece1-f7a7-4a4e-ba47-2f2b1752d0d6 file=arpegio-de-sol-cover_7130ece1_Arpegio_de_Sol_cover.jpeg size=7027
2026-08-15 09:02:34 INFO OK id=7f60c5b0-e598-46d7-be0f-8f74a22f0a7f file=arpegio-de-sol-cover_7f60c5b0_Arpegio_de_Sol_cover.jpeg size=11337
2026-08-15 09:02:34 INFO OK id=466e3f7b-b462-4aee-9ff7-e3a7014cb4c6 file=arpegio-de-sol-cover_466e3f7b_Arpegio_de_Sol_cover.jpeg size=11675
2026-08-15 09:02:34 INFO OK id=6f294960-7419-41ee-955e-cd3556a09e49 file=arpegio-de-sol-cover_6f294960_Arpegio_de_Sol_cover.jpeg size=9969
2026-08-15 09:02:34 INFO OK id=a4048881-d87b-494e-b5a6-c9bdc05e031d file=arpegio-de-sol-cover_a4048881_Arpegio_de_Sol_cover.jpeg size=12321
2026-08-15 09:02:35 INFO OK id=a0de278a-36ab-4455-b71c-cddde7f7e084 file=arpegio-de-sol_a0de278a_Arpegio_de_Sol.jpeg size=11785
2026-08-15 09:02:35 INFO OK id=f3848b70-062a-4f32-97d5-221bce5ef0ce file=arpegio-de-sol_f3848b70_Arpegio_de_Sol.jpeg size=11160
2026-08-15 09:02:35 INFO OK id=2045d40f-7f16-4be1-8b20-c6b120d62c56 file=al-encuentro-del-amor-remix-cumbia_2045d40f_Al_encuentro_del_amor_(Remix)_(Cumbia).jpeg size=9979
2026-08-15 09:02:35 INFO OK id=e73662a0-e2df-4d4d-be6e-f87859e3f1e8 file=al-encuentro-del-amor-remix-cumbia_e73662a0_Al_encuentro_del_amor_(Remix)_(Cumbia).jpeg size=11252
2026-08-15 09:02:35 INFO OK id=de4e0580-b9d4-4f9f-87b6-35b4182aa31b file=al-encuentro-del-amor-remix-cumbia_de4e0580_Al_encuentro_del_amor_(Remix)_(Cumbia).jpeg size=15065
2026-08-15 09:02:35 INFO OK id=fe44e50e-1eb3-4a23-ba82-7d8c7e4c8ae0 file=al-encuentro-del-amor-remix-cumbia_fe44e50e_Al_encuentro_del_amor_(Remix)_(Cumbia).jpeg size=14765
2026-08-15 09:02:35 INFO OK id=7692bad4-4a69-4a91-89e5-179cec600afa file=un-pez-muerto-de-sed_7692bad4_Un_pez_muerto_de_sed.jpeg size=14933
2026-08-15 09:02:35 INFO OK id=bebd4b37-2a91-4ba7-86e1-1f0814ed7a83 file=un-pez-muerto-de-sed_bebd4b37_Un_pez_muerto_de_sed.jpeg size=14204
2026-08-15 09:02:35 INFO OK id=c894eb7c-dc29-4ebc-b577-1ac2eb1728b5 file=un-pez-muerto-de-sed_c894eb7c_Un_pez_muerto_de_sed.jpeg size=12640
2026-08-15 09:02:35 INFO OK id=b372be6b-20e7-4c46-9067-09ca134a5497 file=un-pez-muerto-de-sed_b372be6b_Un_pez_muerto_de_sed.jpeg size=14012
2026-08-15 09:02:35 INFO OK id=8047260d-47ff-4524-8ee5-b0db2cc8ccc1 file=pulso-de-siete-notas_8047260d_Pulso_de_Siete_Notas.jpeg size=8981
2026-08-15 09:02:35 INFO OK id=a91f2eee-96fc-416d-b39b-ee17fdcdf6ce file=pulso-de-siete-notas_a91f2eee_Pulso_de_Siete_Notas.jpeg size=9233
2026-08-15 09:02:35 INFO OK id=838bcbfa-f142-4101-933b-b629e17b2da7 file=pulso-de-regreso_838bcbfa_Pulso_de_Regreso.jpeg size=14165
2026-08-15 09:02:35 INFO OK id=4e4dd735-40ba-49b5-83e8-d9fe39983d1a file=pulso-de-regreso_4e4dd735_Pulso_de_Regreso.jpeg size=14108
2026-08-15 09:02:35 INFO OK id=b229b5dd-2b32-4dac-bb57-f074abe11b58 file=pulso-de-siete-notas_b229b5dd_Pulso_de_Siete_Notas.jpeg size=12331
2026-08-15 09:02:35 INFO OK id=b13e3ec6-5610-4682-a6f8-047f1677dd32 file=pulso-de-siete-notas_b13e3ec6_Pulso_de_Siete_Notas.jpeg size=11322
2026-08-15 09:02:35 INFO OK id=b1da56a7-eb34-4e69-ae47-a80d921fdb56 file=pulso-de-siete-notas_b1da56a7_Pulso_de_siete_notas.jpeg size=14665
2026-08-15 09:02:35 INFO OK id=16899ed3-4a4e-424b-b117-75e2c87b7eb2 file=pulso-siete_16899ed3_Pulso_Siete.jpeg size=20114
2026-08-15 09:02:35 INFO OK id=b398762e-5405-4488-a05a-1fc0560f4c9f file=pulso-siete_b398762e_Pulso_Siete.jpeg size=19426
2026-08-15 09:02:35 INFO OK id=cfc10cf0-85e9-410e-acea-0183c7b02095 file=para-escuchar-te-amo_cfc10cf0_Para_escuchar_te_amo.jpeg size=11309
2026-08-15 09:02:35 INFO OK id=e87414ac-ee2b-4aac-8f84-950b4f3b6e20 file=para-escuchar-te-amo_e87414ac_Para_escuchar_te_amo.jpeg size=10373
2026-08-15 09:02:36 INFO OK id=cbe04fb2-63d2-409e-b70b-9d361615b7b7 file=la-oficina-de-objetos-perdidos-remastered_cbe04fb2_La_oficina_de_objetos_perdidos_(Remastered).jpeg size=7676
2026-08-15 09:02:36 INFO OK id=1a54669a-41a8-4adf-b110-999e1680feb1 file=al-encuentro-del-amor-remix-cumbia_1a54669a_Al_encuentro_del_amor_(Remix)_(Cumbia).jpeg size=13829
2026-08-15 09:02:36 INFO OK id=073ecea9-58eb-494b-96b3-6af6dc7b0074 file=al-encuentro-del-amor-remix-cumbia_073ecea9_Al_encuentro_del_amor_(Remix)_(Cumbia).jpeg size=13733
2026-08-15 09:02:36 INFO OK id=15d65268-b83e-40fd-902e-4d93d2dec211 file=al-encuentro-del-amor-remix-cumbia_15d65268_Al_encuentro_del_amor_(Remix)_(Cumbia).jpeg size=8835
2026-08-15 09:02:36 INFO OK id=d7615966-3289-4960-9f6f-b9663abb06a7 file=al-encuentro-del-amor-remix-cumbia_d7615966_Al_encuentro_del_amor_(Remix)_(Cumbia).jpeg size=18386
2026-08-15 09:02:36 INFO OK id=681fa3ed-0c9a-4537-9148-76221c65a7b8 file=al-encuentro-del-amor-remix-cumbia_681fa3ed_Al_encuentro_del_amor_(Remix)_(Cumbia).jpeg size=16631
2026-08-15 09:02:36 INFO OK id=424fe37a-dbbe-48c6-af79-d2c46b5c940c file=solo-abreme-el-telon-instrumental_424fe37a_Sólo_ábreme_el_telón_(Instrumental).jpeg size=12235
2026-08-15 09:02:36 INFO OK id=c93b8e31-3383-4141-8aad-8cd61bb5aeb9 file=solo-abreme-el-telon-vocals_c93b8e31_Sólo_ábreme_el_telón_(Vocals).jpeg size=12235
2026-08-15 09:02:36 INFO OK id=8b54619a-5e39-4dc6-9867-ca0673a72de2 file=solo-abreme-el-telon-instrumental_8b54619a_Sólo_ábreme_el_telón_(Instrumental).jpeg size=12235
2026-08-15 09:02:36 INFO OK id=3cc63aa9-ad50-49f4-aa39-8817fc64a9dc file=solo-abreme-el-telon-vocals_3cc63aa9_Sólo_ábreme_el_telón_(Vocals).jpeg size=12235
2026-08-15 09:02:36 INFO OK id=0e8acd6b-12ff-48d4-87a2-9f7843ce48c3 file=peso-sagrado_0e8acd6b_Peso_Sagrado.jpeg size=17280
2026-08-15 09:02:36 INFO OK id=3b2ed8c1-7afe-4591-b8df-3d6e18334c20 file=peso-sagrado_3b2ed8c1_Peso_Sagrado.jpeg size=16518
2026-08-15 09:02:36 INFO OK id=8d2caaa4-540b-4d0a-823b-797ef8238f7f file=flute-quena-whistle-acordeon-synth-rock-anthem-2000s-post-britpop-two-minute_8d2caaa4_Flute_Quena_Whistle_Acordeón_Synth_Rock_Anthem_2000s_Post-britpop_Two_Minute.jpeg size=11984
2026-08-15 09:02:36 INFO OK id=de5fdee7-7318-454c-bf6b-c6878c548a15 file=flute-quena-whistle-acordeon-synth-rock-anthem-2000s-post-britpop-two-minute_de5fdee7_Flute_Quena_Whistle_Acordeón_Synth_Rock_Anthem_2000s_Post-britpop_Two_Minute.jpeg size=13810
2026-08-15 09:02:36 INFO OK id=11fd30ae-3f8e-4891-bd08-5243103e8114 file=flute-quena-whistle-acordeon-synth-rock-anthem-2000s-post-britpop-two-minute_11fd30ae_Flute_Quena_Whistle_Acordeón_Synth_Rock_Anthem_2000s_Post-britpop_Two_Minute.jpeg size=12091
2026-08-15 09:02:36 INFO OK id=5dcc0e03-1e02-4c19-ac70-4f2bc445ca25 file=flute-quena-whistle-acordeon-synth-rock-anthem-2000s-post-britpop-two-minute_5dcc0e03_Flute_Quena_Whistle_Acordeón_Synth_Rock_Anthem_2000s_Post-britpop_Two_Minute.jpeg size=16812
2026-08-15 09:02:36 INFO OK id=78e2a106-20eb-4e2a-8396-d14dccf79e80 file=flute-quena-whistle-acordeon-synth-rock-anthem-2000s-post-britpop-two-minute_78e2a106_Flute_Quena_Whistle_Acordeón_Synth_Rock_Anthem_2000s_Post-britpop_Two_Minute.jpeg size=18577
2026-08-15 09:02:36 INFO OK id=2efdc159-3197-4c73-8cd9-b6055f82bd3b file=flute-quena-whistle-acordeon-synth-rock-anthem-2000s-post-britpop-two-minute_2efdc159_Flute_Quena_Whistle_Acordeón_Synth_Rock_Anthem_2000s_Post-britpop_Two_Minute.jpeg size=18485
2026-08-15 09:02:36 INFO OK id=29b2bfbf-1e11-4efd-89dd-e1238bde58b7 file=flute-quena-whistle-acordeon-rock-anthem-2000s-post-britpop-two-minutes-prog_29b2bfbf_Flute_Quena_Whistle_Acordeón_Rock_Anthem_2000s_Post-britpop_Two_Minutes_Prog.jpeg size=10938
2026-08-15 09:02:36 INFO OK id=14012200-7985-402c-b3d0-d1b26ce36226 file=flute-quena-whistle-acordeon-rock-anthem-2000s-post-britpop-two-minutes-prog_14012200_Flute_Quena_Whistle_Acordeón_Rock_Anthem_2000s_Post-britpop_Two_Minutes_Prog.jpeg size=13790
2026-08-15 09:02:37 INFO OK id=e3df2f4e-e090-44d3-a762-c512545e2426 file=flute-quena-whistle-acordeon-rock-anthem-2000s-post-britpop_e3df2f4e_Flute_Quena_Whistle_Acordeón_Rock_Anthem_2000s_Post-britpop_.jpeg size=13611
2026-08-15 09:02:37 INFO OK id=ba89d316-c366-486c-9e45-2d1d7482cdab file=flute-quena-whistle-acordeon-rock-anthem-2000s-post-britpop_ba89d316_Flute_Quena_Whistle_Acordeón_Rock_Anthem_2000s_Post-britpop_.jpeg size=12825
2026-08-15 09:02:37 INFO OK id=108ec0b5-9a41-4b46-9f94-c09afb98482d file=flute-quena-whistle-rock-anthem-2000s-post-britpop_108ec0b5_Flute_Quena_Whistle_Rock_Anthem_2000s_Post-britpop_.jpeg size=11467
2026-08-15 09:02:37 INFO OK id=d12bbf13-5e6c-41a4-aaf5-a8598d3dc42f file=flute-quena-whistle-rock-anthem-2000s-post-britpop_d12bbf13_Flute_Quena_Whistle_Rock_Anthem_2000s_Post-britpop_.jpeg size=14665
2026-08-15 09:02:37 INFO OK id=f792c5f2-b103-4037-81b6-f7e7402889f5 file=flute-quena-whistle-rock-anthem-2000s-post-britpop_f792c5f2_Flute_Quena_Whistle_Rock_Anthem_2000s_Post-britpop_.jpeg size=14477
2026-08-15 09:02:37 INFO OK id=9d92fa8d-72b6-4f97-8911-45e9d6dfd7f2 file=flute-quena-whistle-rock-anthem-2000s-post-britpop_9d92fa8d_Flute_Quena_Whistle_Rock_Anthem_2000s_Post-britpop_.jpeg size=13571
2026-08-15 09:02:37 INFO OK id=499b249c-ffa9-42e8-a24c-876d30fb3433 file=flute-rock-anthem-2000s-post-britpop_499b249c_Flute_Rock_Anthem_2000s_Post-britpop_.jpeg size=13486
2026-08-15 09:02:37 INFO OK id=77cd71d6-c965-4a40-ab9e-ec26d8e84d47 file=flute-rock-anthem-2000s-post-britpop_77cd71d6_Flute_Rock_Anthem_2000s_Post-britpop_.jpeg size=11905
2026-08-15 09:02:37 INFO OK id=8738328d-5c03-4577-a238-12cb8de50b63 file=a-melodic-alternative-rock-anthem-2000s-post-britpop-style-acoustic-and-cle_8738328d_A_Melodic_Alternative_Rock_Anthem,_2000s_Post-britpop_Style,_Acoustic_And_Cle.jpeg size=7621
2026-08-15 09:02:37 INFO OK id=e42ba3f0-23b1-4401-949c-cdfd38a391cf file=a-melodic-alternative-rock-anthem-2000s-post-britpop-style-acoustic-and-cle_e42ba3f0_A_Melodic_Alternative_Rock_Anthem,_2000s_Post-britpop_Style,_Acoustic_And_Cle.jpeg size=7303
2026-08-15 09:02:37 INFO OK id=4b6e15bb-303d-4296-8c79-c8395885a792 file=a-melodic-alternative-rock-anthem-2000s-post-britpop-style-acoustic-and-cle_4b6e15bb_A_Melodic_Alternative_Rock_Anthem,_2000s_Post-britpop_Style,_Acoustic_And_Cle.jpeg size=12632
2026-08-15 09:02:37 INFO OK id=9f5b32b4-5aaa-4180-af77-c444bc870b16 file=a-melodic-alternative-rock-anthem-2000s-post-britpop-style-acoustic-and-cle_9f5b32b4_A_Melodic_Alternative_Rock_Anthem,_2000s_Post-britpop_Style,_Acoustic_And_Cle.jpeg size=13084
2026-08-15 09:02:37 INFO OK id=f7be8231-3bce-4d21-8ed2-503c7bb5fe62 file=a-melodic-alternative-rock-anthem-2000s-post-britpop-style-acoustic-and-cle_f7be8231_A_Melodic_Alternative_Rock_Anthem,_2000s_Post-britpop_Style,_Acoustic_And_Cle.jpeg size=13122
2026-08-15 09:02:37 INFO OK id=79f279ba-852b-4025-9042-95560342d29a file=a-melodic-alternative-rock-anthem-2000s-post-britpop-style-acoustic-and-cle_79f279ba_A_Melodic_Alternative_Rock_Anthem,_2000s_Post-britpop_Style,_Acoustic_And_Cle.jpeg size=12764
2026-08-15 09:02:37 INFO OK id=f31a57bf-b591-40b4-bcc0-42d7fb3613fb file=a-melodic-alternative-rock-anthem-2000s-post-britpop-style-acoustic-and-cle_f31a57bf_A_Melodic_Alternative_Rock_Anthem,_2000s_Post-britpop_Style,_Acoustic_And_Cle.jpeg size=10206
2026-08-15 09:02:37 INFO OK id=516d4280-8e50-4956-99a4-fa40ada23777 file=a-melodic-alternative-rock-anthem-2000s-post-britpop-style-acoustic-and-cle_516d4280_A_Melodic_Alternative_Rock_Anthem,_2000s_Post-britpop_Style,_Acoustic_And_Cle.jpeg size=9569
2026-08-15 09:02:37 INFO OK id=be83df74-d0c7-41a7-8224-9fd760c7ae19 file=aurora-boreal_be83df74_Aurora_Boreal.jpeg size=13043
2026-08-15 09:02:37 INFO OK id=553e3bd0-5b00-4984-a03d-5ecc0c17d332 file=aurora-boreal_553e3bd0_Aurora_Boreal.jpeg size=10970
2026-08-15 09:02:37 INFO OK id=b9178e86-f017-45ce-aa55-4dd519458b9b file=aurora-boreal_b9178e86_Aurora_Boreal.jpeg size=12794
2026-08-15 09:02:37 INFO OK id=c885c0f1-acca-4cea-a073-344064d5b6c9 file=aurora-boreal_c885c0f1_Aurora_Boreal.jpeg size=12499
2026-08-15 09:02:37 INFO OK id=e3b85fd0-8a2c-43bf-a184-60858b9d5ff1 file=aurora-boreal_e3b85fd0_Aurora_Boreal.jpeg size=7035
2026-08-15 09:02:37 INFO OK id=d0400a8d-2426-4212-a983-4fbda3482f38 file=aurora-boreal_d0400a8d_Aurora_Boreal.jpeg size=8043
2026-08-15 09:02:38 INFO OK id=cea4cde4-f50f-48b9-9333-a84b43a889ad file=pendiente-luz-polar_cea4cde4_Pendiente_Luz_Polar.jpeg size=9492
2026-08-15 09:02:38 INFO OK id=18ea6c75-87fe-44d2-b9b8-0ee3ca4a88e4 file=pendiente-luz-polar_18ea6c75_Pendiente_Luz_Polar.jpeg size=13907
2026-08-15 09:02:38 INFO OK id=7137a3bd-9f1c-443d-88d3-b577c74fa5e4 file=aurora-en-pausa_7137a3bd_Aurora_en_Pausa.jpeg size=7767
2026-08-15 09:02:38 INFO OK id=9a2f95a0-84a1-432b-9c85-d36c1830cf96 file=a-melodic-alternative-rock-anthem-2000s-post-britpop-style-acoustic-and-cle_9a2f95a0_A_Melodic_Alternative_Rock_Anthem,_2000s_Post-britpop_Style,_Acoustic_And_Cle.jpeg size=12465
2026-08-15 09:02:38 INFO OK id=fd3533a7-9575-44d1-9e19-84914f4ba773 file=a-melodic-alternative-rock-anthem-2000s-post-britpop-style-acoustic-and-cle_fd3533a7_A_Melodic_Alternative_Rock_Anthem,_2000s_Post-britpop_Style,_Acoustic_And_Cle.jpeg size=11047
2026-08-15 09:02:38 INFO OK id=e0914aa9-9182-4252-96f4-a5c6b177b07a file=numnurum-3gpp-3ga_e0914aa9_numnurum.3gpp.3ga.jpeg size=14879
2026-08-15 09:02:38 INFO OK id=019f514f-4d5a-4e87-969e-d11c01f0657a file=numnurum-3gpp-3ga_019f514f_numnurum.3gpp.3ga.jpeg size=14735
2026-08-15 09:02:38 INFO OK id=5a1884e4-d206-48b8-aeb6-5a8380ce5d76 file=numnurum-3gpp-3ga_5a1884e4_numnurum.3gpp.3ga.jpeg size=8005
2026-08-15 09:02:38 INFO OK id=920b13ba-b16b-48cb-8482-d306f90f420f file=balada-chamber-pop_920b13ba_Balada_Chamber_Pop.jpeg size=7955
2026-08-15 09:02:38 INFO OK id=8697cf79-77ba-4444-af0a-711257fb8266 file=balada-chamber-pop_8697cf79_Balada_Chamber_Pop.jpeg size=8606
2026-08-15 09:02:38 INFO OK id=1d2c8763-a06c-461b-bd7e-8941ad9651f2 file=balada-chamber-pop_1d2c8763_Balada_Chamber_Pop.jpeg size=17987
2026-08-15 09:02:38 INFO OK id=d3d0e9a2-47fe-44cb-a943-38307e57e8b9 file=balada-chamber-pop_d3d0e9a2_Balada_Chamber_Pop.jpeg size=18437
2026-08-15 09:02:38 INFO OK id=21cca889-3b10-4f59-ab56-4726481d03ea file=balada-chamber-pop_21cca889_Balada_Chamber_Pop.jpeg size=17468
2026-08-15 09:02:38 INFO OK id=a41a398b-5e51-4a58-bfeb-52ae10e43ea7 file=balada-chamber-pop_a41a398b_Balada_Chamber_Pop.jpeg size=16547
2026-08-15 09:02:38 INFO OK id=d723ccbd-bff0-44e8-947f-e02dc755b9b9 file=balada-chamber-pop_d723ccbd_Balada_Chamber_Pop.jpeg size=10766
2026-08-15 09:02:38 INFO OK id=9f2a2a6d-f8a2-42d5-8f3a-33701249d2f6 file=balada-chamber-pop_9f2a2a6d_Balada_Chamber_Pop.jpeg size=11273
2026-08-15 09:02:38 INFO OK id=37b622b1-f8ef-410a-a603-22853e04b24e file=chamber-pop_37b622b1_Chamber_Pop.jpeg size=14020
2026-08-15 09:02:38 INFO OK id=c75ec563-073c-42ee-9fd5-149eaa25f9e2 file=chamber-pop_c75ec563_Chamber_Pop.jpeg size=11837
2026-08-15 09:02:38 INFO OK id=9267fa23-2043-44db-95af-b58c7e90d764 file=balada-chamber-pop_9267fa23_Balada_Chamber_Pop.jpeg size=11252
2026-08-15 09:02:38 INFO OK id=5f3e0b91-6688-4baf-a369-0ea88f277955 file=balada-chamber-pop_5f3e0b91_Balada_Chamber_Pop.jpeg size=14005
2026-08-15 09:02:38 INFO OK id=9a59a192-cf8c-4133-95a0-6486453baff8 file=balada-chamber-pop_9a59a192_Balada_Chamber_Pop.jpeg size=17117
2026-08-15 09:02:39 INFO OK id=f0e8ce97-9beb-4b13-bb6f-47a852438a35 file=balada-chamber-pop_f0e8ce97_Balada_Chamber_Pop.jpeg size=16130
2026-08-15 09:02:39 INFO OK id=a1a754ca-0b2e-4fc5-9d5f-d6de5b53249b file=ritmo-medieval-pop-synthwave_a1a754ca_Ritmo_Medieval_Pop_Synthwave.jpeg size=14114
2026-08-15 09:02:39 INFO OK id=58d006ce-1503-44d1-bf87-fa9a98149595 file=ritmo-medieval-pop-synthwave_58d006ce_Ritmo_Medieval_Pop_Synthwave.jpeg size=15207
2026-08-15 09:02:39 INFO OK id=fe42b001-8b4c-4bfe-bcc0-f2559b116b34 file=cancion-medieval-para-ser-narrada-por-juglar-leyenda-epico_fe42b001_Canción_Medieval_Para_Ser_Narrada_Por_Juglar,_Leyenda_Épico.jpeg size=16145
2026-08-15 09:02:39 INFO OK id=cfcf0625-1827-4392-b716-236da2b3b757 file=cancion-medieval-para-ser-narrada-por-juglar-leyenda-epico_cfcf0625_Canción_Medieval_Para_Ser_Narrada_Por_Juglar,_Leyenda_Épico.jpeg size=15364
2026-08-15 09:02:39 INFO OK id=7c09ba65-e116-43a2-887b-97ecccb5474e file=genero-synth-pop-new-wave-estilo-dance-pop-de-los-80-pop-feminista-pos_7c09ba65_Género_Synth-pop_New_Wave_estilo_Dance-pop_De_Los_80,_Pop_Feminista,_Pos.jpeg size=12618
2026-08-15 09:02:39 INFO OK id=289c0c3d-73ea-4eec-8c4a-840a26e1f1c5 file=genero-synth-pop-new-wave-estilo-dance-pop-de-los-80-pop-feminista-pos_289c0c3d_Género_Synth-pop_New_Wave_estilo_Dance-pop_De_Los_80,_Pop_Feminista,_Pos.jpeg size=12678
2026-08-15 09:02:39 INFO OK id=29dc57a5-57f0-47cc-8b1f-2cb923d5a30c file=genero-synth-pop-new-wave-estilo-dance-pop-de-los-80-pop-feminista-pos_29dc57a5_Género_Synth-pop_New_Wave_estilo_Dance-pop_De_Los_80,_Pop_Feminista,_Pos.jpeg size=18775
2026-08-15 09:02:39 INFO OK id=c005672d-2577-4b06-b9e0-71837e625863 file=genero-synth-pop-new-wave-estilo-dance-pop-de-los-80-pop-feminista-pos_c005672d_Género_Synth-pop_New_Wave_estilo_Dance-pop_De_Los_80,_Pop_Feminista,_Pos.jpeg size=18693
2026-08-15 09:02:39 INFO OK id=efd6dd41-528d-400e-b6fa-c9c365abbd42 file=genero-synth-pop-new-wave-estilo-dance-pop-de-los-80-pop-feminista-pos_efd6dd41_Género_Synth-pop_New_Wave_estilo_Dance-pop_De_Los_80,_Pop_Feminista,_Pos.jpeg size=21935
2026-08-15 09:02:39 INFO OK id=9b4f810c-cc6d-4bff-9956-f5174c2c7a6d file=genero-synth-pop-new-wave-estilo-dance-pop-de-los-80-pop-feminista-pos_9b4f810c_Género_Synth-pop_New_Wave_estilo_Dance-pop_De_Los_80,_Pop_Feminista,_Pos.jpeg size=18257
2026-08-15 09:02:39 INFO OK id=a76632b0-5ce8-4843-8b17-07721dc50369 file=genero-synth-pop-new-wave-estilo-dance-pop-de-los-80-pop-feminista-pos_a76632b0_Género_Synth-pop_New_Wave_estilo_Dance-pop_De_Los_80,_Pop_Feminista,_Pos.jpeg size=13246
2026-08-15 09:02:39 INFO OK id=ad4c02b1-4468-4a79-bc65-cfdc262bc0a2 file=genero-synth-pop-new-wave-estilo-dance-pop-de-los-80-pop-feminista-pos_ad4c02b1_Género_Synth-pop_New_Wave_estilo_Dance-pop_De_Los_80,_Pop_Feminista,_Pos.jpeg size=13293
2026-08-15 09:02:39 INFO OK id=c9b7db7e-aa50-4195-83a6-48d620777103 file=genero-synth-pop-new-wave-estilo-dance-pop-de-los-80-pop-feminista-pos_c9b7db7e_Género_Synth-pop_New_Wave_estilo_Dance-pop_De_Los_80,_Pop_Feminista,_Pos.jpeg size=15154
2026-08-15 09:02:39 INFO OK id=de8c80c9-e2c9-4c56-bee6-25067b9f5a31 file=genero-synth-pop-new-wave-estilo-dance-pop-de-los-80-pop-feminista-pos_de8c80c9_Género_Synth-pop_New_Wave_estilo_Dance-pop_De_Los_80,_Pop_Feminista,_Pos.jpeg size=16215
2026-08-15 09:02:39 INFO OK id=1ef93c55-0ead-4bea-bc35-d6d99f4c637d file=genero-synth-pop-new-wave-estilo-dance-pop-de-los-80-pop-feminista-pos_1ef93c55_Género_Synth-pop_New_Wave_estilo_Dance-pop_De_Los_80,_Pop_Feminista,_Pos.jpeg size=15986
2026-08-15 09:02:39 INFO OK id=20126732-e54d-4898-ab11-563dfc8daaa1 file=genero-synth-pop-new-wave-estilo-dance-pop-de-los-80-pop-feminista-pos_20126732_Género_Synth-pop_New_Wave_estilo_Dance-pop_De_Los_80,_Pop_Feminista,_Pos.jpeg size=15957
2026-08-15 09:02:39 INFO OK id=622ab3dd-a515-42f4-b64b-f37ff3f58972 file=genero-synth-pop-new-wave-estilo-dance-pop-de-los-80-pop-feminista-pos_622ab3dd_Género_Synth-pop_New_Wave_estilo_Dance-pop_De_Los_80,_Pop_Feminista,_Pos.jpeg size=16052
2026-08-15 09:02:39 INFO OK id=9005b52c-9913-485c-8ab0-4f6d70ba81fe file=ob-8-power_9005b52c_OB-8_Power.jpeg size=17809
2026-08-15 09:02:40 INFO OK id=29c35bc9-7cf6-46ae-bb7a-e6863ae3203d file=ob-8-power_29c35bc9_OB-8_Power.jpeg size=16459
2026-08-15 09:02:40 INFO OK id=9279206f-e1ac-4495-b1ba-91c86f2ab933 file=ob-8-power_9279206f_OB-8_Power.jpeg size=20909
2026-08-15 09:02:40 INFO OK id=ba05eed2-31ec-4dab-95de-ebd895a4cced file=ob-8-power_ba05eed2_OB-8_Power.jpeg size=17979
2026-08-15 09:02:40 INFO OK id=c96aea52-4338-44dd-b370-900e6eb02b87 file=luna-de-acero_c96aea52_Luna_de_Acero.jpeg size=20045
2026-08-15 09:02:40 INFO OK id=c1c5781c-580e-40f7-9d27-908b65b95e66 file=luna-de-acero_c1c5781c_Luna_de_Acero.jpeg size=20161
2026-08-15 09:02:40 INFO OK id=72338e84-6632-4695-b0eb-fc54c5d16f4b file=luna-de-acero_72338e84_Luna_de_Acero.jpeg size=21335
2026-08-15 09:02:40 INFO OK id=96f855e2-179a-4011-8fec-02c88be4f77b file=luna-de-acero_96f855e2_Luna_de_Acero.jpeg size=20287
2026-08-15 09:02:40 INFO OK id=5ccef8e6-7c94-4445-8f64-9dc9920ee7fd file=luna-de-acero_5ccef8e6_Luna_de_Acero.jpeg size=20079
2026-08-15 09:02:40 INFO OK id=b4422239-52b2-4944-9f5b-b3c79ace4b27 file=luna-de-acero_b4422239_Luna_de_Acero.jpeg size=21188
2026-08-15 09:02:40 INFO OK id=4c163e92-1ace-4deb-b9a2-b4afee7d1690 file=luna-de-acero_4c163e92_Luna_de_Acero.jpeg size=20481
2026-08-15 09:02:40 INFO OK id=b31b3766-6bfd-4bdd-8565-0fb3bbc42c9f file=luna-de-acero_b31b3766_Luna_de_Acero.jpeg size=19498
2026-08-15 09:02:40 INFO OK id=c49b2e65-7851-4067-a6f4-bbbf6859ad9b file=doble-whatsapp_c49b2e65_Doble_WhatsApp.jpeg size=16289
2026-08-15 09:02:40 INFO OK id=0fa6ca51-6ecf-4abc-aea3-815ff545a909 file=doble-whatsapp_0fa6ca51_Doble_WhatsApp.jpeg size=18763
2026-08-15 09:02:40 INFO OK id=8d539cda-439b-4776-8a0a-f7322cddbbe4 file=doble-whatsapp_8d539cda_Doble_WhatsApp.jpeg size=9573
2026-08-15 09:02:40 INFO OK id=40073371-f7f9-4ee0-9b9b-7b60bebdc12c file=doble-whatsapp_40073371_Doble_WhatsApp.jpeg size=10853
2026-08-15 09:02:40 INFO OK id=96b7603f-c313-4fa7-9cf5-f8f310fa81c4 file=doble-whatsapp_96b7603f_Doble_WhatsApp.jpeg size=13356
2026-08-15 09:02:40 INFO OK id=434d5285-5809-4faf-877c-3df7563ec0f2 file=cymatics-culture-80-bpm-c-maj_434d5285_Cymatics_-_Culture_-_80_BPM_C#_Maj.jpeg size=9201
2026-08-15 09:02:40 INFO OK id=3208c391-81e4-421c-9e0e-edbd2c8c2712 file=del-desierto-una-rosa_3208c391_Del_desierto_una_rosa.jpeg size=11059
2026-08-15 09:02:40 INFO OK id=d23a56d4-7dbf-481d-a135-cf5dd61b0ba8 file=cymatics-culture-80-bpm-c-maj_d23a56d4_Cymatics_-_Culture_-_80_BPM_C#_Maj.jpeg size=9541
2026-08-15 09:02:40 INFO OK id=a12cebaf-27ae-4a9b-a677-d77cbc5c31bf file=only-wind_a12cebaf_Only_wind_.jpeg size=13516
2026-08-15 09:02:41 INFO OK id=65a680bb-2821-47d5-a1c2-41d2c6cea4b4 file=only-wind_65a680bb_Only_wind_.jpeg size=12987
2026-08-15 09:02:41 INFO OK id=853eced8-2d7f-4cfb-a326-a47f60493d6e file=only-wind_853eced8_Only_wind_.jpeg size=11685
2026-08-15 09:02:41 INFO OK id=3b9cfb2f-8583-4538-8a75-450c166ba518 file=only-wind_3b9cfb2f_Only_wind_.jpeg size=15070
2026-08-15 09:02:41 INFO OK id=b448b477-e31c-40ce-bb84-9f10bce52841 file=tangerine-metronome_b448b477_Tangerine_Metronome.jpeg size=8723
2026-08-15 09:02:41 INFO OK id=d6da29bc-2eab-41a0-9d57-09fdc5caa12e file=tangerine-metronome_d6da29bc_Tangerine_Metronome.jpeg size=8404
2026-08-15 09:02:41 INFO OK id=84ae4114-957b-4b49-84c0-a01c65d9d9d9 file=tangerine-metronome_84ae4114_Tangerine_Metronome.jpeg size=14048
2026-08-15 09:02:41 INFO OK id=3bea0e70-9d08-4c89-b35a-2a0f28eddad0 file=tangerine-metronome_3bea0e70_Tangerine_Metronome.jpeg size=11607
2026-08-15 09:02:41 INFO OK id=cbfc4d67-124e-445f-b040-656e05ada6c9 file=whammy-march_cbfc4d67_Whammy_March.jpeg size=7459
2026-08-15 09:02:41 INFO OK id=92567668-2856-4da4-9e30-a755a63f5404 file=whammy-march_92567668_Whammy_March.jpeg size=7837
2026-08-15 09:02:41 INFO OK id=144d0afa-60eb-47ce-8abb-165b7d3396b5 file=vinyl-weather-remix-remix-remix-remix_144d0afa_Vinyl_Weather_(Remix)_(Remix)_(Remix)_(Remix).jpeg size=13707
2026-08-15 09:02:41 INFO OK id=a90074d9-55fc-4fdc-a205-2c70253339c2 file=vinyl-weather-remix-remix-remix-remix_a90074d9_Vinyl_Weather_(Remix)_(Remix)_(Remix)_(Remix).jpeg size=14138
2026-08-15 09:02:41 INFO OK id=34a7ee3b-dd0d-4d09-893a-bc1f24806658 file=progresiones_34a7ee3b_Progresiones.jpeg size=14118
2026-08-15 09:02:41 INFO OK id=3aab501e-f24e-405f-a2e2-5554faea9ca2 file=progresiones_3aab501e_Progresiones.jpeg size=14353
2026-08-15 09:02:41 INFO OK id=9f8fd1c1-8605-4c87-a8f9-396e05f17541 file=progresiones_9f8fd1c1_Progresiones.jpeg size=15273
2026-08-15 09:02:41 INFO OK id=680b308f-54c9-4540-8883-c0b6e8ba09b4 file=progresiones_680b308f_Progresiones.jpeg size=9321
2026-08-15 09:02:41 INFO OK id=0f8c3e1c-6985-4e11-b0fd-7ce6860036d6 file=las-calles-de-madrid_0f8c3e1c_Las_Calles_de_Madrid.jpeg size=17693
2026-08-15 09:02:41 INFO OK id=c66abb36-d8ae-4ed7-8dcf-a17e515b6c99 file=las-calles-de-madrid_c66abb36_Las_Calles_de_Madrid.jpeg size=20296
2026-08-15 09:02:41 INFO OK id=cd6b2372-438b-4405-8734-6532abad0bf9 file=del-desierto-una-rosa_cd6b2372_Del_desierto_una_rosa.jpeg size=6193
2026-08-15 09:02:41 INFO OK id=09c3a7cc-31b7-4340-854d-d8d615e8bea6 file=delirio-de-persecucion_09c3a7cc_Delirio_de_persecución.jpeg size=9259
2026-08-15 09:02:41 INFO OK id=61315903-6087-4f38-a7f8-6204522de6d0 file=en-casas-separadas_61315903_En_casas_separadas.jpeg size=9814
2026-08-15 09:02:42 INFO OK id=560f911b-7818-4eee-879d-0a25273ef22d file=mi-dulce-marie_560f911b_Mi_dulce_Marie_.jpeg size=7465
2026-08-15 09:02:42 INFO OK id=7d85c63e-4261-4c6d-8955-cb5835e42cec file=dulce-marie-3gpp-3ga-remix_7d85c63e_dulce_Marie_.3gpp.3ga_(Remix).jpeg size=7868
2026-08-15 09:02:42 INFO OK id=d0267e22-f316-4c9d-9d96-f76475fdf930 file=dulce-marie-3gpp-3ga_d0267e22_dulce_Marie_.3gpp.3ga.jpeg size=7976
2026-08-15 09:02:42 INFO OK id=ba95739a-4385-4e86-af66-f9ba7365046b file=dulce-marie-3gpp-3ga_ba95739a_dulce_Marie_.3gpp.3ga.jpeg size=9509
2026-08-15 09:02:42 INFO OK id=1753ebc3-4961-4932-9179-8bd04f3e3d25 file=cuando-naciste-mi-amor_1753ebc3_Cuando_naciste,_mi_amor.jpeg size=5710
2026-08-15 09:02:42 INFO OK id=ad1f7f5c-f4b2-47af-9873-a7f5dde5d220 file=cuando-naciste-mi-amor_ad1f7f5c_Cuando_naciste,_mi_amor.jpeg size=6839
2026-08-15 09:02:42 INFO OK id=f8e8cc00-667b-4fdb-b878-52c1767ad23e file=la-magia-del-violin_f8e8cc00_La_magia_del_violín.jpeg size=8053
2026-08-15 09:02:42 INFO OK id=8b3d5cad-4540-4f66-855d-dd2520e43e55 file=lo-voy-a-decir_8b3d5cad_Lo_voy_a_decir.jpeg size=10523
2026-08-15 09:02:42 INFO OK id=be793b38-73d3-4e49-bfa7-916f69ab8717 file=lantern-brass_be793b38_Lantern_Brass.jpeg size=9336
2026-08-15 09:02:42 INFO OK id=a013a2d7-50e7-4848-a299-c7eafee4b497 file=lantern-brass_a013a2d7_Lantern_Brass.jpeg size=11509
2026-08-15 09:02:42 INFO OK id=168345a3-4c85-4359-a71b-d14fff3ed201 file=selection-from-librando-al-mar_168345a3_Selection_from_Librando_al_mar.jpeg size=14290
2026-08-15 09:02:42 INFO OK id=df0fe9f8-f6e9-43e8-b969-1441470a1aa4 file=studio-selection_df0fe9f8_Studio_Selection.jpeg size=13737
2026-08-15 09:02:42 INFO OK id=febc7b4f-8340-40fa-a7a2-2273f4ae910f file=librando-al-mar_febc7b4f_Librando_al_mar.jpeg size=13851
2026-08-15 09:02:42 INFO OK id=ee03c607-5f13-462a-852e-fdbb23eb95af file=untitled_ee03c607_Untitled.jpeg size=10261
2026-08-15 09:02:42 INFO OK id=28edfe15-2f31-4122-889a-557062c7fb33 file=untitled_28edfe15_Untitled.jpeg size=8274
2026-08-15 09:02:42 INFO OK id=7a6617f1-03cd-43cf-ae4d-022800fb56b4 file=untitled-project-04-23-01-35_7a6617f1_Untitled_Project_[-04-23_-_-01-35].jpeg size=14146
2026-08-15 09:02:42 INFO OK id=47be2a65-00ec-4b23-b71f-f57460630ab3 file=untitled-project-04-23-01-35_47be2a65_Untitled_Project_[-04-23_-_-01-35].jpeg size=14136
2026-08-15 09:02:42 INFO OK id=46cdc7de-f896-4945-b998-63f7db1b8b62 file=copper-riff_46cdc7de_Copper_Riff.jpeg size=17753
2026-08-15 09:02:42 INFO OK id=d1f4b4bd-3373-4b39-9d5a-3c6865034490 file=copper-riff_d1f4b4bd_Copper_Riff.jpeg size=22009
2026-08-15 09:02:42 INFO OK id=450fbcb7-a688-45e6-9d08-ab282117467b file=oraculo-de-diamantes_450fbcb7_Oráculo_de_Diamantes.jpeg size=11812
2026-08-15 09:02:43 INFO OK id=799578b0-ba0a-4130-b042-d9704051cbad file=oraculo-de-diamantes_799578b0_Oráculo_de_Diamantes.jpeg size=15654
2026-08-15 09:02:43 INFO OK id=a0444f80-8706-4632-a710-8d4bcadb0a56 file=pocket-change-oracle_a0444f80_Pocket_Change_Oracle.jpeg size=13692
2026-08-15 09:02:43 INFO OK id=36de5d78-1430-48bd-9015-27faeffdc9be file=pocket-change-oracle_36de5d78_Pocket_Change_Oracle.jpeg size=11326
2026-08-15 09:02:43 INFO OK id=3fabcc30-6e57-420b-ae8e-063a119bbdb8 file=cerulean-clipboard_3fabcc30_Cerulean_Clipboard.jpeg size=9959
2026-08-15 09:02:43 INFO OK id=32f75e36-f3ce-47a8-86a4-2ad4398b6a34 file=cerulean-clipboard_32f75e36_Cerulean_Clipboard.jpeg size=11691
2026-08-15 09:02:43 INFO OK id=208555d1-849c-4d1f-9a3e-2b9107f8192e file=librando-el-mar-3gpp-3ga-x-gutter-chrome-arpeggio-mashup_208555d1_librando_el_mar.3gpp.3ga_x_Gutter_Chrome_Arpeggio_(Mashup).jpeg size=9528
2026-08-15 09:02:43 INFO OK id=31d369b9-d53c-476d-882e-e59327b10bbb file=librando-el-mar-3gpp-3ga-x-gutter-chrome-arpeggio-mashup_31d369b9_librando_el_mar.3gpp.3ga_x_Gutter_Chrome_Arpeggio_(Mashup).jpeg size=15873
2026-08-15 09:02:43 INFO OK id=0b914d6c-1768-48a6-8c32-a39d8a8218c8 file=librando-el-mar-3gpp-3ga-x-gutter-chrome-arpeggio-mashup_0b914d6c_librando_el_mar.3gpp.3ga_x_Gutter_Chrome_Arpeggio_(Mashup).jpeg size=5983
2026-08-15 09:02:43 INFO OK id=e2b76b75-fc79-4a12-b9eb-a675c4717e0a file=librando-el-mar-3gpp-3ga-x-gutter-chrome-arpeggio-mashup_e2b76b75_librando_el_mar.3gpp.3ga_x_Gutter_Chrome_Arpeggio_(Mashup).jpeg size=7282
2026-08-15 09:02:43 INFO OK id=4a0fbbdb-e746-4d95-a9e9-b276d061e24b file=librando-el-mar-3gpp-3ga-x-gutter-chrome-arpeggio-mashup_4a0fbbdb_librando_el_mar.3gpp.3ga_x_Gutter_Chrome_Arpeggio_(Mashup).jpeg size=9036
2026-08-15 09:02:43 INFO OK id=4c10274d-0219-4cfd-9838-1401ec7c47fa file=librando-el-mar-3gpp-3ga-x-gutter-chrome-arpeggio-mashup_4c10274d_librando_el_mar.3gpp.3ga_x_Gutter_Chrome_Arpeggio_(Mashup).jpeg size=6758
2026-08-15 09:02:43 INFO OK id=cfe7f881-e46c-4e8d-a166-685afae98e24 file=librando-el-mar-3gpp-3ga-x-gutter-chrome-arpeggio-mashup_cfe7f881_librando_el_mar.3gpp.3ga_x_Gutter_Chrome_Arpeggio_(Mashup).jpeg size=10837
2026-08-15 09:02:43 INFO OK id=efcf17cf-ea99-4956-8af3-9adcff22e83a file=venciendo-al-mar_efcf17cf_Venciendo_al_mar.jpeg size=12706
2026-08-15 09:02:43 INFO OK id=26437998-5fce-441e-b84f-ad5c469fdd62 file=venciendo-al-mar_26437998_Venciendo_al_mar.jpeg size=9597
2026-08-15 09:02:43 INFO OK id=5e8a6c3a-5fc9-4bb4-8d3a-e8fb2975be55 file=venciendo-al-mar_5e8a6c3a_Venciendo_al_mar.jpeg size=8070
2026-08-15 09:02:43 INFO OK id=ae86d482-4b76-4d36-bd12-ec4533f698bd file=venciendo-al-mar_ae86d482_Venciendo_al_mar.jpeg size=9710
2026-08-15 09:02:43 INFO OK id=3fdd1b68-373b-44ba-b677-c670f618c9ed file=venciendo-al-mar_3fdd1b68_Venciendo_al_mar.jpeg size=8269
2026-08-15 09:02:43 INFO OK id=c31c2a77-eb60-4c66-96a5-9e4d5d3e8ff0 file=venciendo-al-mar_c31c2a77_Venciendo_al_mar.jpeg size=9164
2026-08-15 09:02:43 INFO OK id=c047bf2e-0650-4387-aacf-ea5a9d2c0aa0 file=venciendo-al-mar_c047bf2e_Venciendo_al_mar.jpeg size=9055
2026-08-15 09:02:43 INFO OK id=c5e0cf0c-f2bf-4332-bee0-c5a0f17f3464 file=venciendo-al-mar_c5e0cf0c_Venciendo_al_mar.jpeg size=7970
2026-08-15 09:02:43 INFO OK id=414758bf-5a2a-4801-bf17-22ba7835e49d file=venciendo-al-mar_414758bf_Venciendo_al_mar.jpeg size=8643
2026-08-15 09:02:44 INFO OK id=837d9de6-b7ca-4932-854d-d82cc1fdebf3 file=venciendo-al-mar_837d9de6_Venciendo_al_mar.jpeg size=8430
2026-08-15 09:02:44 INFO OK id=0f92398f-933f-4c9b-8a88-a5e99d3c44c8 file=venciendo-al-mar_0f92398f_Venciendo_al_mar.jpeg size=15638
2026-08-15 09:02:44 INFO OK id=872dd724-72bc-4676-b5dd-e1bca5f004e9 file=pequena-era-remastered_872dd724_Pequeña_era_(Remastered).jpeg size=11743
2026-08-15 09:02:44 INFO OK id=5cc653c9-53d1-4059-9e65-7d2460a76eb2 file=me-siguen_5cc653c9_Me_siguen.jpeg size=17772
2026-08-15 09:02:44 INFO OK id=836635c5-4663-475d-9bc8-b995e2b52645 file=workaholic_836635c5_Workaholic.jpeg size=11325
2026-08-15 09:02:44 INFO OK id=3b4bb6fc-5804-4877-8ca9-dd9ad8e1cafa file=progresiones_3b4bb6fc_Progresiones_.jpeg size=18458
2026-08-15 09:02:44 INFO OK id=6f3b56e9-0051-4f5c-bab5-e0233838c295 file=progresiones_6f3b56e9_Progresiones_.jpeg size=12208
2026-08-15 09:02:44 INFO OK id=b0358337-6a40-415b-8507-3f1e21399f57 file=progresiones_b0358337_Progresiones_.jpeg size=14751
2026-08-15 09:02:44 INFO OK id=b9826d69-bf14-4ade-abd0-5106f528ccb0 file=progresiones_b9826d69_Progresiones_.jpeg size=12542
2026-08-15 09:02:44 INFO OK id=644d4d02-8b1d-4c34-82e7-02f9787cbb6c file=voz-de-hierro_644d4d02_Voz_de_Hierro.jpeg size=6297
2026-08-15 09:02:44 INFO OK id=ca6f1487-e1ba-413b-a3c2-a162800cd21f file=voz-de-hierro_ca6f1487_Voz_de_Hierro.jpeg size=8957
2026-08-15 09:02:44 INFO OK id=82eb5aca-dc00-454f-a482-55be3dc5fc3d file=progresiones_82eb5aca_Progresiones_.jpeg size=10286
2026-08-15 09:02:44 INFO OK id=ed72e17d-358b-42a2-95a9-650ca2cab556 file=progresiones_ed72e17d_Progresiones_.jpeg size=13597
2026-08-15 09:02:44 INFO OK id=2494d6fe-5395-46d2-8b91-2f45e4cb0010 file=progresiones_2494d6fe_Progresiones_.jpeg size=12466
2026-08-15 09:02:44 INFO OK id=8dba382e-9209-48f4-8b1a-b8a69432fbf2 file=progresiones_8dba382e_Progresiones_.jpeg size=16637
2026-08-15 09:02:44 INFO OK id=81eb7686-bd52-47c8-9402-5af4a4321c6c file=progresiones_81eb7686_Progresiones_.jpeg size=12844
2026-08-15 09:02:44 INFO OK id=b749341b-fbd9-4898-b674-bee20c56b431 file=progresiones_b749341b_Progresiones_.jpeg size=21521
2026-08-15 09:02:44 INFO OK id=ff04c411-3de7-44b2-9d43-5fa020579503 file=compra-un-adios-2_ff04c411_Compra_un_adiós_2.jpeg size=10234
2026-08-15 09:02:44 INFO OK id=bc321976-d680-42a7-9f56-439adc440d84 file=compra-un-adios-2_bc321976_Compra_un_adiós_2.jpeg size=9517
2026-08-15 09:02:44 INFO OK id=7fd3b04e-0613-4a9b-8662-5ec83998107f file=compra-un-adios-2_7fd3b04e_Compra_un_adiós_2.jpeg size=15813
2026-08-15 09:02:44 INFO OK id=e1b279af-aff2-40bf-aa7f-2deea641a61c file=compra-un-adios-2_e1b279af_Compra_un_adiós_2.jpeg size=12110
2026-08-15 09:02:45 INFO OK id=f8743790-29db-42ae-a204-712bd0e07582 file=compra-un-adios-2_f8743790_Compra_un_adiós_2.jpeg size=10148
2026-08-15 09:02:45 INFO OK id=f065e3c5-6265-4307-b492-4f58dbcdd83d file=compra-un-adios-2_f065e3c5_Compra_un_adiós_2.jpeg size=7656
2026-08-15 09:02:45 INFO OK id=5fa0fecf-8b14-4f1c-8f6b-1bad7b067dfe file=compra-un-adios-2_5fa0fecf_Compra_un_adiós_2.jpeg size=8556
2026-08-15 09:02:45 INFO OK id=589e6c92-bf56-47c6-8e16-4496c4100a1d file=compra-un-adios-2_589e6c92_Compra_un_adiós_2.jpeg size=7090
2026-08-15 09:02:45 INFO OK id=0bc77fe0-1ad1-4f89-9f61-a395b4d0fadc file=compra-un-adios-2_0bc77fe0_Compra_un_adiós_2.jpeg size=8506
2026-08-15 09:02:45 INFO OK id=dfc1f365-0202-40e2-bd6c-e772f34554a6 file=compra-un-adios-2_dfc1f365_Compra_un_adiós_2.jpeg size=9730
2026-08-15 09:02:45 INFO OK id=371f82d2-c6f9-4ba0-95fa-eac0c9a89392 file=compra-un-adios-2_371f82d2_Compra_un_adiós_2.jpeg size=9425
2026-08-15 09:02:45 INFO OK id=56dfbe37-1ec4-4c06-bc16-9ce532799685 file=compra-un-adios-2_56dfbe37_Compra_un_adiós_2.jpeg size=4805
2026-08-15 09:02:45 INFO OK id=04903276-bdb7-4951-82d4-1b60f11fcbdc file=compra-un-adios-2_04903276_Compra_un_adiós_2.jpeg size=8591
2026-08-15 09:02:45 INFO OK id=d9a02699-5927-4e47-839c-80b89e52ca18 file=compra-un-adios-2_d9a02699_Compra_un_adiós_2.jpeg size=11387
2026-08-15 09:02:45 INFO OK id=ffc71d28-9cb4-464a-af36-019c10592e1c file=compra-un-adios-2_ffc71d28_Compra_un_adiós_2.jpeg size=8962
2026-08-15 09:02:45 INFO OK id=fa6b44f9-da34-43d7-b34d-a46c7d1ba91a file=compra-un-adios-2_fa6b44f9_Compra_un_adiós_2.jpeg size=7590
2026-08-15 09:02:45 INFO OK id=8a8226e9-fdfd-43e3-8ca3-0f2022a4d4ba file=268-6s-recording-may-1-12-58-pm_8a8226e9_268.6s_Recording_(May_1_@_1258_PM).jpeg size=8183
2026-08-15 09:02:45 INFO OK id=575a7513-7d13-4a75-85cd-007ef150cefd file=mi-pacto-con-el-mar_575a7513_Mi_pacto_con_el_mar.jpeg size=8564
2026-08-15 09:02:45 INFO OK id=a2bebaa2-6d56-4c96-98a4-b580efa643f1 file=mi-pacto-con-el-mar_a2bebaa2_Mi_pacto_con_el_mar.jpeg size=7132
2026-08-15 09:02:45 INFO OK id=07ca5190-50b7-439f-99e0-ab29e1869777 file=mi-pacto-con-el-mar_07ca5190_Mi_pacto_con_el_mar.jpeg size=8520
2026-08-15 09:02:45 INFO OK id=da2a424c-7f11-4c18-a210-7d3f95f5cdbc file=mi-pacto-con-el-mar_da2a424c_Mi_pacto_con_el_mar.jpeg size=13574
2026-08-15 09:02:45 INFO OK id=49054863-e9da-4ec8-b9b1-200872761c57 file=ocarina-ritmica_49054863_Ocarina_Rítmica.jpeg size=17032
2026-08-15 09:02:45 INFO OK id=e523864c-9582-4fee-9c8a-e78ad00e80eb file=ocarina-ritmica_e523864c_Ocarina_Rítmica.jpeg size=12811
2026-08-15 09:02:45 INFO OK id=a7b7fae9-8bcb-4e8e-b5d1-2f8c61c23541 file=dum-dum-glitch_a7b7fae9_Dum_Dum_Glitch.jpeg size=12101
2026-08-15 09:02:45 INFO OK id=50a71064-39eb-456d-aee4-ff75f841a48c file=dum-dum-glitch_50a71064_Dum_Dum_Glitch.jpeg size=14108
2026-08-15 09:02:46 INFO OK id=6ec52aa6-a3f3-41f4-8780-a4fbc23948dc file=mi-pacto-con-el-mar_6ec52aa6_Mi_pacto_con_el_mar.jpeg size=10013
2026-08-15 09:02:46 INFO OK id=3df5c0b1-13c1-47ab-aa04-706a0647ceb5 file=beso-en-la-arena-remastered_3df5c0b1_Beso_en_la_arena_(Remastered).jpeg size=9244
2026-08-15 09:02:46 INFO OK id=4b054959-7bac-4374-a18b-59c02af36e58 file=untitled_4b054959_untitled.jpeg size=10592
2026-08-15 09:02:46 INFO OK id=31abe843-5731-488c-ad8f-bebc52e704d9 file=untitled_31abe843_untitled.jpeg size=14952
2026-08-15 09:02:46 INFO OK id=1a1a2328-4725-4f0a-b84d-3da576769f67 file=ciudad-psicodelica_1a1a2328_Ciudad_Psicodélica.jpeg size=13735
2026-08-15 09:02:46 INFO OK id=bdf58c2a-0e97-460e-8962-bb2cf74c6d10 file=ciudad-psicodelica_bdf58c2a_Ciudad_Psicodélica.jpeg size=13336
2026-08-15 09:02:46 INFO OK id=e2b18204-f44d-416d-b523-d7c04e66b6e9 file=dududurum_e2b18204_dududurum.jpeg size=19037
2026-08-15 09:02:46 INFO OK id=9ff6bea4-040e-4e03-9022-a84d0c598fcd file=dududurum_9ff6bea4_dududurum.jpeg size=20916
2026-08-15 09:02:46 INFO OK id=6bf98a9d-0407-4fd0-ab6d-01b394eeaa29 file=dududurum-3gpp-3ga_6bf98a9d_dududurum.3gpp.3ga.jpeg size=12780
2026-08-15 09:02:46 INFO OK id=55be0127-93c7-4bf0-8666-5adf8874962e file=naranja-tenor_55be0127_Naranja_Tenor.jpeg size=17483
2026-08-15 09:02:46 INFO OK id=8d07e1b2-31bd-4666-9f46-a1c94714d231 file=naranja-tenor_8d07e1b2_Naranja_Tenor.jpeg size=13246
2026-08-15 09:02:46 INFO OK id=5e42dfa4-9379-4c1a-9172-cb5b9cf0e82d file=violante-treceversos-reprise-electropop_5e42dfa4_Violante_Treceversos_(Reprise_Electropop).jpeg size=19483
2026-08-15 09:02:46 INFO OK id=98d56002-a300-4f86-a470-fbcec76200d5 file=violante-treceversos-reprise-electropop_98d56002_Violante_Treceversos_(Reprise_Electropop).jpeg size=10443
2026-08-15 09:02:46 INFO OK id=9f3b8fb9-f611-4d95-8def-7408c8a2ea47 file=violante-treceversos_9f3b8fb9_Violante_Treceversos.jpeg size=10383
2026-08-15 09:02:46 INFO OK id=f00aa51b-160f-4fc2-ba09-7f16a3ab5a8d file=violante-treceversos_f00aa51b_Violante_Treceversos.jpeg size=12683
2026-08-15 09:02:46 INFO OK id=5fd6defe-add4-4834-9148-c0ad48dd44a8 file=violante-treceversos_5fd6defe_Violante_Treceversos.jpeg size=8946
2026-08-15 09:02:46 INFO OK id=33003950-9f9b-4dd5-b9ea-e25649783e94 file=violante-treceversos_33003950_Violante_Treceversos.jpeg size=12369
2026-08-15 09:02:46 INFO OK id=0e939ead-e093-46e2-9ff0-4cfea07c6292 file=violante-treceversos_0e939ead_Violante_Treceversos.jpeg size=11146
2026-08-15 09:02:46 INFO OK id=5b7b72ef-1264-4457-aa06-ff05644b8839 file=swedish-pop-classic_5b7b72ef_Swedish_pop_classic.jpeg size=16127
2026-08-15 09:02:46 INFO OK id=dcec6708-d154-4a4e-81af-6795c0f7e029 file=swedish-pop-classic_dcec6708_Swedish_pop_classic.jpeg size=16767
2026-08-15 09:02:46 INFO OK id=1112e7ee-4194-464f-8640-97b4ab82b30b file=swedish-pop-classic_1112e7ee_Swedish_pop_classic.jpeg size=9659
2026-08-15 09:02:47 INFO OK id=6a885f0e-7a3e-4d2e-b226-13cd6f313878 file=compra-un-adios_6a885f0e_Compra_un_adiós.jpeg size=10542
2026-08-15 09:02:47 INFO OK id=ae722279-88a6-4a53-ae35-d1fbdbadcd2b file=compra-un-adios_ae722279_Compra_un_adiós.jpeg size=5638
2026-08-15 09:02:47 INFO OK id=1fc3ba62-f631-4e61-bc94-dbacbaafa591 file=compra-un-adios_1fc3ba62_Compra_un_adiós.jpeg size=10045
2026-08-15 09:02:47 INFO OK id=9ffe1aae-0f84-45b3-b1ef-546917cf5286 file=compra-un-adios_9ffe1aae_Compra_un_adiós.jpeg size=8096
2026-08-15 09:02:47 INFO OK id=67b05bd8-5fe1-407b-b9ce-46512fcbb624 file=compra-un-adios_67b05bd8_Compra_un_adiós.jpeg size=10177
2026-08-15 09:02:47 INFO OK id=679f1b65-9365-4df3-bd97-e189ade0544f file=compra-un-adios_679f1b65_Compra_un_adiós.jpeg size=5336
2026-08-15 09:02:47 INFO OK id=f5a32c3a-b236-4fc6-852e-296e0022720e file=240-9s-recording-apr-24-9-35-pm_f5a32c3a_240.9s_Recording_(Apr_24_@_935_PM).jpeg size=9866
2026-08-15 09:02:47 INFO OK id=5e32d5e1-635d-4c16-8ee4-66e376e9796a file=babilonia-surge_5e32d5e1_Babilonia_surge.jpeg size=13914
2026-08-15 09:02:47 INFO OK id=491cabd4-dad3-4af8-b9aa-d45cc6cbb93c file=babilonia-surge_491cabd4_Babilonia_surge.jpeg size=10955
2026-08-15 09:02:47 INFO OK id=3d644d22-2ced-4eb5-aa85-8636527daa42 file=al-encuentro-del-amor_3d644d22_Al_encuentro_del_amor.jpeg size=5036
2026-08-15 09:02:47 INFO OK id=938f0b74-3e9b-4ba3-9296-a95453ed9a71 file=152-6s-recording-apr-24-1-53-pm-al-encuentro-del-amor_938f0b74_152.6s_Recording_(Apr_24_@_153_PM)_Al_encuentro_del_amor.jpeg size=8146
2026-08-15 09:02:47 INFO OK id=5f310bb8-2d73-414e-a65b-54a27b3b171b file=el-canto-del-cisne-chamber-soul-90s-mix_5f310bb8_El_canto_del_cisne_(Chamber_Soul_90s_Mix).jpeg size=11834
2026-08-15 09:02:47 INFO OK id=56f829c4-56b6-4b06-8e3d-540e87dd38c1 file=el-canto-del-cisne-chamber-soul-90s-mix_56f829c4_El_canto_del_cisne_(Chamber_Soul_90s_Mix).jpeg size=4507
2026-08-15 09:02:47 INFO OK id=ab204df7-37cd-4c80-8d67-7b7ddcd62ba8 file=babilonia-surge_ab204df7_Babilonia_surge_.jpeg size=13712
2026-08-15 09:02:47 INFO OK id=71a5c4c8-c367-4bfd-a982-df4558bf0e73 file=babilonia-surge_71a5c4c8_Babilonia_surge_.jpeg size=9141
2026-08-15 09:02:47 INFO OK id=e5cfbafa-e64d-4875-9bbb-4d0d200ec8c0 file=babilonia-surge_e5cfbafa_Babilonia_surge_.jpeg size=14681
2026-08-15 09:02:47 INFO OK id=edbde235-5825-4032-8947-308846cfd945 file=babilonia-surge_edbde235_Babilonia_surge_.jpeg size=10210
2026-08-15 09:02:47 INFO OK id=c429debe-b24d-4450-aa2e-3c24175f24ea file=babilonia-surge_c429debe_Babilonia_surge_.jpeg size=14319
2026-08-15 09:02:47 INFO OK id=42176775-0d27-4d67-b9a0-2b8277818f0e file=babilonia-surge_42176775_Babilonia_surge_.jpeg size=12203
2026-08-15 09:02:47 INFO OK id=1829f79c-a35e-4c06-804c-c2e31dcabcd8 file=diez-veces-diez_1829f79c_Diez_veces_Diez.jpeg size=8486
2026-08-15 09:02:47 INFO OK id=f223bb34-0ee0-4893-b656-f95630ccba78 file=diez-veces-diez_f223bb34_Diez_veces_Diez.jpeg size=13836
2026-08-15 09:02:48 INFO OK id=188398fc-d37e-47e2-b9f7-65dd518d40fe file=diez-veces-diez_188398fc_Diez_veces_Diez.jpeg size=10313
2026-08-15 09:02:48 INFO OK id=30adc5fa-d3c9-4efe-8a89-4c439680ae16 file=diez-veces-diez_30adc5fa_Diez_veces_Diez.jpeg size=8231
2026-08-15 09:02:48 INFO OK id=99fd4e58-8fc0-44d6-9b4f-3082dc3e52a4 file=cuenta-atras_99fd4e58_Cuenta_atrás.jpeg size=13976
2026-08-15 09:02:48 INFO OK id=942b86e5-e43c-4b02-9c33-ad193d9f8091 file=cuenta-atras_942b86e5_Cuenta_atrás.jpeg size=6124
2026-08-15 09:02:48 INFO OK id=954f3578-7de9-4ff1-b224-401476c5b8e3 file=siete-dias-mar_954f3578_Siete_Días_Mar.jpeg size=12368
2026-08-15 09:02:48 INFO OK id=40ca0c0a-efc5-46d6-a150-a74d3b41eb2e file=siete-dias-mar_40ca0c0a_Siete_Días_Mar.jpeg size=8359
2026-08-15 09:02:48 INFO OK id=f07ca134-4da6-4e8e-9bee-c92a68af981b file=siete-dias-mar_f07ca134_Siete_Días_Mar.jpeg size=5767
2026-08-15 09:02:48 INFO OK id=03360c94-b65d-4412-9ff1-92cb0053b8a0 file=siete-dias-mar_03360c94_Siete_Días_Mar.jpeg size=11872
2026-08-15 09:02:48 INFO OK id=6cc29fc6-a2bd-4656-8a28-9d98e6788ec4 file=postal-que-no-acaba_6cc29fc6_Postal_que_no_acaba.jpeg size=13281
2026-08-15 09:02:48 INFO OK id=8df8e36a-6089-4f5c-a6fd-9c33873a05cf file=postal-que-no-acaba_8df8e36a_Postal_que_no_acaba.jpeg size=10668
2026-08-15 09:02:48 INFO OK id=5c5c2d1d-021c-48c7-88a7-b0f1f87c6aa9 file=postal-enjambre-mar_5c5c2d1d_Postal_Enjambre_Mar.jpeg size=12758
2026-08-15 09:02:48 INFO OK id=25c3352e-cfbe-4bd1-bd58-67e4b3d904c0 file=postal-enjambre-mar_25c3352e_Postal_Enjambre_Mar.jpeg size=8548
2026-08-15 09:02:48 INFO OK id=83bff3aa-3a2a-4f19-bfc3-38b2f06529ba file=postal-sin-sal_83bff3aa_Postal_sin_sal.jpeg size=9302
2026-08-15 09:02:48 INFO OK id=d54d326b-415c-41aa-9a70-67a6db5af0ad file=postal-sin-sal_d54d326b_Postal_sin_sal.jpeg size=10381
2026-08-15 09:02:48 INFO OK id=8daaa2cc-5fb7-4996-a101-8be3678b0ed4 file=que-das-la-vida-para-dar-vida_8daaa2cc_Que_das_la_vida_para_dar_vida.jpeg size=11391
2026-08-15 09:02:48 INFO OK id=2b8a6a7a-72fa-4433-805b-45e07c6ac835 file=segar-lo-sembrado_2b8a6a7a_Segar_Lo_Sembrado.jpeg size=6770
2026-08-15 09:02:48 INFO OK id=d56754fe-544b-48e6-97ac-41c59a634bbe file=votive-metronome_d56754fe_Votive_Metronome.jpeg size=16224
2026-08-15 09:02:48 INFO OK id=a2b011f4-0cc6-445a-b96a-3a7de0ef4af5 file=votive-metronome_a2b011f4_Votive_Metronome.jpeg size=13261
2026-08-15 09:02:49 INFO OK id=41cead9b-bd84-4d02-9b4a-e276415bfa06 file=nylon-fuseglass_41cead9b_Nylon_Fuseglass.jpeg size=9617
2026-08-15 09:02:49 INFO OK id=45291051-2ae7-447a-85d0-0e85ac80e515 file=nylon-fuseglass_45291051_Nylon_Fuseglass.jpeg size=11168
2026-08-15 09:02:49 INFO OK id=4a1080e6-2ff7-4b37-985c-50949fb10121 file=nylon-fuseglass_4a1080e6_Nylon_Fuseglass.jpeg size=8979
2026-08-15 09:02:49 INFO OK id=6475d781-901a-436f-9d28-c2689fa869ac file=nylon-fuseglass_6475d781_Nylon_Fuseglass.jpeg size=9973
2026-08-15 09:02:49 INFO OK id=5f89edc0-c281-44cb-9582-dfe952c1e64b file=cantan-santos-angeles_5f89edc0_Cantan_Santos_Angeles_.jpeg size=11937
2026-08-15 09:02:49 INFO OK id=c4bf483a-b522-49b2-837a-3c28831af9d9 file=cantan-santos-angeles_c4bf483a_Cantan_Santos_Angeles_.jpeg size=6584
2026-08-15 09:02:49 INFO OK id=154c213e-8c6a-408f-840b-70526dc285b3 file=cantan-santos-angeles_154c213e_Cantan_Santos_Angeles_.jpeg size=5549
2026-08-15 09:02:49 INFO OK id=c611c4ae-1632-4a9e-9506-a2238032eb89 file=cantan-santos-angeles_c611c4ae_Cantan_Santos_Angeles_.jpeg size=8463
2026-08-15 09:02:49 INFO OK id=4412af13-cb92-454a-99fa-1b6c91c8f78f file=punado-de-arcilla_4412af13_Puñado_de_arcilla.jpeg size=16161
2026-08-15 09:02:49 INFO OK id=df7baf5d-c6c1-4567-87d2-2f08ff5745bd file=punado-de-arcilla_df7baf5d_Puñado_de_arcilla.jpeg size=17331
2026-08-15 09:02:49 INFO OK id=deb32772-8ffe-45ef-b57c-cd51d540cdf8 file=que-suerte-tienes-hermana_deb32772_Qué_suerte_tienes,_hermana.jpeg size=11806
2026-08-15 09:02:49 INFO OK id=d2905c25-3682-42e5-848c-edfe1387f83a file=que-suerte-tienes-hermana_d2905c25_Qué_suerte_tienes,_hermana.jpeg size=10719
2026-08-15 09:02:49 INFO OK id=ed5d7e23-f4a0-4bf3-b7d2-bd1ebf032628 file=que-suerte-tienes-hermana_ed5d7e23_Qué_suerte_tienes,_hermana.jpeg size=15639
2026-08-15 09:02:49 INFO OK id=f6a15c38-2f0f-41ed-8c7d-0efce5beb988 file=que-suerte-tienes-hermana_f6a15c38_Qué_suerte_tienes,_hermana.jpeg size=11475
2026-08-15 09:02:49 INFO OK id=72054a1f-2bd0-472c-a9bd-6c89ebd6ad70 file=que-suerte-tienes-hermana_72054a1f_Qué_suerte_tienes,_hermana.jpeg size=9008
2026-08-15 09:02:49 INFO OK id=9b23b185-5c4e-480f-9a5c-ac0e3e0b3715 file=que-suerte-tienes-hermana_9b23b185_Qué_suerte_tienes,_hermana.jpeg size=16234
2026-08-15 09:02:49 INFO OK id=97c6ffe6-377f-489d-b956-690557e95708 file=que-suerte-tienes-hermana_97c6ffe6_Qué_suerte_tienes,_hermana.jpeg size=6496
2026-08-15 09:02:49 INFO OK id=3629c7df-850a-44ff-8dc2-b016cca69050 file=que-suerte-tienes-hermana_3629c7df_Qué_suerte_tienes,_hermana.jpeg size=14990
2026-08-15 09:02:49 INFO OK id=0f5a82fa-498d-4f1f-9c0f-77d3b379c16c file=que-suerte-tienes-hermana_0f5a82fa_Qué_suerte_tienes,_hermana.jpeg size=9351
2026-08-15 09:02:49 INFO OK id=f8cbcd4c-1950-4f41-89ec-41836493a5f9 file=260-0s-recording-apr-18-2-50-pm_f8cbcd4c_260.0s_Recording_(Apr_18_@_250_PM).jpeg size=5386
2026-08-15 09:02:50 INFO OK id=c6ec327c-594e-47eb-899d-549b5e5df73c file=como-un-perfume_c6ec327c_Como_un_perfume.jpeg size=10744
2026-08-15 09:02:50 INFO OK id=b26598b0-d14d-4c8a-9b23-aed80591134f file=como-un-perfume_b26598b0_Como_un_perfume.jpeg size=10320
2026-08-15 09:02:50 INFO OK id=4300dc84-d605-4678-8adb-e0af3c93c520 file=como-un-perfume_4300dc84_Como_un_perfume.jpeg size=8906
2026-08-15 09:02:50 INFO OK id=c8f87647-21aa-4053-b45c-333df5d453f0 file=como-un-perfume_c8f87647_Como_un_perfume.jpeg size=10832
2026-08-15 09:02:50 INFO OK id=44c1c5f8-05ef-40d8-b204-f20e340853de file=140-2s-recording-apr-18-2-36-pm_44c1c5f8_140.2s_Recording_(Apr_18_@_236_PM).jpeg size=9669
2026-08-15 09:02:50 INFO OK id=a1181ad4-b65a-4ab1-b8fd-5272c6960ce8 file=2026-04-18-20-01-14_a1181ad4_2026-04-18_200114.jpeg size=12219
2026-08-15 09:02:50 INFO OK id=796ce1b1-34b7-45d1-b578-464c81495778 file=2026-04-18-20-01-14_796ce1b1_2026-04-18_200114.jpeg size=8185
2026-08-15 09:02:50 INFO OK id=f2efe0e9-d45d-46ab-be8a-8ed9a898efbd file=2026-04-18-20-01-14_f2efe0e9_2026-04-18_200114.jpeg size=11646
2026-08-15 09:02:50 INFO OK id=7bb9ee32-08bf-4a1b-aee0-37f9f40170b4 file=2026-04-18-20-01-14_7bb9ee32_2026-04-18_200114.jpeg size=10940
2026-08-15 09:02:50 INFO OK id=b0abea0d-1f3a-4e0d-917f-5d453991fee7 file=55-2s-recording-apr-18-2-20-pm_b0abea0d_55.2s_Recording_(Apr_18_@_220_PM).jpeg size=6289
2026-08-15 09:02:50 INFO OK id=c61bced9-e746-4dbc-8da1-032985aa41f5 file=2026-04-18-20-01-14_c61bced9_2026-04-18_200114.jpeg size=11251
2026-08-15 09:02:50 INFO OK id=a0903b2d-d1f1-4c07-b404-ba995cef2504 file=2026-04-18-20-01-14_a0903b2d_2026-04-18_200114.jpeg size=9747
2026-08-15 09:02:50 INFO OK id=6872b267-318a-48fe-8906-36f2d22f67fd file=2026-04-18-20-01-14_6872b267_2026-04-18_200114.jpeg size=10650
2026-08-15 09:02:50 INFO OK id=93ebbc14-3f32-4eb7-b8cc-c091f3e0fc3c file=2026-04-18-20-01-14_93ebbc14_2026-04-18_200114.jpeg size=13994
2026-08-15 09:02:50 INFO OK id=e7b18082-d70c-42ab-9906-e46694227f37 file=2026-04-18-20-01-14_e7b18082_2026-04-18_200114.jpeg size=10538
2026-08-15 09:02:50 INFO OK id=a5ed61ad-c0ba-4d2b-9594-2dd8408e1f09 file=2026-04-18-20-01-14_a5ed61ad_2026-04-18_200114.jpeg size=7227
2026-08-15 09:02:50 INFO OK id=d6d26755-7f9f-4115-924b-299e6d632607 file=114-1s-recording-apr-18-2-01-pm_d6d26755_114.1s_Recording_(Apr_18_@_201_PM).jpeg size=8398
2026-08-15 09:02:50 INFO OK id=1696100d-a101-4940-aa4d-18d34cdd4ac0 file=para-que-te-desveles-conmigo_1696100d_Para_que_te_desveles_conmigo.jpeg size=6702
2026-08-15 09:02:50 INFO OK id=d6890f69-3f20-49ab-8899-5065d59673fb file=para-que-te-desveles-conmigo_d6890f69_Para_que_te_desveles_conmigo.jpeg size=9769
2026-08-15 09:02:50 INFO OK id=2d4f35e1-b427-4b80-b742-8db893d649da file=para-que-te-desveles-conmigo_2d4f35e1_Para_que_te_desveles_conmigo.jpeg size=11337
2026-08-15 09:02:50 INFO OK id=c941e2e6-747a-4f58-8109-6d0d2a57a2e4 file=para-que-te-desveles-conmigo_c941e2e6_Para_que_te_desveles_conmigo.jpeg size=5697
2026-08-15 09:02:50 INFO OK id=e2a367a7-dc2c-431f-987a-99aa2eb00b43 file=chaka-chaka-dum_e2a367a7_Chaka_Chaka_Dum.jpeg size=9965
2026-08-15 09:02:51 INFO OK id=5bb828b4-aaf0-491c-8adb-4b40bfc45cba file=chaka-chaka-dum_5bb828b4_Chaka_Chaka_Dum.jpeg size=10586
2026-08-15 09:02:51 INFO OK id=66b8e465-f959-42eb-b0c6-c0349ff175e4 file=chaka-chaka-dum_66b8e465_Chaka_Chaka_Dum.jpeg size=11190
2026-08-15 09:02:51 INFO OK id=1e559c1f-3bda-4bfc-9ec4-39d6f3a75820 file=chaka-chaka-dum_1e559c1f_Chaka_Chaka_Dum.jpeg size=5923
2026-08-15 09:02:51 INFO OK id=7000ef5b-10db-4c1e-b575-1a30b5939b25 file=chaka-chaka-dum_7000ef5b_Chaka_Chaka_Dum.jpeg size=9965
2026-08-15 09:02:51 INFO OK id=044deda7-1f2b-44eb-a174-2a505f648097 file=chaka-chaka-dum_044deda7_Chaka_Chaka_Dum.jpeg size=5835
2026-08-15 09:02:51 INFO OK id=b19e4734-5741-4b42-8021-a56487363bc4 file=chaka-chaka-dum_b19e4734_Chaka_Chaka_Dum.jpeg size=11505
2026-08-15 09:02:51 INFO OK id=a2a8a869-c20c-46cf-b264-5550e1d3bc7c file=chaka-chaka-dum_a2a8a869_Chaka_Chaka_Dum.jpeg size=11348
2026-08-15 09:02:51 INFO OK id=66779b6c-1981-4e2a-8536-7d4c00997d39 file=chaka-chaka_66779b6c_Chaka_Chaka.jpeg size=19387
2026-08-15 09:02:51 INFO OK id=84a14889-a22a-4087-ab47-9481eac42f74 file=chaka-chaka_84a14889_Chaka_Chaka.jpeg size=11179
2026-08-15 09:02:51 INFO OK id=e501898e-5c73-4873-b4b8-9d870ee3fae7 file=chaka-chaka-dum_e501898e_Chaka_Chaka_Dum.jpeg size=15981
2026-08-15 09:02:51 INFO OK id=e47aad43-bd75-451b-8e7a-183c6392a7ee file=y-sonaba-que-sonaba_e47aad43_Y_soñaba_que_soñaba_.jpeg size=11419
2026-08-15 09:02:51 INFO OK id=32ecd0d1-4cae-42ba-9264-9df36bbfc45b file=y-sonaba-que-sonaba_32ecd0d1_Y_soñaba_que_soñaba_.jpeg size=5819
2026-08-15 09:02:51 INFO OK id=56c5c7e1-3e8e-4ba9-b6f4-96b0c89427aa file=y-sonaba-que-sonaba_56c5c7e1_Y_soñaba_que_soñaba_.jpeg size=6968
2026-08-15 09:02:51 INFO OK id=8a7b539e-90e6-40a2-b14a-3f4509eddbdd file=y-sonaba-que-sonaba_8a7b539e_Y_soñaba_que_soñaba_.jpeg size=13299
2026-08-15 09:02:51 INFO OK id=dd822e94-ba22-459e-8258-c25a013b9f1c file=pequena-era_dd822e94_Pequeña_era.jpeg size=11435
2026-08-15 09:02:51 INFO OK id=19c22151-05f5-45ac-8bb5-4df214384754 file=hypnotic-arpeggios-chamber-choir-mix_19c22151_Hypnotic_Arpeggios_(Chamber_Choir_Mix).jpeg size=14048
2026-08-15 09:02:51 INFO OK id=e23ee0a8-8154-44a6-a9e6-a215a17e5c39 file=hypnotic-arpeggios-chamber-choir-mix_e23ee0a8_Hypnotic_Arpeggios_(Chamber_Choir_Mix).jpeg size=18974
2026-08-15 09:02:51 INFO OK id=7d14a838-dd23-410f-a718-412fe5ebffc9 file=claveles-creciente-y-sincopado_7d14a838_Claveles_(Creciente_y_Sincopado).jpeg size=22466
2026-08-15 09:02:51 INFO OK id=52802b07-96f6-4506-94c0-fd4c705fe4cd file=claveles-creciente-y-sincopado_52802b07_Claveles_(Creciente_y_Sincopado).jpeg size=21559
2026-08-15 09:02:52 INFO OK id=93acf490-4e94-4fd5-98ce-491b5430c1e7 file=cymatics-anthem-170-bpm-c-min_93acf490_Cymatics_-_Anthem_-_170_BPM_C#_Min.jpeg size=13115
2026-08-15 09:02:52 INFO OK id=839cfee4-8884-4fce-a726-c56359662b48 file=claveles-rapido-y-sincopado_839cfee4_Claveles_(Rápido_y_Sincopado).jpeg size=26086
2026-08-15 09:02:52 INFO OK id=02595a45-5425-4b26-8bcb-2e8fc08f163d file=badaba_02595a45_badaba.jpeg size=10855
2026-08-15 09:02:52 INFO OK id=bd9d3bab-ba19-4e7b-869e-4f3a0d4531b6 file=badaba_bd9d3bab_badaba.jpeg size=9612
2026-08-15 09:02:52 INFO OK id=dace4fd2-e81f-4aed-ac61-d833ff1fdd94 file=badaba-3gpp-3ga_dace4fd2_badaba.3gpp.3ga.jpeg size=9129
2026-08-15 09:02:52 INFO OK id=3d339fa8-1c49-41e9-8096-08be4405d2f7 file=un-dia-con-la-tia-maria_3d339fa8_Un_día_con_la_tía_María_.jpeg size=14876
2026-08-15 09:02:52 INFO OK id=6d4c2e6a-bf24-493a-abfc-039a8dac30a8 file=un-dia-con-la-tia-maria_6d4c2e6a_Un_día_con_la_tía_María_.jpeg size=11602
2026-08-15 09:02:52 INFO OK id=4f6a494a-614a-47b7-9bf5-933d9228c35d file=claveles_4f6a494a_Claveles.jpeg size=22425
2026-08-15 09:02:52 INFO OK id=8a3215d1-aaef-40de-b3e7-5c4fd733f158 file=claveles_8a3215d1_Claveles.jpeg size=23947
2026-08-15 09:02:52 INFO OK id=314fef8f-27a2-4cab-8174-5397ca3435fa file=claveles_314fef8f_Claveles.jpeg size=18414
2026-08-15 09:02:52 INFO OK id=fa9f8154-ed9c-4354-a451-76f2859b3750 file=claveles_fa9f8154_Claveles.jpeg size=26514
2026-08-15 09:02:52 INFO OK id=eba5ddb4-bcdc-420f-8295-0f9274d40e1c file=claveles_eba5ddb4_Claveles.jpeg size=25122
2026-08-15 09:02:52 INFO OK id=e2ff4438-6d6c-4450-b3de-67598af299f6 file=226-7s-recording-apr-14-6-05-pm_e2ff4438_226.7s_Recording_(Apr_14_@_605_PM).jpeg size=21586
2026-08-15 09:02:52 INFO OK id=ab47c179-cc17-4fc3-8ef5-4796e9f793b4 file=226-7s-recording-apr-14-6-05-pm_ab47c179_226.7s_Recording_(Apr_14_@_605_PM).jpeg size=17728
2026-08-15 09:02:52 INFO OK id=b9eb74dc-98d2-411a-9e42-c89b5bc772dc file=226-7s-recording-apr-14-6-05-pm_b9eb74dc_226.7s_Recording_(Apr_14_@_605_PM).jpeg size=6839
2026-08-15 09:02:52 INFO OK id=c7d998c8-6edb-401c-94ba-18260929abd0 file=para-que-te-desveles-conmigo_c7d998c8_Para_que_te_desveles_conmigo.jpeg size=14380
2026-08-15 09:02:52 INFO OK id=c0a39c8b-b88a-4392-8d57-205ce0367034 file=para-que-te-desveles-conmigo_c0a39c8b_Para_que_te_desveles_conmigo.jpeg size=6555
2026-08-15 09:02:52 INFO OK id=1798545d-d44b-43b0-a778-1a41a5a902dc file=para-que-te-desveles-conmigo_1798545d_Para_que_te_desveles_conmigo.jpeg size=11882
2026-08-15 09:02:52 INFO OK id=7dc40e88-9fc8-4075-a8cf-35d5280fc7be file=ventana-espiada_7dc40e88_Ventana_Espiada.jpeg size=8664
2026-08-15 09:02:52 INFO OK id=fb605fe8-259f-4a69-9a39-12cfe3b91e56 file=ventana-espiada_fb605fe8_Ventana_Espiada.jpeg size=10344
2026-08-15 09:02:53 INFO OK id=79825519-fc90-4622-871e-0675e55134d5 file=para-que-te-desveles-conmigo-x-para-que-te-desveles-conmigo-mashup_79825519_Para_que_te_desveles_conmigo_x_Para_que_te_desveles_conmigo_(Mashup).jpeg size=7609
2026-08-15 09:02:53 INFO OK id=684f9434-dda5-4318-9225-378521ef4e2d file=para-que-te-desveles-conmigo-x-para-que-te-desveles-conmigo-mashup_684f9434_Para_que_te_desveles_conmigo_x_Para_que_te_desveles_conmigo_(Mashup).jpeg size=8487
2026-08-15 09:02:53 INFO OK id=f6ddce44-357d-4fa8-a6fe-c28eeb055743 file=para-que-te-desveles-conmigo_f6ddce44_Para_que_te_desveles_conmigo.jpeg size=9974
2026-08-15 09:02:53 INFO OK id=00bf56bd-fed2-4ac6-a126-497bb3a0a415 file=para-que-te-desveles-conmigo_00bf56bd_Para_que_te_desveles_conmigo.jpeg size=9062
2026-08-15 09:02:53 INFO OK id=4bfc27f5-dc52-44ba-8927-7450309c65a9 file=para-que-te-desveles-conmigo_4bfc27f5_Para_que_te_desveles_conmigo.jpeg size=14687
2026-08-15 09:02:53 INFO OK id=16800145-5ae2-4f16-8dd0-caaac758641c file=para-que-te-desveles-conmigo_16800145_Para_que_te_desveles_conmigo.jpeg size=5581
2026-08-15 09:02:53 INFO OK id=e1f8d778-501e-4feb-b3c7-7fca521d0356 file=para-que-te-desveles-conmigo_e1f8d778_Para_que_te_desveles_conmigo.jpeg size=5635
2026-08-15 09:02:53 INFO OK id=69f99437-6790-4ea6-a962-cccc8464f483 file=para-que-te-desveles-conmigo_69f99437_Para_que_te_desveles_conmigo.jpeg size=14448
2026-08-15 09:02:53 INFO OK id=35300059-b41e-4924-8f28-0393a6b0f298 file=para-que-te-desveles-conmigo_35300059_Para_que_te_desveles_conmigo.jpeg size=8681
2026-08-15 09:02:53 INFO OK id=323b70f9-ca59-41f0-b6ad-f360fea8ecd3 file=para-que-te-desveles-conmigo_323b70f9_Para_que_te_desveles_conmigo.jpeg size=9591
2026-08-15 09:02:53 INFO OK id=9854ecc0-28ba-4b89-9909-66ab4c09eead file=para-que-te-desveles-conmigo_9854ecc0_Para_que_te_desveles_conmigo.jpeg size=7619
2026-08-15 09:02:53 INFO OK id=414b80dc-5061-47ce-a798-64c686adcad9 file=para-que-te-desveles-conmigo_414b80dc_Para_que_te_desveles_conmigo.jpeg size=10307
2026-08-15 09:02:53 INFO OK id=e7c930c3-15f0-49f1-9af9-f9b849ab9757 file=209-7s-recording-apr-14-1-11-pm_e7c930c3_209.7s_Recording_(Apr_14_@_111_PM).jpeg size=8718
2026-08-15 09:02:53 INFO OK id=1e706518-3ab8-4e5a-9670-92bcfef1e0d7 file=15-4s-recording-apr-14-12-59-pm_1e706518_15.4s_Recording_(Apr_14_@_1259_PM).jpeg size=8598
2026-08-15 09:02:53 INFO OK id=4c0a6f99-3d59-423b-9a68-512cf564fdde file=15-4s-recording-apr-14-12-59-pm_4c0a6f99_15.4s_Recording_(Apr_14_@_1259_PM).jpeg size=13714
2026-08-15 09:02:53 INFO OK id=77a6089d-d3bb-4ad7-8179-67702b15c724 file=15-4s-recording-apr-14-12-59-pm_77a6089d_15.4s_Recording_(Apr_14_@_1259_PM).jpeg size=8044
2026-08-15 09:02:53 INFO OK id=a62da914-3a3b-4bca-b598-fdb37cf21729 file=15-4s-recording-apr-14-12-59-pm_a62da914_15.4s_Recording_(Apr_14_@_1259_PM).jpeg size=10266
2026-08-15 09:02:53 INFO OK id=07cee6f4-b654-4616-a18b-925318452e9a file=15-4s-recording-apr-14-12-59-pm_07cee6f4_15.4s_Recording_(Apr_14_@_1259_PM).jpeg size=6236
2026-08-15 09:02:53 INFO OK id=f4735874-f008-4ccc-b600-d9ecddf91707 file=15-4s-recording-apr-14-12-59-pm_f4735874_15.4s_Recording_(Apr_14_@_1259_PM).jpeg size=6723
2026-08-15 09:02:53 INFO OK id=ca3f7cc4-7970-4831-90ce-d9cc5da883b4 file=22-5s-recording-apr-14-12-15-pm_ca3f7cc4_22.5s_Recording_(Apr_14_@_1215_PM).jpeg size=14200
2026-08-15 09:02:54 INFO OK id=5145d4b0-1909-4702-88f7-5d7892e74b8a file=22-5s-recording-apr-14-12-15-pm_5145d4b0_22.5s_Recording_(Apr_14_@_1215_PM).jpeg size=16351
2026-08-15 09:02:54 INFO OK id=819456e0-0074-4453-b565-2d1948581193 file=22-5s-recording-apr-14-12-15-pm_819456e0_22.5s_Recording_(Apr_14_@_1215_PM).jpeg size=9387
2026-08-15 09:02:54 INFO OK id=0a278757-11a7-45ba-ac19-4413f688b7a1 file=hasta-el-infinito_0a278757_Hasta_el_infinito.jpeg size=9685
2026-08-15 09:02:54 INFO OK id=a2400da0-63b8-4e19-add7-dfd5fd46a62b file=te-conoci-sin-verte_a2400da0_Te_conocí_sin_verte.jpeg size=11557
2026-08-15 09:02:54 INFO OK id=46eb05f3-cee1-4ceb-9365-66dfa03b9e08 file=te-conoci-sin-verte_46eb05f3_Te_conocí_sin_verte.jpeg size=9059
2026-08-15 09:02:54 INFO OK id=57ec7257-637b-4c57-88eb-d902f642774a file=te-conoci-sin-verte_57ec7257_Te_conocí_sin_verte.jpeg size=7047
2026-08-15 09:02:54 INFO OK id=ab7b0c74-3ff7-4f12-bcc1-0a2fe0dde2b2 file=te-conoci-sin-verte_ab7b0c74_Te_conocí_sin_verte.jpeg size=6092
2026-08-15 09:02:54 INFO OK id=c61ff0ca-3f3a-432b-ae25-df79d85dffa2 file=te-conoci-sin-verte_c61ff0ca_Te_conocí_sin_verte.jpeg size=8535
2026-08-15 09:02:54 INFO OK id=cd35d24b-8f7e-466d-9844-9a3fbce7a03c file=te-conoci-sin-verte_cd35d24b_Te_conocí_sin_verte.jpeg size=6388
2026-08-15 09:02:54 INFO OK id=c74136ed-ae93-4d67-878d-7a4b2b641ce3 file=te-conoci-sin-verte_c74136ed_Te_conocí_sin_verte.jpeg size=7701
2026-08-15 09:02:54 INFO OK id=ab0a98d7-f160-4e4b-b929-e4efdc6eccd9 file=te-conoci-sin-verte_ab0a98d7_Te_conocí_sin_verte.jpeg size=6353
2026-08-15 09:02:54 INFO OK id=c915aae1-2eaf-4189-ad58-3136788654b3 file=te-conoci-sin-verte_c915aae1_Te_conocí_sin_verte.jpeg size=5568
2026-08-15 09:02:54 INFO OK id=13ee7c43-b1c5-4a08-ba1d-4fd72d972cf7 file=ya-me-voy-corriendo-a-trabajar_13ee7c43_Ya_me_voy_corriendo_a_trabajar.jpeg size=8463
2026-08-15 09:02:54 INFO OK id=0bfd2ddf-8bb9-4e01-a9e9-fc2088c33fdd file=selection-from-untitled-project_0bfd2ddf_Selection_from_Untitled_Project.jpeg size=14608
2026-08-15 09:02:54 INFO OK id=603c7757-2e0c-46e0-99c4-46489fb2e358 file=selection-from-untitled-project_603c7757_Selection_from_Untitled_Project.jpeg size=12700
2026-08-15 09:02:54 INFO OK id=08397e05-311b-4746-b83e-c943d3d37bf7 file=untitled_08397e05_Untitled.jpeg size=17833
2026-08-15 09:02:54 INFO OK id=bc2f9abd-e5f4-4729-8920-6e032828dcc2 file=untitled_bc2f9abd_Untitled.jpeg size=8552
2026-08-15 09:02:54 INFO OK id=efc87757-7630-45c3-8085-f9dc72925e6f file=untitled_efc87757_Untitled.jpeg size=15261
2026-08-15 09:02:54 INFO OK id=c71536a4-90df-4e9a-b510-e7a4660d82c4 file=untitled_c71536a4_Untitled.jpeg size=13833
2026-08-15 09:02:54 INFO OK id=e63fd02c-d9a8-4748-bef4-1184a6c9f32a file=rec-apr-12-21-10-56_e63fd02c_[Rec]_Apr_12_211056.jpeg size=7866
2026-08-15 09:02:54 INFO OK id=fbdbbf60-cce6-4dff-9833-54368c2304db file=untitled_fbdbbf60_Untitled.jpeg size=8574
2026-08-15 09:02:55 INFO OK id=559a6b9a-5b62-4c3f-9159-8db53afd01b8 file=untitled_559a6b9a_Untitled.jpeg size=10229
2026-08-15 09:02:55 INFO OK id=abc37baa-3a6d-488c-a1d1-6e4c00053dfb file=rec-apr-12-21-03-23_abc37baa_[Rec]_Apr_12_210323.jpeg size=8783
2026-08-15 09:02:55 INFO OK id=db305530-b0b5-40f7-8477-f3fec3faf306 file=te-conoci-sin-verte_db305530_Te_conocí_sin_verte_.jpeg size=5273
2026-08-15 09:02:55 INFO OK id=33cad0d3-d714-4b19-9496-48b4df56ec6d file=te-conoci-sin-verte_33cad0d3_Te_conocí_sin_verte_.jpeg size=8039
2026-08-15 09:02:55 INFO OK id=40dc322c-1123-4b4b-b3e9-3b27fb78eba4 file=te-conoci-sin-verte_40dc322c_Te_conocí_sin_verte_.jpeg size=8152
2026-08-15 09:02:55 INFO OK id=1700b5aa-3f8e-4860-9437-ecbe0598918b file=pedazo-de-papel-blanco-de-susto_1700b5aa_Pedazo_de_papel_blanco_de_susto.jpeg size=14205
2026-08-15 09:02:55 INFO OK id=94b348e3-7e5d-43f1-a553-26ce08f757ea file=pedazo-de-papel-blanco-de-susto_94b348e3_Pedazo_de_papel_blanco_de_susto.jpeg size=11917
2026-08-15 09:02:55 INFO OK id=21f0f72d-0cb4-401a-a6f0-f73efdafaf03 file=pedazo-de-papel-blanco-de-susto_21f0f72d_Pedazo_de_papel_blanco_de_susto.jpeg size=7552
2026-08-15 09:02:55 INFO OK id=303077d4-722d-4572-ad39-a4c5bef2bfa7 file=pedazo-de-papel-blanco-de-susto_303077d4_Pedazo_de_papel_blanco_de_susto.jpeg size=15688
2026-08-15 09:02:55 INFO OK id=68960ea4-8976-41d7-8453-5aa48d2c24e5 file=pedazo-de-papel-blanco-de-susto_68960ea4_Pedazo_de_papel_blanco_de_susto.jpeg size=14191
2026-08-15 09:02:55 INFO OK id=492c21cd-bb8d-4631-a170-2ccc91be43ca file=pedazo-de-papel-blanco-de-susto_492c21cd_Pedazo_de_papel_blanco_de_susto.jpeg size=8714
2026-08-15 09:02:55 INFO OK id=cd63bb5f-cf09-4a64-b365-1c6ad18e14ef file=hoy-regrese-al-museo-de-arte-britanico_cd63bb5f_Hoy_regresé_al_Museo_de_Arte_Británico.jpeg size=11771
2026-08-15 09:02:55 INFO OK id=c5be3f74-1259-491c-8a38-d9143145cee3 file=hoy-necesito-escribir-una-cancion-de-amor_c5be3f74_Hoy_necesito_escribir_una_canción_de_amor.jpeg size=10957
2026-08-15 09:02:55 INFO OK id=5d514241-7855-4c65-9cb4-7a82782fd0a7 file=hoy-necesito-escribir-una-cancion-de-amor_5d514241_Hoy_necesito_escribir_una_canción_de_amor.jpeg size=10514
2026-08-15 09:02:55 INFO OK id=9f789a3b-5976-4710-a265-13ab4b3c6e7e file=confession_9f789a3b_Confession.jpeg size=10815
2026-08-15 09:02:55 INFO OK id=ebce5c47-2db6-4c62-9752-11d59450db2b file=escucha-al-tiempo-hablar-por-mi_ebce5c47_Escucha_al_tiempo_hablar_por_mí.jpeg size=12471
2026-08-15 09:02:55 INFO OK id=aa51b36e-aa63-4743-8e11-d906ea31dd62 file=donde-el-mundo-se-curva_aa51b36e_Donde_el_mundo_se_curva.jpeg size=8603
2026-08-15 09:02:55 INFO OK id=2c4ae85d-1582-4dfc-89b8-80ee1ac8e2fc file=escucha-al-tiempo-hablar-por-mi_2c4ae85d_Escucha_al_tiempo_hablar_por_mí.jpeg size=13144
2026-08-15 09:02:55 INFO OK id=53598994-8ab0-4902-8a61-a52bd278765f file=marmol-que-respira_53598994_Mármol_que_respira.jpeg size=17171
2026-08-15 09:02:55 INFO OK id=d23f4ef6-b04f-4ed2-bf07-e6280055d520 file=caminar-sin-llegar_d23f4ef6_Caminar_Sin_Llegar.jpeg size=9858
2026-08-15 09:02:55 INFO OK id=d03b163b-2ed8-4d3a-b68e-51fc2df50cd8 file=marmol-que-respira-remix-remix_d03b163b_Mármol_que_respira_(Remix)_(Remix).jpeg size=14774
2026-08-15 09:02:56 INFO OK id=e29455ae-ca60-4f80-bc00-76723e808232 file=blanco-marmol-respira_e29455ae_Blanco_Mármol_Respira.jpeg size=14293
2026-08-15 09:02:56 INFO OK id=960ec7c0-87c4-4611-8235-2a00f4decf00 file=por-que-cantan-las-aves_960ec7c0_Por_qué_cantan_las_aves.jpeg size=7022
2026-08-15 09:02:56 INFO OK id=6a463024-e007-4f86-b8fb-47e7b8ab8f23 file=se-inunda-de-luz-el-valle_6a463024_Se_inunda_de_luz_el_valle_.jpeg size=7606
2026-08-15 09:02:56 INFO OK id=26f2bba7-2367-46dd-9a93-1d66d5766c8f file=se-inunda-de-luz-el-valle_26f2bba7_Se_inunda_de_luz_el_valle_.jpeg size=16381
2026-08-15 09:02:56 INFO OK id=ace17c1d-47c7-4f64-82a2-acbacbcdd346 file=ecos-remix_ace17c1d_Ecos_(Remix).jpeg size=11423
2026-08-15 09:02:56 INFO OK id=3659919a-72f3-4e33-9897-5ec8a1863e0e file=la-ciudad-de-los-ecos_3659919a_La_ciudad_de_los_ecos.jpeg size=9742
2026-08-15 09:02:56 INFO OK id=3943f527-d59c-462b-9183-759529634cff file=la-ciudad-de-los-ecos_3943f527_La_ciudad_de_los_ecos.jpeg size=11053
2026-08-15 09:02:56 INFO OK id=007f6a11-fa89-42f0-920c-953879f7afb1 file=market-marimbas_007f6a11_Market_Marimbas.jpeg size=16644
2026-08-15 09:02:56 INFO OK id=03287e44-6212-4786-a5be-429ccdd1fdd4 file=market-marimbas_03287e44_Market_Marimbas.jpeg size=17089
2026-08-15 09:02:56 INFO OK id=ee41009d-ba7a-4913-8bb9-c24c63d62432 file=caminante-senda-remastered_ee41009d_Caminante_Senda_(Remastered).jpeg size=6592
2026-08-15 09:02:56 INFO OK id=ac6bcd43-8235-4e98-a824-6d8c7dc13cc0 file=caminante-senda-remastered_ac6bcd43_Caminante_Senda_(Remastered).jpeg size=6592
2026-08-15 09:02:56 INFO OK id=5c2486ad-0713-4960-8bb0-b15903c2246a file=ciudades-sin-nombre_5c2486ad_Ciudades_Sin_Nombre.jpeg size=11439
2026-08-15 09:02:56 INFO OK id=4857b3b9-f3fd-4300-af6c-48d9874f8072 file=ciudades-sin-nombre_4857b3b9_Ciudades_Sin_Nombre.jpeg size=10580
2026-08-15 09:02:56 INFO OK id=919a8dc1-d793-491e-8ae1-c784de7baf7e file=semaforo-persistente_919a8dc1_Semáforo_Persistente.jpeg size=20365
2026-08-15 09:02:56 INFO OK id=3c4a1871-2b1f-4afe-b8e7-c8cc65018a44 file=semaforo-persistente_3c4a1871_Semáforo_Persistente.jpeg size=20086
2026-08-15 09:02:56 INFO OK id=78fd175c-8723-44b6-bfe7-592b90967ddb file=caminante-senda_78fd175c_Caminante_Senda.jpeg size=6511
2026-08-15 09:02:56 INFO OK id=751d876e-aea8-4331-96c4-5c7515f1abbb file=caminante-senda_751d876e_Caminante_Senda.jpeg size=5841
2026-08-15 09:02:56 INFO OK id=b2872e1c-c3f7-4df2-9022-80645a85a932 file=seventy-year-road_b2872e1c_Seventy-Year_Road.jpeg size=15956
2026-08-15 09:02:56 INFO OK id=94c47ee7-74bc-4ab5-bbe1-8bbcf132a222 file=seventy-year-road_94c47ee7_Seventy-Year_Road.jpeg size=16015
2026-08-15 09:02:56 INFO OK id=280c5818-d03a-4d37-b3c8-309834d35058 file=fires-burnlow_280c5818_Fires_Burnlow.jpeg size=9657
2026-08-15 09:02:56 INFO OK id=04006fb8-7951-4cdb-8d28-eb6597f8abb0 file=fires-burnlow_04006fb8_Fires_Burnlow.jpeg size=8332
2026-08-15 09:02:57 INFO OK id=1bfde5a7-5fd7-4ef2-885c-6f986e821216 file=hoy-toca-festividad_1bfde5a7_Hoy_toca_festividad.jpeg size=10876
2026-08-15 09:02:57 INFO OK id=8739cc36-e7b3-42b6-aa56-297cdde11cdc file=hoy-toca-festividad-remix-remix-remix_8739cc36_Hoy_toca_festividad_(Remix)_(Remix)_(Remix).jpeg size=12314
2026-08-15 09:02:57 INFO OK id=87108fdc-6741-44d4-a213-5cfcb6eda6de file=hoy-toca-festividad-remix-remix-remix_87108fdc_Hoy_toca_festividad_(Remix)_(Remix)_(Remix).jpeg size=11367
2026-08-15 09:02:57 INFO OK id=9e3a7482-037a-45af-99a9-64d466c1a689 file=hoy-toca-festividad-remix-remix_9e3a7482_Hoy_toca_festividad_(Remix)_(Remix).jpeg size=11541
2026-08-15 09:02:57 INFO OK id=bc291423-744b-4f81-88a8-25686900d302 file=hoy-toca-festividad-remix-remix_bc291423_Hoy_toca_festividad_(Remix)_(Remix).jpeg size=12888
2026-08-15 09:02:57 INFO OK id=b8ca759b-01e7-4bcb-8c9c-9e6ba4c08927 file=hoy-toca-festividad-remix-remix_b8ca759b_Hoy_toca_festividad_(Remix)_(Remix).jpeg size=13712
2026-08-15 09:02:57 INFO OK id=dfcc76c4-eb74-4a8b-ad38-5b21075b41c3 file=hoy-toca-festividad-remix-remix_dfcc76c4_Hoy_toca_festividad_(Remix)_(Remix).jpeg size=13723
2026-08-15 09:02:57 INFO OK id=5d19fd81-ed31-4df3-b4b2-31391a9f94b7 file=hoy-toca-festividad-remix-remix_5d19fd81_Hoy_toca_festividad_(Remix)_(Remix).jpeg size=12294
2026-08-15 09:02:57 INFO OK id=df7e39e1-8fcf-41e7-888b-e8a0eb974b42 file=hoy-toca-festividad-remix-remix_df7e39e1_Hoy_toca_festividad_(Remix)_(Remix).jpeg size=13269
2026-08-15 09:02:57 INFO OK id=24cb88ee-9506-48b2-83a2-cf786c76008a file=hoy-toca-festividad-remix-remix_24cb88ee_Hoy_toca_festividad_(Remix)_(Remix).jpeg size=13944
2026-08-15 09:02:57 INFO OK id=d6613b3e-b611-43c3-a7f9-8705ab7a065b file=hoy-toca-festividad-remix-remix_d6613b3e_Hoy_toca_festividad_(Remix)_(Remix).jpeg size=12011
2026-08-15 09:02:57 INFO OK id=e076c3f9-b5bb-430b-b8c1-653858a3b817 file=hoy-toca-festividad-remix-remix_e076c3f9_Hoy_toca_festividad_(Remix)_(Remix).jpeg size=12221
2026-08-15 09:02:57 INFO OK id=732bb422-21e4-475f-8257-f28b5028999f file=hoy-toca-festividad-remix_732bb422_Hoy_toca_festividad_(Remix).jpeg size=13707
2026-08-15 09:02:57 INFO OK id=7c4bf04f-6938-4508-acb2-a79eb68fc88c file=hoy-toca-festividad-remix_7c4bf04f_Hoy_toca_festividad_(Remix).jpeg size=15646
2026-08-15 09:02:57 INFO OK id=df70c2ff-3c0f-4851-a0ae-cde390088335 file=fashion-cover-remix_df70c2ff_Fashion_(Cover)_(Remix).jpeg size=16281
2026-08-15 09:02:57 INFO OK id=833d5c84-c9e7-402c-b7b5-b6d3801133bf file=fashion-cover-remix_833d5c84_Fashion_(Cover)_(Remix).jpeg size=17126
2026-08-15 09:02:57 INFO OK id=0ac59f63-b56a-430d-906a-5ca7515e83cc file=que-te-quedas-que-te-vas-x-que-te-x-que-te-quedas-que-te-vas-mashup_0ac59f63_Que_te_quedas_que_te_vas_x_Que_te…_x_Que_te_quedas_que_te_vas_(Mashup).jpeg size=12540
2026-08-15 09:02:57 INFO OK id=c9620e74-5756-433e-96b7-d8206e0a4a71 file=que-te-quedas-que-te-vas-x-que-te-x-que-te-quedas-que-te-vas-mashup_c9620e74_Que_te_quedas_que_te_vas_x_Que_te…_x_Que_te_quedas_que_te_vas_(Mashup).jpeg size=10893
2026-08-15 09:02:57 INFO OK id=c58193d8-5530-48bb-9d8d-d2c9f604aaa2 file=que-te-quedas-que-te-vas-x-que-te-x-que-te-quedas-que-te-vas-mashup_c58193d8_Que_te_quedas_que_te_vas_x_Que_te…_x_Que_te_quedas_que_te_vas_(Mashup).jpeg size=11725
2026-08-15 09:02:57 INFO OK id=0aaa3b7a-c9c4-4384-979f-bc67b76494f2 file=que-te-quedas-que-te-vas-x-que-te-x-que-te-quedas-que-te-vas-mashup_0aaa3b7a_Que_te_quedas_que_te_vas_x_Que_te…_x_Que_te_quedas_que_te_vas_(Mashup).jpeg size=15380
2026-08-15 09:02:58 INFO OK id=4594cba0-3529-4ef3-b3ab-0c6c7a581d6e file=que-te-quedas-que-te-vas-x-que-te-x-que-te-quedas-que-te-vas-mashup_4594cba0_Que_te_quedas_que_te_vas_x_Que_te…_x_Que_te_quedas_que_te_vas_(Mashup).jpeg size=15724
2026-08-15 09:02:58 INFO OK id=1f5c419c-99cf-4861-a629-c954267dc34d file=que-te-quedas-que-te-vas-x-que-te-x-que-te-quedas-que-te-vas-mashup_1f5c419c_Que_te_quedas_que_te_vas_x_Que_te…_x_Que_te_quedas_que_te_vas_(Mashup).jpeg size=13636
2026-08-15 09:02:58 INFO OK id=08ae09d8-4d10-4c1c-b909-7e43b6988d20 file=que-te-quedas-que-te-vas-x-que-te-x-que-te-quedas-que-te-vas-mashup_08ae09d8_Que_te_quedas_que_te_vas_x_Que_te…_x_Que_te_quedas_que_te_vas_(Mashup).jpeg size=11128
2026-08-15 09:02:58 INFO OK id=da4b4f83-0715-4875-a971-e4268ee4762c file=que-te-quedas-que-te-vas_da4b4f83_Que_te_quedas_que_te_vas.jpeg size=16490
2026-08-15 09:02:58 INFO OK id=166d71e0-b7ad-489d-adbd-3227d6ab1a27 file=que-te-quedas-que-te-vas_166d71e0_Que_te_quedas_que_te_vas.jpeg size=17237
2026-08-15 09:02:58 INFO OK id=3a5be633-3afd-46a7-9f67-272b76355bce file=que-te-quedas-que-te-vas_3a5be633_Que_te_quedas_que_te_vas.jpeg size=11717
2026-08-15 09:02:58 INFO OK id=bb262277-b355-4401-a789-3b885336d42c file=que-te-quedas-que-te-vas_bb262277_Que_te_quedas_que_te_vas.jpeg size=10962
2026-08-15 09:02:58 INFO OK id=db35329d-dd8c-4f6e-9da3-e7eff64929a4 file=que-te-quedas-que-te-vas_db35329d_Que_te_quedas_que_te_vas.jpeg size=13217
2026-08-15 09:02:58 INFO OK id=c6c4b0d7-c01e-49b0-a666-aba3a16a3abf file=que-te-quedas-que-te-vas_c6c4b0d7_Que_te_quedas_que_te_vas.jpeg size=13594
2026-08-15 09:02:58 INFO OK id=9d77692b-c21f-44f7-9d7b-198dd7381c39 file=que-te-quedas-que-te-vas_9d77692b_Que_te_quedas_que_te_vas.jpeg size=15164
2026-08-15 09:02:58 INFO OK id=b44bb18c-ca37-4a0d-a3db-096771b21665 file=que-te-quedas-que-te-vas_b44bb18c_Que_te_quedas_que_te_vas.jpeg size=14565
2026-08-15 09:02:58 INFO OK id=e95e06af-ab3e-45cd-874a-1a07f208b2e9 file=que-te-quedas-que-te-vas_e95e06af_Que_te_quedas_que_te_vas.jpeg size=9684
2026-08-15 09:02:58 INFO OK id=2d47e6bf-413a-4ed5-9691-6573f369db62 file=que-te-quedas-que-te-vas_2d47e6bf_Que_te_quedas_que_te_vas.jpeg size=10899
2026-08-15 09:02:58 INFO OK id=3fb16a3b-0a91-491c-93e6-94fcfa0c2394 file=que-te-quedas-que-te-vas_3fb16a3b_Que_te_quedas_que_te_vas.jpeg size=10909
2026-08-15 09:02:58 INFO OK id=45295900-59cd-476d-8864-2bdf56ca771a file=que-te-quedas-que-te-vas_45295900_Que_te_quedas_que_te_vas.jpeg size=13941
2026-08-15 09:02:58 INFO OK id=6f5a8f6b-e115-47ea-80e5-8adb05a7fdf5 file=que-te-quedas-que-te-vas_6f5a8f6b_Que_te_quedas_que_te_vas.jpeg size=13726
2026-08-15 09:02:58 INFO OK id=8ee2a7bb-a5c7-420c-8344-8f5dab46931a file=que-te-quedas-que-te-vas_8ee2a7bb_Que_te_quedas_que_te_vas.jpeg size=14325
2026-08-15 09:02:58 INFO OK id=7e7c5210-c139-43b7-ae7b-490c4b31c4cd file=que-te-quedas-que-te-vas_7e7c5210_Que_te_quedas_que_te_vas.jpeg size=13915
2026-08-15 09:02:58 INFO OK id=dfd5a8e7-98af-448f-b835-1cd653dbcfe1 file=que-te-quedas-que-te-vas_dfd5a8e7_Que_te_quedas_que_te_vas.jpeg size=13265
2026-08-15 09:02:58 INFO OK id=f9b0fdb8-2886-45b0-8918-f5549345e728 file=que-te-quedas-que-te-vas_f9b0fdb8_Que_te_quedas_que_te_vas.jpeg size=14213
2026-08-15 09:02:59 INFO OK id=0a1facbb-e19c-4a13-9b89-53e20f6f4de8 file=que-te-quedas-que-te-vas_0a1facbb_Que_te_quedas_que_te_vas.jpeg size=11482
2026-08-15 09:02:59 INFO OK id=5feac205-f79a-470f-ac23-73bab3478cbf file=que-te-quedas-que-te-vas_5feac205_Que_te_quedas_que_te_vas.jpeg size=11428
2026-08-15 09:02:59 INFO OK id=e6ecde9e-7d67-4514-85aa-d4d2455036df file=que-te-quedas-que-te-vas_e6ecde9e_Que_te_quedas_que_te_vas.jpeg size=13999
2026-08-15 09:02:59 INFO OK id=067611d5-38a4-4d06-a6c9-94b0eb5404bd file=que-te-quedas-que-te-vas_067611d5_Que_te_quedas_que_te_vas.jpeg size=12169
2026-08-15 09:02:59 INFO OK id=303a6076-d71f-4b27-b6dd-c2cc413704cf file=que-te-quedas-que-te-vas_303a6076_Que_te_quedas_que_te_vas.jpeg size=13929
2026-08-15 09:02:59 INFO OK id=7985e17d-7c46-4fd7-8588-8ae2c5539242 file=que-te-quedas-que-te-vas_7985e17d_Que_te_quedas_que_te_vas.jpeg size=16008
2026-08-15 09:02:59 INFO OK id=abcbeada-b3a9-4ab6-97c6-058ead80268d file=si-no-sabes-por-que-x-cymatics-vibrations-pop-guitar-mashup_abcbeada_Si_no_sabes_por_qué_x_Cymatics_-_Vibrations_Pop_Guitar_…_(Mashup).jpeg size=10425
2026-08-15 09:02:59 INFO OK id=26092ecb-e7d2-47e2-8a8f-471d681df63b file=si-no-sabes-por-que-x-cymatics-vibrations-pop-guitar-mashup_26092ecb_Si_no_sabes_por_qué_x_Cymatics_-_Vibrations_Pop_Guitar_…_(Mashup).jpeg size=10776
2026-08-15 09:02:59 INFO OK id=4e839924-0a69-4064-946d-27c10cc2a50c file=si-no-sabes-por-que-x-cymatics-vibrations-pop-guitar-mashup_4e839924_Si_no_sabes_por_qué_x_Cymatics_-_Vibrations_Pop_Guitar_…_(Mashup).jpeg size=11283
2026-08-15 09:02:59 INFO OK id=0d10fe7d-67fd-4276-9eb9-44033f8dfdea file=si-no-sabes-por-que-x-cymatics-vibrations-pop-guitar-mashup_0d10fe7d_Si_no_sabes_por_qué_x_Cymatics_-_Vibrations_Pop_Guitar_…_(Mashup).jpeg size=11056
2026-08-15 09:02:59 INFO OK id=bd68d7f8-9f42-4bd8-b0c4-ca1b6bfb568d file=si-no-sabes-por-que-x-cymatics-vibrations-pop-guitar-mashup_bd68d7f8_Si_no_sabes_por_qué_x_Cymatics_-_Vibrations_Pop_Guitar_…_(Mashup).jpeg size=13580
2026-08-15 09:02:59 INFO OK id=216b7494-ac18-479d-8d06-dea4ac75fd2e file=si-no-sabes-por-que-x-cymatics-vibrations-pop-guitar-mashup_216b7494_Si_no_sabes_por_qué_x_Cymatics_-_Vibrations_Pop_Guitar_…_(Mashup).jpeg size=12653
2026-08-15 09:02:59 INFO OK id=99081ebe-2132-46ae-98bd-2f9e61748147 file=si-no-sabes-por-que-x-cymatics-vibrations-pop-guitar-mashup_99081ebe_Si_no_sabes_por_qué_x_Cymatics_-_Vibrations_Pop_Guitar_…_(Mashup).jpeg size=12424
2026-08-15 09:02:59 INFO OK id=d6cabe03-411a-4020-897c-11e311cc664b file=si-no-sabes-por-que-x-cymatics-vibrations-pop-guitar-mashup_d6cabe03_Si_no_sabes_por_qué_x_Cymatics_-_Vibrations_Pop_Guitar_…_(Mashup).jpeg size=11615
2026-08-15 09:02:59 INFO OK id=abc8d99f-40ce-46d0-9ed1-60233ecdc7a9 file=si-no-sabes-por-que-x-cymatics-vibrations-pop-guitar-mashup_abc8d99f_Si_no_sabes_por_qué_x_Cymatics_-_Vibrations_Pop_Guitar_…_(Mashup).jpeg size=13012
2026-08-15 09:02:59 INFO OK id=db245abf-37d3-47eb-8704-be03c24a6663 file=si-no-sabes-por-que-x-cymatics-vibrations-pop-guitar-mashup_db245abf_Si_no_sabes_por_qué_x_Cymatics_-_Vibrations_Pop_Guitar_…_(Mashup).jpeg size=10569
2026-08-15 09:02:59 INFO OK id=871ad358-a2b3-447e-b2c2-943deaf0a87d file=si-no-sabes-por-que-x-cymatics-vibrations-pop-guitar-mashup_871ad358_Si_no_sabes_por_qué_x_Cymatics_-_Vibrations_Pop_Guitar_…_(Mashup).jpeg size=11625
2026-08-15 09:02:59 INFO OK id=194085fb-31e1-49a0-9f04-02902fa0d265 file=totopo_194085fb_Totopo.jpeg size=13594
2026-08-15 09:02:59 INFO OK id=333594e5-99dd-421f-9818-a5a7407736ba file=totopo_333594e5_Totopo.jpeg size=13661
2026-08-15 09:03:00 INFO OK id=5270dd88-f715-4f54-aba8-809460b8c63a file=acorde-infinito_5270dd88_Acorde_infinito.jpeg size=11944
2026-08-15 09:03:00 INFO OK id=b7c21896-4541-4dcc-acad-f3e69f0af7c5 file=rios-de-tinta_b7c21896_Ríos_de_tinta.jpeg size=11718
2026-08-15 09:03:00 INFO OK id=03bdf04d-d0b6-4ae6-b963-c8d977308531 file=rios-de-tinta_03bdf04d_Ríos_de_tinta.jpeg size=12853
2026-08-15 09:03:00 INFO OK id=52c9b5b8-101c-4062-8e4e-47021fbaa34c file=rios-de-tinta_52c9b5b8_Ríos_de_tinta.jpeg size=12017
2026-08-15 09:03:00 INFO OK id=2c2a6aba-a80b-4c16-aaf6-c282e45d428e file=cymatics-vibrations-pop-guitar-loop-8-100-bpm-g-maj_2c2a6aba_Cymatics_-_Vibrations_Pop_Guitar_Loop_8_-_100_BPM_G#_Maj.jpeg size=21185
2026-08-15 09:03:00 INFO OK id=248f271d-395e-4f77-9e56-dc51d9912979 file=un-pez-muerto-de-sed_248f271d_Un_pez_muerto_de_sed.jpeg size=8961
2026-08-15 09:03:00 INFO OK id=7584731f-6db7-4d24-a53e-79a67cf8374a file=cymatics-vibrations-chill-guitar-loop-5-128-bpm-e-maj_7584731f_Cymatics_-_Vibrations_Chill_Guitar_Loop_5_-_128_BPM_E_Maj.jpeg size=10113
2026-08-15 09:03:00 INFO OK id=048a75c6-e23d-4d2b-bf6f-37bacad14949 file=leftover-umbrella_048a75c6_Leftover_Umbrella.jpeg size=10071
2026-08-15 09:03:00 INFO OK id=3f855b00-8a8c-4cb6-9347-5adc24cfc0ef file=leftover-umbrella_3f855b00_Leftover_Umbrella.jpeg size=11949
2026-08-15 09:03:00 INFO OK id=c7e80150-41f9-4462-bd7a-897cec5d85dd file=untitled_c7e80150_untitled.jpeg size=14524
2026-08-15 09:03:00 INFO OK id=65b0749e-0439-4b70-9425-c7bdccf40837 file=untitled_65b0749e_untitled.jpeg size=14510
2026-08-15 09:03:00 INFO OK id=0d4521c9-5be6-4517-957c-832ea6f59ff2 file=synth-bells-keys-lead-trap-melody-miss-you-135bpm-f-minor-wav-remix-remix_0d4521c9_synth-bells-keys-lead-trap-melody-miss-you_135bpm_F_minor.wav_(Remix)_(Remix).jpeg size=11706
2026-08-15 09:03:00 INFO OK id=03dc72d8-ce29-4d00-872b-0c553f4676fa file=synth-bells-keys-lead-trap-melody-miss-you-135bpm-f-minor-wav-remix-remix_03dc72d8_synth-bells-keys-lead-trap-melody-miss-you_135bpm_F_minor.wav_(Remix)_(Remix).jpeg size=11838
2026-08-15 09:03:00 INFO OK id=0b08731d-e344-43d4-83bc-5ca77eca6367 file=synth-bells-keys-lead-trap-melody-miss-you-135bpm-f-minor-wav-remix_0b08731d_synth-bells-keys-lead-trap-melody-miss-you_135bpm_F_minor.wav_(Remix).jpeg size=13147
2026-08-15 09:03:00 INFO OK id=dc717db9-d16c-43ce-b98c-11484b23eabe file=synth-bells-keys-lead-trap-melody-miss-you-135bpm-f-minor-wav-remix_dc717db9_synth-bells-keys-lead-trap-melody-miss-you_135bpm_F_minor.wav_(Remix).jpeg size=14877
2026-08-15 09:03:00 INFO OK id=44c6c452-d5f5-4fec-b184-c43daf04d447 file=synth-bells-keys-lead-trap-melody-miss-you-135bpm-f-minor-wav-remix_44c6c452_synth-bells-keys-lead-trap-melody-miss-you_135bpm_F_minor.wav_(Remix).jpeg size=12710
2026-08-15 09:03:00 INFO OK id=5928ed5c-0c4f-4898-9527-dab0df70d1b5 file=synth-bells-keys-lead-trap-melody-miss-you-135bpm-f-minor-wav-remix_5928ed5c_synth-bells-keys-lead-trap-melody-miss-you_135bpm_F_minor.wav_(Remix).jpeg size=12998
2026-08-15 09:03:00 INFO OK id=d4838d2e-2da1-4fd8-b7a7-aef6a1b254ad file=synth-bells-keys-lead-trap-melody-miss-you-135bpm-f-minor-wav_d4838d2e_synth-bells-keys-lead-trap-melody-miss-you_135bpm_F_minor.wav.jpeg size=6034
2026-08-15 09:03:00 INFO OK id=39797428-b8ef-49f1-93bb-940f32cb08c3 file=dream-of-flying_39797428_Dream_of_Flying.jpeg size=16959
2026-08-15 09:03:00 INFO OK id=9a542303-91e5-473d-b8a7-9237a36aae7b file=dream-of-flying_9a542303_Dream_of_Flying.jpeg size=14814
2026-08-15 09:03:00 INFO OK id=fe980f7f-0e9d-4609-9d08-dea4c22e9cd9 file=untitled_fe980f7f_untitled.jpeg size=15683
2026-08-15 09:03:01 INFO OK id=03822abf-7d39-4ed9-83c4-19d4971bf90c file=untitled_03822abf_untitled.jpeg size=14529
2026-08-15 09:03:01 INFO OK id=f2b0968c-a3a3-4342-a90d-c6dea464f8ca file=badaba_f2b0968c_Badaba.jpeg size=16153
2026-08-15 09:03:01 INFO OK id=f9ed44ba-c271-4fc3-8a4c-d933e5b9ca6b file=badaba_f9ed44ba_Badaba.jpeg size=14645
2026-08-15 09:03:01 INFO OK id=332d62d5-5563-4052-aa6b-df8456a3e0b0 file=primera-ola-remix_332d62d5_Primera_Ola_(Remix).jpeg size=12765
2026-08-15 09:03:02 INFO OK id=ddb2b4a2-9eee-4247-ae1f-fc1da8f91f86 file=y-vio-el-mar_ddb2b4a2_Y_vio_el_mar.jpeg size=13330
2026-08-15 09:03:02 INFO OK id=d66fbd58-c4f1-4161-88d3-2c836f753711 file=primera-ola_d66fbd58_Primera_Ola.jpeg size=10605
2026-08-15 09:03:02 INFO OK id=49728e32-5a35-4198-80e2-5d3e8fd7ce11 file=primera-ola_49728e32_Primera_Ola.jpeg size=11279
2026-08-15 09:03:02 INFO OK id=9fd35f80-d205-43b7-b6ec-b7e50b752a88 file=en-la-feria-con-manuel_9fd35f80_En_La_Feria_Con_Manuel.jpeg size=17113
2026-08-15 09:03:02 INFO OK id=7ccb3b56-7ef3-4615-a1bf-570a2b3b7d94 file=en-la-feria-con-manuel_7ccb3b56_En_La_Feria_Con_Manuel.jpeg size=17706
2026-08-15 09:03:02 INFO OK id=9dc686b5-4408-4c6c-938a-ceae3903e82f file=untitled_9dc686b5_untitled.jpeg size=8282
2026-08-15 09:03:02 INFO OK id=734b94e0-1706-4543-ae0e-7d8b1d68db07 file=untitled_734b94e0_untitled.jpeg size=8872
2026-08-15 09:03:02 INFO OK id=441af131-5905-4ea4-8c46-31576b910e98 file=polilla-al-fanal_441af131_Polilla_al_Fanal.jpeg size=11108
2026-08-15 09:03:02 INFO OK id=55d0c3b6-b984-4a94-9c58-f7993d69cf80 file=polilla-al-fanal_55d0c3b6_Polilla_al_Fanal.jpeg size=9269
2026-08-15 09:03:02 INFO OK id=910f2ea3-b239-4643-b942-023795556e54 file=orbita-de-la-lampara_910f2ea3_Órbita_de_la_Lámpara.jpeg size=10703
2026-08-15 09:03:02 INFO OK id=6ea19f5a-962f-425a-893d-d4860b553ed7 file=orbita-de-la-lampara_6ea19f5a_Órbita_de_la_Lámpara.jpeg size=10605
2026-08-15 09:03:02 INFO OK id=2aad7254-fb3f-4547-963d-7c8629b7c911 file=como-una-polilla_2aad7254_Como_una_polilla.jpeg size=10520
2026-08-15 09:03:02 INFO OK id=41ed80ab-11b6-428d-9ddd-ebbfc0e41310 file=como-una-polilla_41ed80ab_Como_una_polilla.jpeg size=11712
2026-08-15 09:03:02 INFO OK id=cff96556-7507-484d-a2cc-d844b07adcc2 file=como-una-polilla_cff96556_Como_una_polilla.jpeg size=10522
2026-08-15 09:03:02 INFO OK id=23d2c61a-a2cf-46e8-b39d-7c81e4a0401f file=como-una-polilla_23d2c61a_Como_una_polilla.jpeg size=11400
2026-08-15 09:03:02 INFO OK id=600b7386-4c76-4fbd-baac-5570a71556d0 file=noche-de-insomnio_600b7386_Noche_de_insomnio.jpeg size=11688
2026-08-15 09:03:02 INFO OK id=7f87c1c9-cca7-4ecd-8098-198b614ec5a5 file=noche-de-insomnio_7f87c1c9_Noche_de_insomnio.jpeg size=10298
2026-08-15 09:03:02 INFO OK id=6e5247a9-52ef-4d59-a815-ea365f0313c2 file=mundo-raro-x-mundo-raro-mashup_6e5247a9_Mundo_Raro_x_Mundo_Raro_(Mashup).jpeg size=11503
2026-08-15 09:03:02 INFO OK id=fcc49b1e-b8ea-4b95-a347-3271d344962d file=mundo-raro-x-mundo-raro-mashup_fcc49b1e_Mundo_Raro_x_Mundo_Raro_(Mashup).jpeg size=11904
2026-08-15 09:03:02 INFO OK id=19109972-3ddf-41fa-bd9c-20a7663e25b6 file=mundo-raro_19109972_Mundo_Raro.jpeg size=9846
2026-08-15 09:03:03 INFO OK id=2fdd3899-68ac-448f-aafe-541537748a4b file=mundo-raro_2fdd3899_Mundo_Raro.jpeg size=10024
2026-08-15 09:03:03 INFO OK id=239786d3-b664-43c0-9af0-f486a91fce0a file=mundo-raro_239786d3_Mundo_Raro.jpeg size=11356
2026-08-15 09:03:03 INFO OK id=d1590a30-7eef-446c-9b0e-46e41318cf07 file=mundo-raro_d1590a30_Mundo_Raro.jpeg size=9680
2026-08-15 09:03:03 INFO OK id=bf887617-0e24-4edb-ae64-e4322c549be1 file=untitled_bf887617_untitled.jpeg size=11608
2026-08-15 09:03:03 INFO OK id=8c915651-d579-4698-bb20-41ffae26e670 file=untitled_8c915651_untitled.jpeg size=14282
2026-08-15 09:03:03 INFO OK id=bc0f1d7a-3fe2-4c22-951c-483b0597bb1b file=untitled_bc0f1d7a_untitled.jpeg size=13219
2026-08-15 09:03:03 INFO OK id=c5e62c14-55ee-4983-8004-aa1e2cc03df1 file=untitled_c5e62c14_untitled.jpeg size=14529
2026-08-15 09:03:03 INFO OK id=638d9c96-aec4-4216-ada0-c58af1fa5e8e file=untitled_638d9c96_untitled.jpeg size=15415
2026-08-15 09:03:03 INFO OK id=65c87088-5e4b-4f87-b321-864e0719304a file=untitled_65c87088_untitled.jpeg size=12178
2026-08-15 09:03:03 INFO OK id=c54e8fae-7842-4a84-bc07-46b9b76e61ea file=untitled_c54e8fae_untitled.jpeg size=7805
2026-08-15 09:03:03 INFO OK id=7f31cd39-b0f6-4523-abf5-8902023e8b83 file=untitled_7f31cd39_untitled.jpeg size=9367
2026-08-15 09:03:03 INFO OK id=c168d2ae-997d-4218-b7a7-98e69bd30eee file=untitled_c168d2ae_untitled.jpeg size=9807
2026-08-15 09:03:03 INFO OK id=dbe17ce5-677c-4b5f-b345-ee360d950aea file=untitled_dbe17ce5_untitled.jpeg size=10322
2026-08-15 09:03:03 INFO OK id=80973969-1d67-4340-8ee6-a268d8dcf15b file=untitled_80973969_untitled.jpeg size=10596
2026-08-15 09:03:03 INFO OK id=ec8266e7-a303-4e95-a10b-b906bbf44711 file=untitled_ec8266e7_untitled.jpeg size=14573
2026-08-15 09:03:03 INFO OK id=aee387e0-239c-49be-a2ee-fe461227efdb file=untitled_aee387e0_untitled.jpeg size=14937
2026-08-15 09:03:03 INFO OK id=6deb25e5-c374-407d-8ead-1b1eccc40bb0 file=untitled_6deb25e5_untitled.jpeg size=10120
2026-08-15 09:03:03 INFO OK id=e2c48d86-ef1c-4af8-836a-f0f1c441611b file=untitled_e2c48d86_untitled.jpeg size=3963
2026-08-15 09:03:03 INFO OK id=92c98455-41a7-4774-9e40-e7606fab482a file=untitled_92c98455_untitled.jpeg size=4836
2026-08-15 09:03:03 INFO OK id=cd9defd3-46e4-473a-ad7b-2978d320cfbb file=untitled_cd9defd3_untitled.jpeg size=16776
2026-08-15 09:03:04 INFO OK id=5cdba503-712e-47b7-b692-174cc3b70f92 file=untitled_5cdba503_untitled.jpeg size=15292
2026-08-15 09:03:04 INFO OK id=0a0f00a8-adab-40cb-b368-3d3208035071 file=untitled_0a0f00a8_untitled.jpeg size=10737
2026-08-15 09:03:04 INFO OK id=792c7ba8-b05c-4a7e-b4a2-6713c5dfe853 file=untitled_792c7ba8_untitled.jpeg size=10754
2026-08-15 09:03:04 INFO OK id=f42e9e9a-d4f4-4c50-af01-05d1c68e9e2b file=untitled_f42e9e9a_untitled.jpeg size=16501
2026-08-15 09:03:04 INFO OK id=a7bbd3b4-5fe3-451a-8378-64eef13d591e file=untitled_a7bbd3b4_untitled.jpeg size=17021
2026-08-15 09:03:04 INFO OK id=fdf2ce87-31ec-4a8b-bad5-a1d0a809f9e4 file=untitled_fdf2ce87_untitled.jpeg size=15516
2026-08-15 09:03:04 INFO OK id=ab2016cb-2dc2-43a5-ba82-295a07f24be6 file=untitled_ab2016cb_untitled.jpeg size=14916
2026-08-15 09:03:04 INFO OK id=959eeb40-1487-4614-9702-34cfecbbca8e file=si-no-sabes-por-que_959eeb40_Si_no_sabes_por_qué.jpeg size=10026
2026-08-15 09:03:04 INFO OK id=372d296e-3f9b-4468-8a37-bbf655cf3228 file=si-no-sabes-por-que_372d296e_Si_no_sabes_por_qué.jpeg size=10114
2026-08-15 09:03:04 INFO OK id=aba1a09f-5736-4871-97f6-bef7c5ed0e84 file=si-no-sabes-por-que_aba1a09f_Si_no_sabes_por_qué.jpeg size=7535
2026-08-15 09:03:04 INFO OK id=8a1b6a9a-4446-4413-b696-a4ebf6d37673 file=si-no-sabes-por-que_8a1b6a9a_Si_no_sabes_por_qué.jpeg size=9010
2026-08-15 09:03:04 INFO OK id=46d5d8cf-c439-497e-bd76-fcb3a2ac1a8c file=si-no-sabes-por-que_46d5d8cf_Si_no_sabes_por_qué.jpeg size=9633
2026-08-15 09:03:04 INFO OK id=4a78b927-f4f9-44a2-8852-693c6360715b file=si-no-sabes-por-que_4a78b927_Si_no_sabes_por_qué.jpeg size=6254
2026-08-15 09:03:04 INFO OK id=9b2822de-6b70-4762-8942-340d0697d58f file=si-no-sabes-por-que_9b2822de_Si_no_sabes_por_qué.jpeg size=6908
2026-08-15 09:03:04 INFO OK id=ed7481ad-c7f4-4251-8b80-034b4f727e43 file=uu-u-uuuu-remix_ed7481ad_Uu-u-uuuu_(Remix).jpeg size=9465
2026-08-15 09:03:04 INFO OK id=c06c7901-1ab8-4e96-9bb5-2b37e873ed52 file=uu-u-uuuu-remix_c06c7901_Uu-u-uuuu_(Remix).jpeg size=7149
2026-08-15 09:03:04 INFO OK id=74e883a6-ef88-4693-9159-36c0c8e0e9e6 file=uu-u-uuuu-remix_74e883a6_Uu-u-uuuu_(Remix).jpeg size=6587
2026-08-15 09:03:04 INFO OK id=1bc82d2d-9e10-4c77-a761-68bf001f2162 file=uu-u-uuuu-remix_1bc82d2d_Uu-u-uuuu_(Remix).jpeg size=7479
2026-08-15 09:03:04 INFO OK id=ec061d2e-7c2c-454e-acd9-eaeca9338865 file=uu-u-uuuu-remix_ec061d2e_Uu-u-uuuu_(Remix).jpeg size=6933
2026-08-15 09:03:04 INFO OK id=cca90ca2-9e12-4470-b96f-ad5c47a979f4 file=uu-u-uuuu-remix_cca90ca2_Uu-u-uuuu_(Remix).jpeg size=7279
2026-08-15 09:03:04 INFO OK id=a3545903-3e81-4f37-be52-cca7e7ac2bf2 file=uu-u-uuuu-remix_a3545903_Uu-u-uuuu_(Remix).jpeg size=8672
2026-08-15 09:03:05 INFO OK id=02b0b3f6-d2fb-44b5-9e3e-a194c89263bf file=uu-u-uuuu-remix_02b0b3f6_Uu-u-uuuu_(Remix).jpeg size=6313
2026-08-15 09:03:05 INFO OK id=8f5f5d2d-ea78-4306-9db8-d9f6ed42548c file=uu-u-uuuu-remix_8f5f5d2d_Uu-u-uuuu_(Remix).jpeg size=6966
2026-08-15 09:03:05 INFO OK id=445b2dc3-3769-4bd4-8117-8382b3bf15b7 file=uu-u-uuuu-remix_445b2dc3_Uu-u-uuuu_(Remix).jpeg size=9202
2026-08-15 09:03:05 INFO OK id=ae531d1f-a7d7-4638-9a24-c8cb8ef9c0c2 file=uu-u-uuuu-remix_ae531d1f_Uu-u-uuuu_(Remix).jpeg size=12523
2026-08-15 09:03:05 INFO OK id=19e2a7d4-2c88-46be-9e3b-e3d7467aea13 file=uu-u-uuuu-remix_19e2a7d4_Uu-u-uuuu_(Remix).jpeg size=10356
2026-08-15 09:03:05 INFO OK id=92efe1d7-e5b2-4dfd-88f4-3929e8741f16 file=uu-u-uuuu_92efe1d7_Uu-u-uuuu.jpeg size=9912
2026-08-15 09:03:05 INFO OK id=c45e009d-5cab-4670-81f1-0c5f464c26e1 file=uu-u-uuuu_c45e009d_Uu-u-uuuu.jpeg size=9548
2026-08-15 09:03:05 INFO OK id=8071f016-7a3a-4ab8-8fa2-87f3987aaa5f file=uu-u-uuuu_8071f016_Uu-u-uuuu.jpeg size=7095
2026-08-15 09:03:05 INFO OK id=9e962c98-c380-489a-817d-67b6ebb0edd2 file=uu-u-uuuu_9e962c98_Uu-u-uuuu.jpeg size=8763
2026-08-15 09:03:05 INFO OK id=8faf69a0-3e4c-4181-ae35-900fa40a633a file=uu-u-uuuu_8faf69a0_Uu-u-uuuu.jpeg size=9727
2026-08-15 09:03:05 INFO OK id=748fefc7-af58-4057-9ee9-6a9a0b91bc7c file=uu-u-uuuu_748fefc7_Uu-u-uuuu.jpeg size=13238
2026-08-15 09:03:05 INFO OK id=20536c46-f60b-436b-bfb4-f8cbcaba6e6f file=uu-u-uuuu_20536c46_Uu-u-uuuu.jpeg size=7982
2026-08-15 09:03:05 INFO OK id=1dee72be-f009-4a9b-bac5-b180c0ae164b file=uu-u-uuuu_1dee72be_Uu-u-uuuu.jpeg size=7815
2026-08-15 09:03:05 INFO OK id=85e92761-d5b9-4625-987c-b7b97d37dc57 file=uu-u-uuuu_85e92761_Uu-u-uuuu.jpeg size=8628
2026-08-15 09:03:05 INFO OK id=84cd66f5-84da-4fff-998e-339b8022f85d file=uu-u-uuuu_84cd66f5_Uu-u-uuuu.jpeg size=6489
2026-08-15 09:03:05 INFO OK id=ef6896c6-dfd4-4869-b0cd-10345db8e3a4 file=uu-u-uuuu_ef6896c6_Uu-u-uuuu.jpeg size=6558
2026-08-15 09:03:05 INFO OK id=1a142a75-7354-4ff9-9456-e9037a402244 file=uu-u-uuuu_1a142a75_Uu-u-uuuu.jpeg size=7539
2026-08-15 09:03:05 INFO OK id=02a1bec4-6618-40df-a6cd-2357cc798e17 file=uu-u-uuuu_02a1bec4_Uu-u-uuuu.jpeg size=7804
2026-08-15 09:03:05 INFO OK id=a59a07c5-c08b-425f-91bb-aec652137d63 file=uu-u-uuuu_a59a07c5_Uu-u-uuuu.jpeg size=8458
2026-08-15 09:03:05 INFO OK id=ef1df138-6471-47c5-a74d-67658a353740 file=uu-u-uuuu_ef1df138_Uu-u-uuuu.jpeg size=8209
2026-08-15 09:03:06 INFO OK id=9a2e758f-633d-48dd-8092-255604ad7f76 file=uu-u-uuuu_9a2e758f_Uu-u-uuuu.jpeg size=6800
2026-08-15 09:03:06 INFO OK id=69a8b12d-91ce-4e04-8a8f-613abf2f4162 file=untitled_69a8b12d_untitled.jpeg size=7100
2026-08-15 09:03:06 INFO OK id=60f3fe40-1a07-403e-8adb-138bb329b3bb file=untitled_60f3fe40_untitled.jpeg size=6009
2026-08-15 09:03:06 INFO OK id=7bd50853-a1f2-4871-bdd1-f1825f5cf38f file=que-te-quedas-que-te-vas-x-que-te-quedas-que-te-vas-mashup_7bd50853_Que_te_quedas_que_te_vas_x_Que_te_quedas_que_te_vas_(Mashup).jpeg size=5522
2026-08-15 09:03:06 INFO OK id=6912c4af-876d-4526-ad6f-897930ce5e2e file=que-te-quedas-que-te-vas-x-que-te-quedas-que-te-vas-mashup_6912c4af_Que_te_quedas_que_te_vas_x_Que_te_quedas_que_te_vas_(Mashup).jpeg size=6355
2026-08-15 09:03:06 INFO OK id=994cfff3-5ef2-45f0-ba4e-7e57eefc875b file=que-te-quedas-que-te-vas-x-que-te-quedas-que-te-vas-mashup_994cfff3_Que_te_quedas_que_te_vas_x_Que_te_quedas_que_te_vas_(Mashup).jpeg size=6510
2026-08-15 09:03:06 INFO OK id=08d0020a-a815-4fdd-a713-5b2bbdbff48c file=que-te-quedas-que-te-vas-x-que-te-quedas-que-te-vas-mashup_08d0020a_Que_te_quedas_que_te_vas_x_Que_te_quedas_que_te_vas_(Mashup).jpeg size=7836
2026-08-15 09:03:06 INFO OK id=ed7e8497-e3b3-401d-b040-6623b183247d file=que-te-quedas-que-te-vas_ed7e8497_Que_te_quedas_que_te_vas.jpeg size=8781
2026-08-15 09:03:06 INFO OK id=2b4644ac-fbcc-41c5-9bba-3ef6fc517422 file=que-te-quedas-que-te-vas_2b4644ac_Que_te_quedas_que_te_vas.jpeg size=5926
2026-08-15 09:03:06 INFO OK id=ca081c5d-25e2-4cbe-9a44-6ee890628ea3 file=que-te-quedas-que-te-vas_ca081c5d_Que_te_quedas_que_te_vas.jpeg size=6402
2026-08-15 09:03:06 INFO OK id=7438ee2f-edf9-4f62-ab94-b1ac0b1c8806 file=que-te-quedas-que-te-vas_7438ee2f_Que_te_quedas_que_te_vas.jpeg size=8173
2026-08-15 09:03:06 INFO OK id=e75607c3-5b14-4685-86e7-3c4308f0731b file=que-te-quedas-que-te-vas_e75607c3_Que_te_quedas_que_te_vas.jpeg size=10182
2026-08-15 09:03:06 INFO OK id=78ee1954-ad86-4a4d-8bb9-b23aa79048fd file=que-te-quedas-que-te-vas_78ee1954_Que_te_quedas_que_te_vas.jpeg size=11606
2026-08-15 09:03:06 INFO OK id=fe4476ac-0594-4664-a3bf-008377ac43ce file=que-te-quedas-que-te-vas_fe4476ac_Que_te_quedas_que_te_vas.jpeg size=5716
2026-08-15 09:03:06 INFO OK id=14139384-3028-4b26-91f1-e0cfa249f49d file=que-te-quedas-que-te-vas_14139384_Que_te_quedas_que_te_vas.jpeg size=5220
2026-08-15 09:03:06 INFO OK id=c86d0a0c-71da-49de-aac2-5a3e5e43cf60 file=que-te-quedas-que-te-vas_c86d0a0c_Que_te_quedas_que_te_vas.jpeg size=6778
2026-08-15 09:03:06 INFO OK id=048e8754-b0dc-4d33-a8c5-a9b81100a030 file=ya-no-estan-base-3gpp-3ga-remix-remix-remix-remix_048e8754_ya_no_están,_base_.3gpp.3ga_(Remix)_(Remix)_(Remix)_(Remix).jpeg size=8201
2026-08-15 09:03:06 INFO OK id=e35a0ec6-ac9b-4cc3-96d0-36e3e6abcd63 file=ya-no-estan-base-3gpp-3ga-remix-remix-remix-remix_e35a0ec6_ya_no_están,_base_.3gpp.3ga_(Remix)_(Remix)_(Remix)_(Remix).jpeg size=10346
2026-08-15 09:03:06 INFO OK id=fcb44221-3afb-4c17-833d-95b50c784700 file=untitled_fcb44221_untitled.jpeg size=9617
2026-08-15 09:03:06 INFO OK id=c0581f56-b523-4f7a-8ba9-51f44dbceec6 file=untitled_c0581f56_untitled.jpeg size=9383
2026-08-15 09:03:06 INFO OK id=52b3a3ed-451b-419d-bb35-4fec5b94a16a file=untitled_52b3a3ed_untitled.jpeg size=7254
2026-08-15 09:03:07 INFO OK id=30d12acd-b01a-4f4f-9aaa-528d59f06fab file=untitled_30d12acd_untitled.jpeg size=7172
2026-08-15 09:03:07 INFO OK id=d47bb811-9e41-49a0-a0b3-35fe1d1b7532 file=la-noche-empieza_d47bb811_La_noche_empieza_.jpeg size=9318
2026-08-15 09:03:07 INFO OK id=84b2afad-2549-49f4-bd49-72429dfe36f4 file=la-noche-empieza_84b2afad_La_noche_empieza_.jpeg size=16334
2026-08-15 09:03:07 INFO OK id=01e1b9aa-b916-456d-9e3a-0d9696c0c3b1 file=untitled_01e1b9aa_untitled.jpeg size=11656
2026-08-15 09:03:07 INFO OK id=cb5d0760-e4c0-4fb1-820d-2c6ac3d81a11 file=untitled_cb5d0760_untitled.jpeg size=9607
2026-08-15 09:03:07 INFO OK id=fc7d648d-65a3-43a7-9a1a-51f8b1a10309 file=untitled_fc7d648d_untitled.jpeg size=16577
2026-08-15 09:03:07 INFO OK id=3531e050-64b0-4d17-8840-d2d8332181d9 file=untitled_3531e050_untitled.jpeg size=13632
2026-08-15 09:03:07 INFO OK id=4065920e-990a-45eb-8171-07c7aef76e23 file=untitled_4065920e_untitled.jpeg size=10103
2026-08-15 09:03:07 INFO OK id=99d51089-9b41-414b-b8d9-e95401590cb6 file=la-batalla-de-los-huevos-divorciados-remix-remix-remix_99d51089_La_batalla_de_los_huevos_divorciados_(Remix)_(Remix)_(Remix).jpeg size=15215
2026-08-15 09:03:07 INFO OK id=4b752f45-46a6-4792-b35c-2e389793b427 file=la-batalla-de-los-huevos-divorciados_4b752f45_La_batalla_de_los_huevos_divorciados_.jpeg size=13635
2026-08-15 09:03:07 INFO OK id=57214188-ea96-4da5-aae5-8516fa747127 file=untitled_57214188_untitled.jpeg size=9390
2026-08-15 09:03:07 INFO OK id=201bb53e-7449-4d03-8fda-a37417d2dd6b file=untitled_201bb53e_untitled.jpeg size=9890
2026-08-15 09:03:07 INFO OK id=acd0fa70-89e0-4c29-a5ff-c1869a34199e file=untitled_acd0fa70_untitled.jpeg size=14966
2026-08-15 09:03:07 INFO OK id=8e0f496b-6668-41a1-81cc-578ffa09abe9 file=untitled_8e0f496b_untitled.jpeg size=16736
2026-08-15 09:03:07 INFO OK id=f9a0d74a-f460-4c4c-951a-fc8eba07035e file=ya-no-estan-base-3gpp-3ga-remix-remix-remix-remix_f9a0d74a_ya_no_están,_base_.3gpp.3ga_(Remix)_(Remix)_(Remix)_(Remix).jpeg size=6728
2026-08-15 09:03:07 INFO OK id=c2b09ebb-417a-4353-8f60-7fa52ba0ad9c file=ya-no-estan-base-3gpp-3ga-remix-remix-remix-remix_c2b09ebb_ya_no_están,_base_.3gpp.3ga_(Remix)_(Remix)_(Remix)_(Remix).jpeg size=7560
2026-08-15 09:03:07 INFO OK id=5cb2759d-3715-4e9c-93d7-9f30216d131f file=ya-no-estan-base-3gpp-3ga-remix-remix-remix-remix_5cb2759d_ya_no_están,_base_.3gpp.3ga_(Remix)_(Remix)_(Remix)_(Remix).jpeg size=5495
2026-08-15 09:03:07 INFO OK id=37546ef2-bed2-4229-b823-791f887cccb5 file=ya-no-estan-base-3gpp-3ga-remix-remix-remix-remix_37546ef2_ya_no_están,_base_.3gpp.3ga_(Remix)_(Remix)_(Remix)_(Remix).jpeg size=8121
2026-08-15 09:03:07 INFO OK id=30c75736-531f-4f54-9938-77970c0adbbc file=replace-00-52-01-12-02-10-am-mar-21_30c75736_Replace_0052-0112_(0210_AM_Mar_21).jpeg size=6194
2026-08-15 09:03:07 INFO OK id=ab3b0653-d487-474d-8731-15f7b4652c8e file=replace-00-52-01-12-02-10-am-mar-21_ab3b0653_Replace_0052-0112_(0210_AM_Mar_21).jpeg size=7048
2026-08-15 09:03:08 INFO OK id=86351779-efba-4da2-aa70-9a8e18c0e4b5 file=untitled_86351779_Untitled.jpeg size=7476
2026-08-15 09:03:08 INFO OK id=f9a5f621-699a-4f91-a954-b5a546f3adfc file=untitled_f9a5f621_Untitled.jpeg size=6271
2026-08-15 09:03:08 INFO OK id=cb60b6a3-0982-45ec-ab4e-40adf33ed578 file=untitled_cb60b6a3_Untitled.jpeg size=8040
2026-08-15 09:03:08 INFO OK id=bf46255c-b538-4234-87b3-4fc5ca55cc80 file=untitled_bf46255c_Untitled.jpeg size=6330
2026-08-15 09:03:08 INFO OK id=afea6bee-f18d-4d54-9ec7-244222bc259f file=untitled-project-01-01-03-34_afea6bee_Untitled_Project_[-01-01_-_0334].jpeg size=9327
2026-08-15 09:03:08 INFO OK id=13b26072-218d-432c-a446-067375e9bbcf file=untitled-project-01-01-03-34_13b26072_Untitled_Project_[-01-01_-_0334].jpeg size=16778
2026-08-15 09:03:08 INFO OK id=2ebb5c0d-2506-41ee-8f81-26011346856c file=ya-no-estan-base-3gpp-3ga-remix-remix-remix-remix-woodwinds_2ebb5c0d_ya_no_están,_base_.3gpp.3ga_(Remix)_(Remix)_(Remix)_(Remix)_(Woodwinds).jpeg size=6657
2026-08-15 09:03:08 INFO OK id=a5eb7fe0-b123-4001-a2e1-77a1c90c4176 file=ya-no-estan-base-3gpp-3ga-remix-remix-remix-remix-brass_a5eb7fe0_ya_no_están,_base_.3gpp.3ga_(Remix)_(Remix)_(Remix)_(Remix)_(Brass).jpeg size=6657
2026-08-15 09:03:08 INFO OK id=62936d21-741e-46cf-91f6-eb0eb0fce046 file=ya-no-estan-base-3gpp-3ga-remix-remix-remix-remix-fx_62936d21_ya_no_están,_base_.3gpp.3ga_(Remix)_(Remix)_(Remix)_(Remix)_(FX).jpeg size=6657
2026-08-15 09:03:08 INFO OK id=8806eee2-2e38-4e1e-83c5-c1330b8fe5d7 file=ya-no-estan-base-3gpp-3ga-remix-remix-remix-remix-synth_8806eee2_ya_no_están,_base_.3gpp.3ga_(Remix)_(Remix)_(Remix)_(Remix)_(Synth).jpeg size=6657
2026-08-15 09:03:08 INFO OK id=51b19ca8-87b3-4324-bc5e-2ff59b4352b4 file=ya-no-estan-base-3gpp-3ga-remix-remix-remix-remix-strings_51b19ca8_ya_no_están,_base_.3gpp.3ga_(Remix)_(Remix)_(Remix)_(Remix)_(Strings).jpeg size=6657
2026-08-15 09:03:08 INFO OK id=12ec60b2-1356-4f28-ac3e-553acc6eb550 file=ya-no-estan-base-3gpp-3ga-remix-remix-remix-remix-percussion_12ec60b2_ya_no_están,_base_.3gpp.3ga_(Remix)_(Remix)_(Remix)_(Remix)_(Percussion).jpeg size=6657
2026-08-15 09:03:08 INFO OK id=e276d737-0446-4f57-839b-7957881d4b27 file=ya-no-estan-base-3gpp-3ga-remix-remix-remix-remix-keyboard_e276d737_ya_no_están,_base_.3gpp.3ga_(Remix)_(Remix)_(Remix)_(Remix)_(Keyboard).jpeg size=6657
2026-08-15 09:03:08 INFO OK id=eb89aba9-0366-4022-a907-16878c9a06bc file=ya-no-estan-base-3gpp-3ga-remix-remix-remix-remix-guitar_eb89aba9_ya_no_están,_base_.3gpp.3ga_(Remix)_(Remix)_(Remix)_(Remix)_(Guitar).jpeg size=6657
2026-08-15 09:03:08 INFO OK id=707d8c96-52ba-4467-a317-68612fa3a1ae file=ya-no-estan-base-3gpp-3ga-remix-remix-remix-remix-bass_707d8c96_ya_no_están,_base_.3gpp.3ga_(Remix)_(Remix)_(Remix)_(Remix)_(Bass).jpeg size=6657
2026-08-15 09:03:08 INFO OK id=87c9f8c4-60e8-4577-b541-72f583c68c0e file=ya-no-estan-base-3gpp-3ga-remix-remix-remix-remix-drums_87c9f8c4_ya_no_están,_base_.3gpp.3ga_(Remix)_(Remix)_(Remix)_(Remix)_(Drums).jpeg size=6657
2026-08-15 09:03:08 INFO OK id=d1687db4-c48e-499a-9963-81ead89a670a file=ya-no-estan-base-3gpp-3ga-remix-remix-remix-remix-backing-vocals_d1687db4_ya_no_están,_base_.3gpp.3ga_(Remix)_(Remix)_(Remix)_(Remix)_(Backing_Vocals).jpeg size=6657
2026-08-15 09:03:08 INFO OK id=7a9093ac-09b6-4d58-bd37-da0dd4f1ec53 file=ya-no-estan-base-3gpp-3ga-remix-remix-remix-remix-vocals_7a9093ac_ya_no_están,_base_.3gpp.3ga_(Remix)_(Remix)_(Remix)_(Remix)_(Vocals).jpeg size=6657
2026-08-15 09:03:08 INFO OK id=ed2d1497-8bff-4e6a-895f-20bc5900e462 file=ya-no-estan-base-3gpp-3ga-remix-remix-remix-remix-woodwinds_ed2d1497_ya_no_están,_base_.3gpp.3ga_(Remix)_(Remix)_(Remix)_(Remix)_(Woodwinds).jpeg size=6657
2026-08-15 09:03:08 INFO OK id=88467150-a7f9-4cb8-9bb4-e7eb19346f04 file=ya-no-estan-base-3gpp-3ga-remix-remix-remix-remix-brass_88467150_ya_no_están,_base_.3gpp.3ga_(Remix)_(Remix)_(Remix)_(Remix)_(Brass).jpeg size=6657
2026-08-15 09:03:09 INFO OK id=97fb89c2-669a-4463-beba-34d597fe29ba file=ya-no-estan-base-3gpp-3ga-remix-remix-remix-remix-fx_97fb89c2_ya_no_están,_base_.3gpp.3ga_(Remix)_(Remix)_(Remix)_(Remix)_(FX).jpeg size=6657
2026-08-15 09:03:09 INFO OK id=fb953f4f-7198-46e6-bb15-c1be76418237 file=ya-no-estan-base-3gpp-3ga-remix-remix-remix-remix-synth_fb953f4f_ya_no_están,_base_.3gpp.3ga_(Remix)_(Remix)_(Remix)_(Remix)_(Synth).jpeg size=6657
2026-08-15 09:03:09 INFO OK id=3278c384-357f-453e-8f86-f289e88a2977 file=ya-no-estan-base-3gpp-3ga-remix-remix-remix-remix-strings_3278c384_ya_no_están,_base_.3gpp.3ga_(Remix)_(Remix)_(Remix)_(Remix)_(Strings).jpeg size=6657
2026-08-15 09:03:09 INFO OK id=e8971c55-0765-4c1a-bf3a-16cabbfa0a67 file=ya-no-estan-base-3gpp-3ga-remix-remix-remix-remix-percussion_e8971c55_ya_no_están,_base_.3gpp.3ga_(Remix)_(Remix)_(Remix)_(Remix)_(Percussion).jpeg size=6657
2026-08-15 09:03:09 INFO OK id=ef2b0998-1b30-4953-873a-e382a4a093ef file=ya-no-estan-base-3gpp-3ga-remix-remix-remix-remix-keyboard_ef2b0998_ya_no_están,_base_.3gpp.3ga_(Remix)_(Remix)_(Remix)_(Remix)_(Keyboard).jpeg size=6657
2026-08-15 09:03:09 INFO OK id=d6e3f9cb-8e64-4dd4-a9f4-a15b94a6b19e file=ya-no-estan-base-3gpp-3ga-remix-remix-remix-remix-guitar_d6e3f9cb_ya_no_están,_base_.3gpp.3ga_(Remix)_(Remix)_(Remix)_(Remix)_(Guitar).jpeg size=6657
2026-08-15 09:03:09 INFO OK id=14d36579-321b-42ff-ae68-cc8b802a6c86 file=ya-no-estan-base-3gpp-3ga-remix-remix-remix-remix-bass_14d36579_ya_no_están,_base_.3gpp.3ga_(Remix)_(Remix)_(Remix)_(Remix)_(Bass).jpeg size=6657
2026-08-15 09:03:09 INFO OK id=2559d3ec-6171-46c9-89a7-f304fabc334e file=ya-no-estan-base-3gpp-3ga-remix-remix-remix-remix-drums_2559d3ec_ya_no_están,_base_.3gpp.3ga_(Remix)_(Remix)_(Remix)_(Remix)_(Drums).jpeg size=6657
2026-08-15 09:03:09 INFO OK id=c2221ab4-7508-416e-8a0a-961cdc380ac5 file=ya-no-estan-base-3gpp-3ga-remix-remix-remix-remix-backing-vocals_c2221ab4_ya_no_están,_base_.3gpp.3ga_(Remix)_(Remix)_(Remix)_(Remix)_(Backing_Vocals).jpeg size=6657
2026-08-15 09:03:09 INFO OK id=f65f0341-2f20-4a00-9d74-9706421396d2 file=ya-no-estan-base-3gpp-3ga-remix-remix-remix-remix-vocals_f65f0341_ya_no_están,_base_.3gpp.3ga_(Remix)_(Remix)_(Remix)_(Remix)_(Vocals).jpeg size=6657
2026-08-15 09:03:09 INFO OK id=6e1f3988-67dd-4135-8172-6b1ad69d7aad file=ya-no-estan-base-3gpp-3ga-remix-remix-remix-remix_6e1f3988_ya_no_están,_base_.3gpp.3ga_(Remix)_(Remix)_(Remix)_(Remix).jpeg size=8453
2026-08-15 09:03:09 INFO OK id=2c4ca370-6afd-4037-a391-114504e7e9d6 file=ya-no-estan-base-3gpp-3ga-remix-remix-remix-remix_2c4ca370_ya_no_están,_base_.3gpp.3ga_(Remix)_(Remix)_(Remix)_(Remix).jpeg size=6561
2026-08-15 09:03:09 INFO OK id=146192d1-483c-4dae-b829-598cfd860432 file=ya-no-estan-base-3gpp-3ga-remix-remix-remix_146192d1_ya_no_están,_base_.3gpp.3ga_(Remix)_(Remix)_(Remix).jpeg size=11448
2026-08-15 09:03:09 INFO OK id=7431bec6-5505-476b-9537-cc9b01b67cf4 file=ya-no-estan-base-3gpp-3ga-remix-remix-remix_7431bec6_ya_no_están,_base_.3gpp.3ga_(Remix)_(Remix)_(Remix).jpeg size=8773
2026-08-15 09:03:09 INFO OK id=f933ec86-4115-434b-9cb0-b4c8a032b1cb file=ya-no-estan-base-3gpp-3ga-remix-remix_f933ec86_ya_no_están,_base_.3gpp.3ga_(Remix)_(Remix).jpeg size=8391
2026-08-15 09:03:10 INFO OK id=7774773c-29db-4650-a920-2d6c292c5451 file=ya-no-estan-base-3gpp-3ga-remix_7774773c_ya_no_están,_base_.3gpp.3ga_(Remix).jpeg size=12688
2026-08-15 09:03:10 INFO OK id=99dd1360-a613-4fe4-9655-1bacad781ec6 file=ya-no-estan-base-3gpp-3ga-remix_99dd1360_ya_no_están,_base_.3gpp.3ga_(Remix).jpeg size=12493
2026-08-15 09:03:10 INFO OK id=abb88a52-9941-4ed7-af18-bf1889d850f7 file=untitled_abb88a52_untitled.jpeg size=10742
2026-08-15 09:03:10 INFO OK id=7cf8fff5-f8aa-43c4-8304-48c4064370ca file=ya-no-estan-base-3gpp-3ga_7cf8fff5_ya_no_están,_base_.3gpp.3ga.jpeg size=5844
2026-08-15 09:03:10 INFO OK id=2eb26df3-2711-43fc-a4d0-6f8eb21a8f21 file=untitled_2eb26df3_untitled.jpeg size=12057
2026-08-15 09:03:10 INFO OK id=a125d5ac-a61f-4e91-9b52-c19e8762a3b7 file=untitled_a125d5ac_untitled.jpeg size=10607
2026-08-15 09:03:10 INFO OK id=14dd1a80-6a01-46cc-8ba1-310618a0bedc file=untitled_14dd1a80_untitled.jpeg size=9926
2026-08-15 09:03:10 INFO OK id=e11471ef-5d32-4c0e-8ee6-24a53ec4e14f file=untitled_e11471ef_untitled.jpeg size=9395
2026-08-15 09:03:10 INFO OK id=8de6b220-a65f-43b0-8475-46f02e7e80dc file=untitled_8de6b220_untitled.jpeg size=12306
2026-08-15 09:03:10 INFO OK id=650696c5-857c-423e-8b1c-441425fe5d92 file=untitled_650696c5_untitled.jpeg size=11677
2026-08-15 09:03:10 INFO OK id=46fc0dbe-d32e-419f-ab0a-7052546f3f0d file=si-te-quedas-o-te-va-3gpp-3ga_46fc0dbe_si_te_quedas_o_te_va.3gpp.3ga.jpeg size=4028
2026-08-15 09:03:10 INFO OK id=8983a849-ce3f-46fd-892d-7f7a8ae96fb9 file=tu-olor-en-mi-camisa_8983a849_Tu_olor_en_mi_camisa_.jpeg size=11064
2026-08-15 09:03:10 INFO OK id=afd174a3-d162-42f7-9dc0-f88eb65c0659 file=tu-olor-en-mi-camisa-remix-remix-remix_afd174a3_Tu_olor_en_mi_camisa_(Remix)_(Remix)_(Remix).jpeg size=7307
2026-08-15 09:03:10 INFO OK id=8cbe8822-7e64-4f42-bf9f-d7bcdf01cf29 file=tu-olor-en-mi-camisa-remix-remix-remix_8cbe8822_Tu_olor_en_mi_camisa_(Remix)_(Remix)_(Remix).jpeg size=6924
2026-08-15 09:03:10 INFO OK id=ca379cb9-be5d-4784-ae60-ac63e6ae0494 file=tu-olor-en-mi-camisa-remix-remix_ca379cb9_Tu_olor_en_mi_camisa_(Remix)_(Remix).jpeg size=14549
2026-08-15 09:03:10 INFO OK id=4d4dd016-526e-48be-846a-2e45cde7b23e file=tu-olor-en-mi-camisa-remix-remix_4d4dd016_Tu_olor_en_mi_camisa_(Remix)_(Remix).jpeg size=13477
2026-08-15 09:03:10 INFO OK id=510c517a-c9b2-43c9-9d85-9a9dc45e47b1 file=tu-olor-en-mi-camisa-remix_510c517a_Tu_olor_en_mi_camisa_(Remix).jpeg size=7663
2026-08-15 09:03:10 INFO OK id=2ad031dd-a065-40d4-8241-2e53bab88c55 file=tu-olor-en-mi-camisa-remix_2ad031dd_Tu_olor_en_mi_camisa_(Remix).jpeg size=9523
2026-08-15 09:03:10 INFO OK id=8774a82a-1607-4c1c-988e-0ce6756971ee file=tu-olor-en-mi-camisa_8774a82a_Tu_olor_en_mi_camisa_.jpeg size=8710
2026-08-15 09:03:10 INFO OK id=bba049be-fea4-4cf3-8d53-669395919262 file=trazar-tu-cara_bba049be_Trazar_Tu_Cara.jpeg size=10921
2026-08-15 09:03:10 INFO OK id=0b5433b8-aed3-4922-ae3e-40097ce1b685 file=trazar-tu-cara_0b5433b8_Trazar_Tu_Cara.jpeg size=11077
2026-08-15 09:03:11 INFO OK id=ec266934-4e1f-45f7-ac77-9d7a9ade5d84 file=untitled_ec266934_untitled.jpeg size=16357
2026-08-15 09:03:11 INFO OK id=d8cce0b3-7273-4841-a667-681922a49984 file=untitled_d8cce0b3_untitled.jpeg size=16772
2026-08-15 09:03:11 INFO OK id=7afc4323-2dc2-4314-8b39-06ce91203187 file=suntan-know-what_7afc4323_Suntan_know_what_.jpeg size=13906
2026-08-15 09:03:11 INFO OK id=d3db5548-0bd7-4ac3-9c9c-75908213d6f5 file=suntan-know-what_d3db5548_Suntan_know_what_.jpeg size=15441
2026-08-15 09:03:11 INFO OK id=05998121-1142-40de-8069-55b1d6646a2f file=untitled_05998121_untitled.jpeg size=12292
2026-08-15 09:03:11 INFO OK id=fdb6139b-f6d2-4d8d-a7ff-f41765f4015c file=untitled_fdb6139b_untitled.jpeg size=13794
2026-08-15 09:03:11 INFO OK id=e657e869-3895-4cb3-b577-7a3017e838ac file=untitled_e657e869_untitled.jpeg size=17492
2026-08-15 09:03:11 INFO OK id=059a9527-9508-4e27-b185-144c88e4177d file=untitled_059a9527_untitled.jpeg size=15289
2026-08-15 09:03:11 INFO OK id=7886192a-4a11-42fb-bc24-2325945f30fa file=fg_7886192a_Fg.jpeg size=15182
2026-08-15 09:03:11 INFO OK id=7032c4f6-041a-4194-8c0e-e0d5c4d6ff40 file=fg_7032c4f6_Fg.jpeg size=14573
2026-08-15 09:03:11 INFO OK id=af85363c-fdaf-4bae-a9b8-b8c390b4f7a8 file=untitled_af85363c_Untitled.jpeg size=9827
2026-08-15 09:03:11 INFO OK id=7299a40f-f274-459f-8d81-e589a414c61f file=untitled_7299a40f_Untitled.jpeg size=12197
2026-08-15 09:03:11 INFO OK id=139a8b40-973d-4cf9-bc95-7d0d0e0041e2 file=untitled-project-04-25-08-52_139a8b40_Untitled_Project_[0425_-_0852].jpeg size=10135
2026-08-15 09:03:11 INFO OK id=cdd77145-3c44-4e38-ac7d-927f0d966acf file=studio-selection_cdd77145_Studio_Selection.jpeg size=11675
2026-08-15 09:03:11 INFO OK id=38eb9dc5-d3d7-4569-be24-2e0142f70f79 file=untitled_38eb9dc5_Untitled.jpeg size=8065
2026-08-15 09:03:11 INFO OK id=89cca317-204f-44b4-bc6f-f1711592e465 file=untitled_89cca317_Untitled.jpeg size=8396
2026-08-15 09:03:11 INFO OK id=3a68a3d5-03fb-4588-a996-53ac0321d766 file=untitled_3a68a3d5_Untitled.jpeg size=6031
2026-08-15 09:03:11 INFO OK id=15e7471a-bf08-4482-9dc4-e3ce3cdfa5e9 file=untitled_15e7471a_Untitled.jpeg size=6574
2026-08-15 09:03:11 INFO OK id=66a03b2c-022a-4dfb-90a5-6f36da00a0bc file=untitled_66a03b2c_Untitled.jpeg size=10915
2026-08-15 09:03:11 INFO OK id=b594ac8a-4d59-4914-b70d-7822a32445b1 file=untitled_b594ac8a_Untitled.jpeg size=12608
2026-08-15 09:03:12 INFO OK id=02898b7d-77d0-4af3-afbd-d4b2a8e8d31f file=untitled-project-03-41-08-07_02898b7d_Untitled_Project_[0341_-_0807].jpeg size=14507
2026-08-15 09:03:12 INFO OK id=619b1b51-0166-47cf-af26-8f906aa3b679 file=untitled_619b1b51_Untitled.jpeg size=8352
2026-08-15 09:03:12 INFO OK id=153e5410-5a46-4793-b31f-16abadb452ca file=untitled_153e5410_Untitled.jpeg size=9033
2026-08-15 09:03:12 INFO OK id=7e1fb69d-1c83-4047-8aa7-84959abf3774 file=untitled-project-03-41-05-54_7e1fb69d_Untitled_Project_[0341_-_0554].jpeg size=16655
2026-08-15 09:03:12 INFO OK id=96f39c4c-85f9-4b0d-8830-7edf2c532f50 file=untitled_96f39c4c_Untitled.jpeg size=12936
2026-08-15 09:03:12 INFO OK id=bd46e6ec-0b85-4f75-80f2-07132d2ff9b8 file=untitled_bd46e6ec_Untitled.jpeg size=11423
2026-08-15 09:03:12 INFO OK id=54598f18-06f9-403f-b18d-033919623f7b file=untitled-project-03-41-08-07_54598f18_Untitled_Project_[0341_-_0807].jpeg size=10387
2026-08-15 09:03:12 INFO OK id=fb7e4df2-99e2-4ca5-b8cd-f6edf73201ab file=untitled_fb7e4df2_Untitled.jpeg size=8573
2026-08-15 09:03:12 INFO OK id=0d420361-8ba4-4d25-9c20-b373f7832e9c file=untitled_0d420361_Untitled.jpeg size=9370
2026-08-15 09:03:12 INFO OK id=e691cf1b-115b-4169-b9c4-6f4cb8e213a1 file=untitled_e691cf1b_Untitled.jpeg size=11737
2026-08-15 09:03:12 INFO OK id=f24eee73-2368-423c-be3e-ccc9aa02096e file=untitled_f24eee73_Untitled.jpeg size=7262
2026-08-15 09:03:12 INFO OK id=b2e6baf9-a5d1-48eb-8ec5-107603ab9274 file=untitled-project-03-41-08-07_b2e6baf9_Untitled_Project_[0341_-_0807].jpeg size=13877
2026-08-15 09:03:12 INFO OK id=daef9f3a-3b8d-4495-8e4f-0f3188e03ce0 file=rec-mar-13-22-07-30_daef9f3a_[Rec]_Mar_13_220730.jpeg size=10151
2026-08-15 09:03:12 INFO OK id=fbda2219-1786-4918-9e3f-26bbc03b7852 file=studio-selection_fbda2219_Studio_Selection.jpeg size=13906
2026-08-15 09:03:12 INFO OK id=a94c7f95-0744-4ef8-ac0d-c57d66a95b56 file=rec-mar-13-22-02-48_a94c7f95_[Rec]_Mar_13_220248.jpeg size=6459
2026-08-15 09:03:12 INFO OK id=a8074bc9-3849-485f-8b46-001987b1ebf0 file=rec-mar-13-22-01-57_a8074bc9_[Rec]_Mar_13_220157.jpeg size=8963
2026-08-15 09:03:12 INFO OK id=76ee1565-7c0d-4d47-ab09-c3798ec3ab40 file=rec-mar-13-22-01-43_76ee1565_[Rec]_Mar_13_220143.jpeg size=6535
2026-08-15 09:03:12 INFO OK id=f4bbd58c-aa43-43b5-bd4c-1a0559d47de0 file=rec-mar-13-22-01-06_f4bbd58c_[Rec]_Mar_13_220106.jpeg size=6749
2026-08-15 09:03:12 INFO OK id=efd9ea8c-3ab7-4c28-9957-b65dd64a5aae file=del-desierto-una-rosa_efd9ea8c_Del_desierto_una_rosa.jpeg size=10299
2026-08-15 09:03:12 INFO OK id=2297f22a-697c-4884-a3c9-38b429f8c1a8 file=pegado-al-reloj_2297f22a_Pegado_al_reloj.jpeg size=34611
2026-08-15 09:03:13 INFO OK id=7edb9fa7-e5c0-46d1-a358-f81e07a0b57b file=untitled-project-01-16-03-24_7edb9fa7_Untitled_Project_[-01-16_-_0324].jpeg size=12447
2026-08-15 09:03:13 INFO OK id=0a81899b-6bb8-4c90-b874-c4db27cd0b8e file=pegado-al-reloj_0a81899b_Pegado_al_reloj.jpeg size=7927
2026-08-15 09:03:13 INFO OK id=80b663e1-ae2f-4499-b4b5-e0031a22fa5c file=untitled_80b663e1_Untitled.jpeg size=7414
2026-08-15 09:03:13 INFO OK id=66eb1623-79b8-4957-96f9-02798a83bfb8 file=untitled-project-00-00-03-08_66eb1623_Untitled_Project_[0000_-_0308].jpeg size=9007
2026-08-15 09:03:13 INFO OK id=7a5a3d82-1555-4f50-8b5c-2e2455d56b18 file=studio-selection_7a5a3d82_Studio_Selection.jpeg size=16789
2026-08-15 09:03:13 INFO OK id=baaf3282-f1a6-407f-bfaa-8bffdf2303cc file=dry_baaf3282_Dry.jpeg size=10913
2026-08-15 09:03:13 INFO OK id=1b64e863-9d7c-49a0-814e-0912f45ef6a4 file=dry_1b64e863_Dry.jpeg size=10913
2026-08-15 09:03:13 INFO OK id=a6d0a86d-ff4f-4c65-9663-d2f43243e6c6 file=untitled-project-00-00-03-08_a6d0a86d_Untitled_Project_[0000_-_0308].jpeg size=10628
2026-08-15 09:03:13 INFO OK id=37d7929d-907b-431c-b532-6305c937d152 file=rec-mar-13-16-15-21_37d7929d_[Rec]_Mar_13_161521.jpeg size=7622
2026-08-15 09:03:13 INFO OK id=83ac7688-0a65-4bd9-bf26-c8f0948e8928 file=untitled_83ac7688_untitled.jpeg size=11150
2026-08-15 09:03:13 INFO OK id=8fceb980-aa88-47c6-acf6-6c57bfe44e57 file=untitled_8fceb980_untitled.jpeg size=16022
2026-08-15 09:03:13 INFO OK id=d8b5f9a8-9ef4-4fa5-b794-41dbecc3833d file=untitled_d8b5f9a8_untitled.jpeg size=18695
2026-08-15 09:03:13 INFO OK id=c72715cd-0515-4762-8241-eb91061fa4e6 file=untitled_c72715cd_untitled.jpeg size=16099
2026-08-15 09:03:13 INFO OK id=ce5ece67-2aaf-4a10-aa16-f29ce7aad9db file=untitled_ce5ece67_untitled.jpeg size=15654
2026-08-15 09:03:13 INFO OK id=ec71f873-f4b1-4056-b65a-c8aba188a8f4 file=untitled_ec71f873_untitled.jpeg size=18467
2026-08-15 09:03:13 INFO OK id=eece5f70-889a-46f8-a596-5982708d6bfd file=untitled_eece5f70_untitled.jpeg size=10892
2026-08-15 09:03:13 INFO OK id=38732b80-0339-4ce9-bbc2-66f4d8e5b419 file=untitled_38732b80_untitled.jpeg size=8601
2026-08-15 09:03:13 INFO OK id=960b7242-81a9-47a9-a626-28b784296687 file=voyage-to-kolob_960b7242_Voyage_to_Kólob_.jpeg size=10497
2026-08-15 09:03:13 INFO OK id=5f3e22c3-a6f2-47d2-937e-0db81a7b3f94 file=untitled_5f3e22c3_untitled.jpeg size=9865
2026-08-15 09:03:13 INFO OK id=eb618084-22ee-4a14-8254-794b332083ab file=feijoada_eb618084_Feijoada.jpeg size=16032
2026-08-15 09:03:14 INFO OK id=65d38e6e-6ecc-4041-99a0-afbef773be52 file=feijoada_65d38e6e_Feijoada.jpeg size=13579
2026-08-15 09:03:14 INFO OK id=18a76306-2d01-4131-a5ad-cd7030164fcc file=feijoada_18a76306_Feijoada.jpeg size=3928
2026-08-15 09:03:14 INFO OK id=bda49ea9-6eda-445a-ad41-5f57c9e6ac29 file=feijoada_bda49ea9_Feijoada.jpeg size=8082
2026-08-15 09:03:14 INFO OK id=64c62ef2-e810-44a9-aaab-58560203ec74 file=feijoada_64c62ef2_Feijoada.jpeg size=11519
2026-08-15 09:03:14 INFO OK id=65750394-de7f-41b6-8d32-b73cbd3bbd07 file=feijoada_65750394_Feijoada.jpeg size=9544
2026-08-15 09:03:14 INFO OK id=fc9ce572-bccb-443a-82b3-be453094f94e file=feijoada_fc9ce572_Feijoada.jpeg size=8659
2026-08-15 09:03:14 INFO OK id=da89a34a-205b-4156-ae84-6d0848fb0835 file=feijoada_da89a34a_Feijoada.jpeg size=8020
2026-08-15 09:03:14 INFO OK id=22c27f63-0d6c-4828-b11e-cefb20794a5c file=untitled_22c27f63_untitled.jpeg size=8826
2026-08-15 09:03:14 INFO OK id=ed9f371b-94ec-409f-91ae-67cccb09b636 file=untitled_ed9f371b_untitled.jpeg size=8202
2026-08-15 09:03:14 INFO OK id=54f7db57-264b-4b46-a359-d896e398f017 file=feijoada_54f7db57_Feijoada.jpeg size=10006
2026-08-15 09:03:14 INFO OK id=0da1df4e-1138-489a-9911-d2b5c578798b file=feijoada_0da1df4e_Feijoada.jpeg size=10736
2026-08-15 09:03:14 INFO OK id=90f55630-117f-4c9c-af4b-2cbeeea5c296 file=feijoada_90f55630_Feijoada.jpeg size=19235
2026-08-15 09:03:14 INFO OK id=bd04a804-c0f8-4484-9d60-98530366ba82 file=feijoada_bd04a804_Feijoada.jpeg size=18584
2026-08-15 09:03:14 INFO OK id=6a5e1028-bd91-47ad-a172-8bd438659bec file=rec-mar-11-18-31-45_6a5e1028_[Rec]_Mar_11_183145.jpeg size=8104
2026-08-15 09:03:14 INFO OK id=3265f356-d45f-4af2-93f1-011d30f5cc67 file=rec-mar-11-18-31-45_3265f356_[Rec]_Mar_11_183145.jpeg size=9671
2026-08-15 09:03:14 INFO OK id=774812a8-f8b1-40b4-bbe7-c45fc0269a4f file=rec-mar-11-18-31-45_774812a8_[Rec]_Mar_11_183145.jpeg size=6421
2026-08-15 09:03:14 INFO OK id=ba65dad0-a540-46c0-b68f-5309f6e0e1e3 file=rec-mar-11-18-31-45_ba65dad0_[Rec]_Mar_11_183145.jpeg size=8459
2026-08-15 09:03:14 INFO OK id=c6a25075-d1dc-40d8-a4b2-13118dcd48b0 file=rec-mar-11-18-31-45_c6a25075_[Rec]_Mar_11_183145.jpeg size=12609
2026-08-15 09:03:14 INFO OK id=c322676d-12fc-429c-b4ea-b3b6cc75678d file=rec-mar-11-18-31-45_c322676d_[Rec]_Mar_11_183145.jpeg size=14668
2026-08-15 09:03:14 INFO OK id=2d4d4af7-83ac-4d75-af99-d32bdbdaca6a file=rec-mar-11-18-31-45_2d4d4af7_[Rec]_Mar_11_183145.jpeg size=6668
2026-08-15 09:03:15 INFO OK id=ae3c6d0a-6b55-417a-a6b8-274ea1f33fc1 file=que-triste-esta-todo-sin-ti-woodwinds_ae3c6d0a_Qué_triste_está_todo_sin_ti_(Woodwinds).jpeg size=8204
2026-08-15 09:03:15 INFO OK id=2d59abec-c1b5-446f-8c41-b0cbda67fad7 file=que-triste-esta-todo-sin-ti-brass_2d59abec_Qué_triste_está_todo_sin_ti_(Brass).jpeg size=8204
2026-08-15 09:03:15 INFO OK id=6d548f52-8d95-4294-be38-d3bd5c2ee544 file=que-triste-esta-todo-sin-ti-fx_6d548f52_Qué_triste_está_todo_sin_ti_(FX).jpeg size=8204
2026-08-15 09:03:15 INFO OK id=b2debb07-0cc5-4190-a76a-41a7efac21b1 file=que-triste-esta-todo-sin-ti-synth_b2debb07_Qué_triste_está_todo_sin_ti_(Synth).jpeg size=8204
2026-08-15 09:03:15 INFO OK id=dd1f99f0-3cd2-483e-b4d1-4a99e2ae7fdc file=que-triste-esta-todo-sin-ti-strings_dd1f99f0_Qué_triste_está_todo_sin_ti_(Strings).jpeg size=8204
2026-08-15 09:03:15 INFO OK id=a333c721-011b-4df4-b735-ebf141431630 file=que-triste-esta-todo-sin-ti-percussion_a333c721_Qué_triste_está_todo_sin_ti_(Percussion).jpeg size=8204
2026-08-15 09:03:15 INFO OK id=e8caf08d-5e70-4b9e-879f-ef7d6be0d391 file=que-triste-esta-todo-sin-ti-keyboard_e8caf08d_Qué_triste_está_todo_sin_ti_(Keyboard).jpeg size=8204
2026-08-15 09:03:15 INFO OK id=0e26b335-73a9-41db-b255-5c51161e9102 file=que-triste-esta-todo-sin-ti-guitar_0e26b335_Qué_triste_está_todo_sin_ti_(Guitar).jpeg size=8204
2026-08-15 09:03:15 INFO OK id=eb65b613-e235-4161-abe2-f2d2459e84d8 file=que-triste-esta-todo-sin-ti-bass_eb65b613_Qué_triste_está_todo_sin_ti_(Bass).jpeg size=8204
2026-08-15 09:03:15 INFO OK id=790c6908-353e-4880-8a03-501ba25c2795 file=que-triste-esta-todo-sin-ti-drums_790c6908_Qué_triste_está_todo_sin_ti_(Drums).jpeg size=8204
2026-08-15 09:03:15 INFO OK id=7b07f4cf-bd86-4993-8330-ca953cf87579 file=que-triste-esta-todo-sin-ti-backing-vocals_7b07f4cf_Qué_triste_está_todo_sin_ti_(Backing_Vocals).jpeg size=8204
2026-08-15 09:03:15 INFO OK id=6803dec5-df31-4bb2-b071-651bf18de0cb file=que-triste-esta-todo-sin-ti-vocals_6803dec5_Qué_triste_está_todo_sin_ti_(Vocals).jpeg size=8204
2026-08-15 09:03:15 INFO OK id=8bb53f2f-4244-490c-8f3a-1adb5d513e4e file=que-triste-esta-todo-sin-ti-woodwinds_8bb53f2f_Qué_triste_está_todo_sin_ti_(Woodwinds).jpeg size=8204
2026-08-15 09:03:15 INFO OK id=2acd69c1-63a4-48e1-a370-374ef729a1b4 file=que-triste-esta-todo-sin-ti-brass_2acd69c1_Qué_triste_está_todo_sin_ti_(Brass).jpeg size=8204
2026-08-15 09:03:15 INFO OK id=7449ba60-ffc4-42ad-a9ff-30f8553e2c76 file=que-triste-esta-todo-sin-ti-fx_7449ba60_Qué_triste_está_todo_sin_ti_(FX).jpeg size=8204
2026-08-15 09:03:15 INFO OK id=04ddc3a3-0636-49d8-b1cb-e3d1d138a1e5 file=que-triste-esta-todo-sin-ti-synth_04ddc3a3_Qué_triste_está_todo_sin_ti_(Synth).jpeg size=8204
2026-08-15 09:03:15 INFO OK id=0b651477-31b3-4274-9ee9-d7b9b69320d6 file=que-triste-esta-todo-sin-ti-strings_0b651477_Qué_triste_está_todo_sin_ti_(Strings).jpeg size=8204
2026-08-15 09:03:15 INFO OK id=709392a7-f89b-424c-bd1c-5ada17298e7f file=que-triste-esta-todo-sin-ti-percussion_709392a7_Qué_triste_está_todo_sin_ti_(Percussion).jpeg size=8204
2026-08-15 09:03:15 INFO OK id=71fdc043-4246-4f44-b16f-99c150f3187c file=que-triste-esta-todo-sin-ti-keyboard_71fdc043_Qué_triste_está_todo_sin_ti_(Keyboard).jpeg size=8204
2026-08-15 09:03:16 INFO OK id=b4a6ff2c-1661-4d72-ac33-e06655cfc7a5 file=que-triste-esta-todo-sin-ti-guitar_b4a6ff2c_Qué_triste_está_todo_sin_ti_(Guitar).jpeg size=8204
2026-08-15 09:03:16 INFO OK id=3303b1d8-c01e-4581-aae5-d85d7806579e file=que-triste-esta-todo-sin-ti-bass_3303b1d8_Qué_triste_está_todo_sin_ti_(Bass).jpeg size=8204
2026-08-15 09:03:16 INFO OK id=990d3fd5-17ed-4e43-9b58-cba98219c586 file=que-triste-esta-todo-sin-ti-drums_990d3fd5_Qué_triste_está_todo_sin_ti_(Drums).jpeg size=8204
2026-08-15 09:03:16 INFO OK id=bffaf2b4-1a46-462e-887e-5baf55201ff4 file=que-triste-esta-todo-sin-ti-backing-vocals_bffaf2b4_Qué_triste_está_todo_sin_ti_(Backing_Vocals).jpeg size=8204
2026-08-15 09:03:16 INFO OK id=a9cc0370-a61e-4d6c-9f90-5da058dc710d file=que-triste-esta-todo-sin-ti-vocals_a9cc0370_Qué_triste_está_todo_sin_ti_(Vocals).jpeg size=8204
2026-08-15 09:03:16 INFO OK id=317d656a-75af-4d76-971b-60d9101a3b50 file=donde-el-mundo-se-curva_317d656a_Donde_el_mundo_se_curva.jpeg size=12810
2026-08-15 09:03:16 INFO OK id=01e4d256-b797-4724-8adb-02487a7c5ce6 file=donde-el-mundo-se-curva_01e4d256_Donde_el_mundo_se_curva.jpeg size=6342
2026-08-15 09:03:16 INFO OK id=58a1b246-0c89-4d9c-b2c2-f09c5cb560e1 file=donde-el-mundo-se-curva_58a1b246_Donde_el_mundo_se_curva.jpeg size=9575
2026-08-15 09:03:16 INFO OK id=a9c2b786-1bc3-4a61-8161-8503e2a43d1f file=donde-el-mundo-se-curva_a9c2b786_Donde_el_mundo_se_curva.jpeg size=13957
2026-08-15 09:03:16 INFO OK id=7997a2bd-2637-4f5f-b4a9-f84e99a95ff1 file=donde-el-mundo-se-curva_7997a2bd_Donde_el_mundo_se_curva.jpeg size=15944
2026-08-15 09:03:16 INFO OK id=8faaac34-cd11-442e-9843-caddca9ff13e file=donde-el-mundo-se-curva_8faaac34_Donde_el_mundo_se_curva.jpeg size=17386
2026-08-15 09:03:16 INFO OK id=177768c2-73dd-4a6a-b8ac-9ab00274b37f file=donde-el-mundo-se-curva_177768c2_Donde_el_mundo_se_curva.jpeg size=11750
2026-08-15 09:03:16 INFO OK id=b2e6e837-2d45-4dc2-b52b-7fe4a65403a8 file=donde-el-mundo-se-curva_b2e6e837_Donde_el_mundo_se_curva.jpeg size=8441
2026-08-15 09:03:16 INFO OK id=3218b9dd-4c98-45d8-a5af-b5748a2b3f49 file=donde-el-mundo-se-curva_3218b9dd_Donde_el_mundo_se_curva.jpeg size=10171
2026-08-15 09:03:16 INFO OK id=e3ca8df3-0b2f-416f-bd20-8abb7598c8e1 file=donde-el-mundo-se-curva_e3ca8df3_Donde_el_mundo_se_curva.jpeg size=9968
2026-08-15 09:03:16 INFO OK id=da62eab3-4fb7-47a6-af83-57587db8cd9b file=donde-el-mundo-se-curva_da62eab3_Donde_el_mundo_se_curva.jpeg size=8680
2026-08-15 09:03:16 INFO OK id=f4712918-890c-44b6-80c7-f42200b4a877 file=experimento_f4712918_Experimento_.jpeg size=11149
2026-08-15 09:03:16 INFO OK id=ac5a406a-dfdc-4cf3-be8e-bf040b7fad15 file=experimento_ac5a406a_Experimento_.jpeg size=13722
2026-08-15 09:03:16 INFO OK id=4fd1306b-48d8-4a45-b662-39dce1fdddf4 file=que-triste-esta-todo-sin-ti_4fd1306b_Qué_triste_está_todo_sin_ti.jpeg size=48168
2026-08-15 09:03:17 INFO OK id=862647e1-d2b5-493f-9f50-87eb4c75be42 file=rare_862647e1_RARE.jpeg size=11791
2026-08-15 09:03:17 INFO OK id=53410bb9-a773-4f38-8c44-4c09d4d1d661 file=315-4s-recording-mar-7-1-47-pm_53410bb9_315.4s_Recording_(Mar_7_@_147_PM).jpeg size=48934
2026-08-15 09:03:17 INFO OK id=d6e0f414-cc3c-48d1-b0fe-99a8df9e27d9 file=315-4s-recording-mar-7-1-47-pm_d6e0f414_315.4s_Recording_(Mar_7_@_147_PM).jpeg size=6793
2026-08-15 09:03:17 INFO OK id=f4d42c46-637a-453d-8186-449ca3dc28e8 file=vuelve-otra-vez_f4d42c46_Vuelve_otra_vez.jpeg size=10223
2026-08-15 09:03:17 INFO OK id=0a0d7780-9094-478f-9f37-dcc6d21f95c0 file=vuelve-otra-vez-instrumental_0a0d7780_Vuelve_otra_vez_(instrumental).jpeg size=10696
2026-08-15 09:03:17 INFO OK id=6ce369bf-689c-47af-9ad9-55225bcbe960 file=vuelve-otra-vez-instrumental-2_6ce369bf_Vuelve_otra_vez_(instrumental_2).jpeg size=10867
2026-08-15 09:03:17 INFO OK id=2ba42ed2-1c7a-4e98-b254-c1d1b51c6e92 file=la-hija-del-dragon_2ba42ed2_La_hija_del_dragón.jpeg size=10943
2026-08-15 09:03:17 INFO OK id=097615fa-98b8-48e6-8447-b4397fe8c54a file=249-5s-recording-mar-5-5-09-pm_097615fa_249.5s_Recording_(Mar_5_@_509_PM).jpeg size=6203
2026-08-15 09:03:17 INFO OK id=461ffa61-bf42-43fb-9c53-32c7d389ea5e file=249-5s-recording-mar-5-5-09-pm_461ffa61_249.5s_Recording_(Mar_5_@_509_PM).jpeg size=7439
2026-08-15 09:03:17 INFO OK id=0535968a-6aa1-4d47-9a28-bf7fa7a6afe2 file=249-5s-recording-mar-5-5-09-pm_0535968a_249.5s_Recording_(Mar_5_@_509_PM).jpeg size=10401
2026-08-15 09:03:17 INFO OK id=046ada97-28bb-4ca0-9b59-77c013240290 file=249-5s-recording-mar-5-5-09-pm_046ada97_249.5s_Recording_(Mar_5_@_509_PM).jpeg size=7742
2026-08-15 09:03:17 INFO OK id=2e3e69a2-27ae-4bd9-a9b3-99a99019933c file=249-5s-recording-mar-5-5-09-pm_2e3e69a2_249.5s_Recording_(Mar_5_@_509_PM).jpeg size=7058
2026-08-15 09:03:17 INFO OK id=b64fcc62-827f-4907-82e6-10f47f2e6794 file=249-5s-recording-mar-5-5-09-pm_b64fcc62_249.5s_Recording_(Mar_5_@_509_PM).jpeg size=7451
2026-08-15 09:03:17 INFO OK id=18f6fd61-b89a-41fd-95ef-2961f10a9afa file=249-5s-recording-mar-5-5-09-pm_18f6fd61_249.5s_Recording_(Mar_5_@_509_PM).jpeg size=12131
2026-08-15 09:03:17 INFO OK id=f6211aa9-824e-4bd2-8814-2d422f29b7ef file=249-5s-recording-mar-5-5-09-pm_f6211aa9_249.5s_Recording_(Mar_5_@_509_PM).jpeg size=7768
2026-08-15 09:03:17 INFO OK id=7684ddc0-44b9-4a3c-b58d-67b23902bb59 file=249-5s-recording-mar-5-5-09-pm_7684ddc0_249.5s_Recording_(Mar_5_@_509_PM).jpeg size=9778
2026-08-15 09:03:17 INFO OK id=18eb1344-0718-4974-a6f8-f4502177c0d4 file=249-5s-recording-mar-5-5-09-pm_18eb1344_249.5s_Recording_(Mar_5_@_509_PM).jpeg size=8159
2026-08-15 09:03:17 INFO OK id=fb47d422-b561-45f3-9112-569a685b740c file=249-5s-recording-mar-5-5-09-pm_fb47d422_249.5s_Recording_(Mar_5_@_509_PM).jpeg size=8136
2026-08-15 09:03:17 INFO OK id=fc27c867-3a27-4557-9952-7668c6194784 file=249-5s-recording-mar-5-5-09-pm_fc27c867_249.5s_Recording_(Mar_5_@_509_PM).jpeg size=9496
2026-08-15 09:03:18 INFO OK id=b40e7432-a8f1-48da-8cf6-b6753219b37f file=249-5s-recording-mar-5-5-09-pm_b40e7432_249.5s_Recording_(Mar_5_@_509_PM).jpeg size=5590
2026-08-15 09:03:18 INFO OK id=1f741707-485f-41fe-a6ce-d87a45431bfc file=249-5s-recording-mar-5-5-09-pm_1f741707_249.5s_Recording_(Mar_5_@_509_PM).jpeg size=6446
2026-08-15 09:03:18 INFO OK id=8c616404-aa62-4ed2-b1e4-55efad17abaf file=249-5s-recording-mar-5-5-09-pm_8c616404_249.5s_Recording_(Mar_5_@_509_PM).jpeg size=7899
2026-08-15 09:03:18 INFO OK id=1f195d80-e524-4c3c-beed-9a89a153359e file=249-5s-recording-mar-5-5-09-pm_1f195d80_249.5s_Recording_(Mar_5_@_509_PM).jpeg size=7543
2026-08-15 09:03:18 INFO OK id=d2e147d0-ed96-41ad-89d3-8a4081465710 file=249-5s-recording-mar-5-5-09-pm_d2e147d0_249.5s_Recording_(Mar_5_@_509_PM).jpeg size=6558
2026-08-15 09:03:18 INFO OK id=01c1c2c0-1945-4f8e-a539-ef7b52a4bebf file=249-5s-recording-mar-5-5-09-pm_01c1c2c0_249.5s_Recording_(Mar_5_@_509_PM).jpeg size=8433
2026-08-15 09:03:18 INFO OK id=80bbc600-9908-4db1-a819-9143ad6a9e60 file=249-5s-recording-mar-5-5-09-pm_80bbc600_249.5s_Recording_(Mar_5_@_509_PM).jpeg size=10321
2026-08-15 09:03:18 INFO OK id=fd07feb3-8b82-4e71-bef7-9ad5aaf4c80a file=249-5s-recording-mar-5-5-09-pm_fd07feb3_249.5s_Recording_(Mar_5_@_509_PM).jpeg size=10305
2026-08-15 09:03:18 INFO OK id=4b43cfd3-912e-4123-94a5-419132943936 file=249-5s-recording-mar-5-5-09-pm_4b43cfd3_249.5s_Recording_(Mar_5_@_509_PM).jpeg size=14898
2026-08-15 09:03:18 INFO OK id=0f2eca8c-9c1f-4afd-9d6b-e4f6158548ef file=la-hija-del-dragon-sample_0f2eca8c_La_hija_del_dragón_(sample).jpeg size=7495
2026-08-15 09:03:18 INFO OK id=cb94081c-b863-4571-9f96-51dc3628ae32 file=la-hija-del-dragon-sample_cb94081c_La_hija_del_dragón_(sample).jpeg size=8284
2026-08-15 09:03:18 INFO OK id=893424ea-50fd-4395-b990-fb9e3268ad2a file=la-hija-del-dragon-sample_893424ea_La_hija_del_dragón_(sample).jpeg size=6759
2026-08-15 09:03:18 INFO OK id=bc3016ba-1429-4eee-b103-7b3cc64eb082 file=la-hija-del-dragon-sample_bc3016ba_La_hija_del_dragón_(sample).jpeg size=7461
2026-08-15 09:03:18 INFO OK id=c7e7dc03-8bad-40c6-a8be-27f51026df3f file=la-hija-del-dragon-sample_c7e7dc03_La_hija_del_dragón_(sample).jpeg size=9802
2026-08-15 09:03:18 INFO OK id=ad4573b8-d485-4ac0-bd08-78efa532f1be file=la-hija-del-dragon-sample_ad4573b8_La_hija_del_dragón_(sample).jpeg size=7133
2026-08-15 09:03:18 INFO OK id=815de6a1-99e1-485b-891d-2a709ed01210 file=la-hija-del-dragon-sample_815de6a1_La_hija_del_dragón_(sample).jpeg size=9497
2026-08-15 09:03:18 INFO OK id=c56fdd27-e70f-4fee-ae8b-d67d52028e2e file=la-hija-del-dragon-sample_c56fdd27_La_hija_del_dragón_(sample).jpeg size=8579
2026-08-15 09:03:18 INFO OK id=685ae7bb-7ada-44e3-ad62-55f6bcb87fe4 file=la-hija-del-dragon-sample_685ae7bb_La_hija_del_dragón_(sample).jpeg size=12343
2026-08-15 09:03:18 INFO OK id=0877011e-2ebd-4b2b-aa92-a9dabf5928ea file=la-hija-del-dragon-sample_0877011e_La_hija_del_dragón_(sample).jpeg size=7464
2026-08-15 09:03:18 INFO OK id=0efe6854-7230-46c3-b4de-da431b6716aa file=la-hija-del-dragon-sample_0efe6854_La_hija_del_dragón_(sample).jpeg size=6834
2026-08-15 09:03:19 INFO OK id=996c7039-a76d-4e4f-97bd-c263a61b3124 file=la-hija-del-dragon-sample_996c7039_La_hija_del_dragón_(sample).jpeg size=7551
2026-08-15 09:03:19 INFO OK id=aad31262-d310-4649-9f47-7cd58ce6a7f0 file=la-hija-del-dragon-sample_aad31262_La_hija_del_dragón_(sample).jpeg size=7029
2026-08-15 09:03:19 INFO OK id=ddf9d298-fa0e-4f1f-8465-38ede703af86 file=la-hija-del-dragon-sample_ddf9d298_La_hija_del_dragón_(sample).jpeg size=10369
2026-08-15 09:03:19 INFO OK id=a0ff2cbe-65f9-42c4-9639-97dc441b4843 file=la-hija-del-dragon-sample_a0ff2cbe_La_hija_del_dragón_(sample).jpeg size=8907
2026-08-15 09:03:19 INFO OK id=4285ab67-f174-48ec-9031-376eac69c167 file=la-hija-del-dragon-sample_4285ab67_La_hija_del_dragón_(sample).jpeg size=8765
2026-08-15 09:03:19 INFO OK id=3d736cc6-705c-4ef4-bf46-9976107387bd file=la-hija-del-dragon-sample_3d736cc6_La_hija_del_dragón_(sample).jpeg size=8686
2026-08-15 09:03:19 INFO OK id=528c9083-79d4-4fe2-a601-621b6e570914 file=la-hija-del-dragon-sample_528c9083_La_hija_del_dragón_(sample).jpeg size=6171
2026-08-15 09:03:19 INFO OK id=fac4bf6c-7093-4cc4-a09e-8abbcacdeb37 file=la-hija-del-dragon-sample_fac4bf6c_La_hija_del_dragón_(sample).jpeg size=7703
2026-08-15 09:03:19 INFO OK id=383a2972-550f-4ce5-ba25-225c690635a0 file=10-8s-recording-mar-5-2-50-pm-x-10-8s-recording-mar-5-2-50-pm-mashup_383a2972_10.8s_Recording_(Mar_5_@_250_PM)…_x_10.8s_Recording_(Mar_5_@_250_PM)…_(Mashup).jpeg size=10920
2026-08-15 09:03:19 INFO OK id=208f5fde-0b03-474a-ad7a-49bfd528ab6f file=10-8s-recording-mar-5-2-50-pm-x-10-8s-recording-mar-5-2-50-pm-mashup_208f5fde_10.8s_Recording_(Mar_5_@_250_PM)…_x_10.8s_Recording_(Mar_5_@_250_PM)…_(Mashup).jpeg size=8895
2026-08-15 09:03:19 INFO OK id=a89bf366-d80c-4593-b03c-cd23d230a08b file=10-8s-recording-mar-5-2-50-pm-x-10-8s-recording-mar-5-2-50-pm-mashup_a89bf366_10.8s_Recording_(Mar_5_@_250_PM)…_x_10.8s_Recording_(Mar_5_@_250_PM)…_(Mashup).jpeg size=7325
2026-08-15 09:03:19 INFO OK id=6d32a8a6-258a-480b-a199-375800804766 file=10-8s-recording-mar-5-2-50-pm-x-10-8s-recording-mar-5-2-50-pm-mashup_6d32a8a6_10.8s_Recording_(Mar_5_@_250_PM)…_x_10.8s_Recording_(Mar_5_@_250_PM)…_(Mashup).jpeg size=5528
2026-08-15 09:03:19 INFO OK id=f5b3182a-062c-4661-ab09-b02d197b17a5 file=10-8s-recording-mar-5-2-50-pm-x-10-8s-recording-mar-5-2-50-pm-mashup_f5b3182a_10.8s_Recording_(Mar_5_@_250_PM)…_x_10.8s_Recording_(Mar_5_@_250_PM)…_(Mashup).jpeg size=7197
2026-08-15 09:03:19 INFO OK id=11847604-4aed-4938-a299-f8baf6f6567a file=una-tarde-de-mar_11847604_Una_tarde_de_mar.jpeg size=7962
2026-08-15 09:03:19 INFO OK id=aa8490f9-d698-4159-aada-9053feae5a15 file=10-8s-recording-mar-5-2-50-pm-x-10-8s-recording-mar-5-2-50-pm-mashup_aa8490f9_10.8s_Recording_(Mar_5_@_250_PM)…_x_10.8s_Recording_(Mar_5_@_250_PM)…_(Mashup).jpeg size=6955
2026-08-15 09:03:19 INFO OK id=f9f92a93-cea1-4c9f-a629-ed9afa1a8b48 file=10-8s-recording-mar-5-2-50-pm-x-10-8s-recording-mar-5-2-50-pm-mashup_f9f92a93_10.8s_Recording_(Mar_5_@_250_PM)…_x_10.8s_Recording_(Mar_5_@_250_PM)…_(Mashup).jpeg size=7291
2026-08-15 09:03:19 INFO OK id=5dcb86c6-1609-4d27-9076-bf467d76306e file=10-8s-recording-mar-5-2-50-pm-add-instrumental-add-vocal_5dcb86c6_10.8s_Recording_(Mar_5_@_250_PM)_(Add_Instrumental)_(Add_Vocal).jpeg size=15490
2026-08-15 09:03:19 INFO OK id=95c30157-b9ca-462a-87ea-6115424440b8 file=10-8s-recording-mar-5-2-50-pm-add-instrumental_95c30157_10.8s_Recording_(Mar_5_@_250_PM)_(Add_Instrumental).jpeg size=10132
2026-08-15 09:03:19 INFO OK id=fd35c3d2-a7ea-4dfa-b106-1f693e3f16fe file=10-8s-recording-mar-5-2-50-pm-add-instrumental_fd35c3d2_10.8s_Recording_(Mar_5_@_250_PM)_(Add_Instrumental).jpeg size=9085
2026-08-15 09:03:19 INFO OK id=18aa6567-8f6d-4204-ab52-4181d5c8f1cd file=10-8s-recording-mar-5-2-50-pm_18aa6567_10.8s_Recording_(Mar_5_@_250_PM).jpeg size=7753
2026-08-15 09:03:19 INFO OK id=c63b9333-7430-42da-bb4c-0af4e86e05f3 file=239-3s-grabacion-5-mar-12-27_c63b9333_239.3s_Grabación_(5_mar_@_1227).jpeg size=10437
2026-08-15 09:03:20 INFO OK id=fab42709-40ef-438d-bb70-2bb5fadd129a file=la-hija-del-dragon_fab42709_La_hija_del_dragón.jpeg size=8386
2026-08-15 09:03:20 INFO OK id=d29a20e2-0935-4044-a991-6f084eb55317 file=la-hija-del-dragon_d29a20e2_La_hija_del_dragón.jpeg size=7398
2026-08-15 09:03:20 INFO OK id=cc948b62-abf5-4326-bed2-e4466adcffb3 file=la-hija-del-dragon_cc948b62_La_hija_del_dragón.jpeg size=6908
2026-08-15 09:03:20 INFO OK id=760d4595-144c-40f1-bcc0-6d5c1a9d344f file=la-hija-del-dragon_760d4595_La_hija_del_dragón.jpeg size=6430
2026-08-15 09:03:20 INFO OK id=0855b092-1191-45a3-bd2f-69a6cdf1f263 file=la-hija-del-dragon_0855b092_La_hija_del_dragón.jpeg size=9723
2026-08-15 09:03:20 INFO OK id=a51c9e69-83c4-4e10-89ec-3d4bbc16f8a1 file=la-hija-del-dragon_a51c9e69_La_hija_del_dragón.jpeg size=6543
2026-08-15 09:03:20 INFO OK id=695a2c76-86f9-46fb-a585-f6cc06b20b66 file=la-hija-del-dragon_695a2c76_La_hija_del_dragón.jpeg size=6632
2026-08-15 09:03:20 INFO OK id=832f576b-4317-4c1e-9441-707a7d00959b file=la-hija-del-dragon_832f576b_La_hija_del_dragón.jpeg size=7881
2026-08-15 09:03:20 INFO OK id=b7e9d4dd-325e-4373-9b15-1ac56c56c784 file=tune-tone_b7e9d4dd_Tune_tone.jpeg size=4803
2026-08-15 09:03:20 INFO OK id=df69f667-a6cb-4572-bdb9-18bf93a8813b file=tune-tone_df69f667_Tune_tone.jpeg size=5647
2026-08-15 09:03:20 INFO OK id=49844215-568e-44fc-ab7d-55541f0f213a file=untitled_49844215_untitled.jpeg size=8783
2026-08-15 09:03:20 INFO OK id=26368d91-fc59-4be8-ae45-e09cd10fe3e0 file=untitled_26368d91_untitled.jpeg size=8397
2026-08-15 09:03:20 INFO OK id=db805399-f07d-4298-bf0e-c9d6e4fb0a54 file=axl-amp-arth-tell-me-why-edit_db805399_Axl_&amp;_Arth_-_Tell_Me_Why_(Edit).jpeg size=22404
2026-08-15 09:03:20 INFO OK id=1a902948-85a9-4d84-b9ee-7a522ef9ace7 file=axl-amp-arth-tell-me-why-vocals-x-axl-amp-arth-tell-me-why-mashup_1a902948_Axl_&amp;_Arth_-_Tell_Me_Why_(Vocals)_x_Axl_&amp;_Arth_-_Tell_Me_Why_(Mashup).jpeg size=9461
2026-08-15 09:03:20 INFO OK id=03766ee3-0ee3-4fbd-9635-b0e78b0c091e file=axl-base_03766ee3_Axl_base.jpeg size=13033
2026-08-15 09:03:20 INFO OK id=901dd1a6-7479-4204-b76f-f57aa4e9dc5d file=axl-amp-arth-tell-me-why-vocals_901dd1a6_Axl_&amp;_Arth_-_Tell_Me_Why_(Vocals).jpeg size=4202
2026-08-15 09:03:20 INFO OK id=48ce7426-dd68-40ac-8bed-9478e90623f3 file=axl-amp-arth-tell-me-why-instrumental_48ce7426_Axl_&amp;_Arth_-_Tell_Me_Why_(Instrumental).jpeg size=7215
2026-08-15 09:03:20 INFO OK id=4cb07048-e3fa-474f-969f-9c81377f27b2 file=axl-amp-arth-tell-me-why-vocals_4cb07048_Axl_&amp;_Arth_-_Tell_Me_Why_(Vocals).jpeg size=7215
2026-08-15 09:03:20 INFO OK id=3d230b3d-bebe-4d88-ab8e-8f446cca7bb5 file=axl-amp-arth-tell-me-why-instrumental_3d230b3d_Axl_&amp;_Arth_-_Tell_Me_Why_(Instrumental).jpeg size=7215
2026-08-15 09:03:21 INFO OK id=ba450010-a05b-4825-a8f9-ade1435034e3 file=axl-amp-arth-tell-me-why-vocals_ba450010_Axl_&amp;_Arth_-_Tell_Me_Why_(Vocals).jpeg size=7215
2026-08-15 09:03:21 INFO OK id=e4eb7ebe-9bb7-4136-abf6-5e019891d453 file=axl-amp-arth-tell-me-why_e4eb7ebe_Axl_&amp;_Arth_-_Tell_Me_Why.jpeg size=7188
2026-08-15 09:03:21 INFO OK id=8f9fbd5d-a1dd-43b3-beba-4a73aa4f80e7 file=regreso-al-hogar_8f9fbd5d_Regreso_al_hogar.jpeg size=10865
2026-08-15 09:03:21 INFO OK id=8bd9424f-72c8-4cac-96f0-2c73a7053673 file=regreso-al-hogar_8bd9424f_Regreso_al_hogar.jpeg size=10820
2026-08-15 09:03:21 INFO OK id=8a6952b3-7878-418a-96f2-5fb943015a22 file=aled-edwards-all-in-my-mind-jazz-dream-pop_8a6952b3_Aled_Edwards_-_All_In_My_Mind_-_Jazz_Dream_Pop.jpeg size=9389
2026-08-15 09:03:21 INFO OK id=c97858f6-2a44-47d3-9b19-74f43d82ae9f file=pegado-a-esta-sensacion_c97858f6_Pegado_a_esta_sensación.jpeg size=17685
2026-08-15 09:03:21 INFO OK id=9989dd0d-d74d-498c-9717-40530819191c file=untitled_9989dd0d_untitled.jpeg size=8850
2026-08-15 09:03:21 INFO OK id=b191bd29-c0dc-4959-bdc8-f50adf12a41e file=sol-de-cada-manana_b191bd29_Sol_de_cada_mañana.jpeg size=7571
2026-08-15 09:03:21 INFO OK id=d5bced55-3634-4dcd-9baa-b7d2d3a2a29f file=fuego-dentro-de-mi_d5bced55_Fuego_Dentro_de_Mí.jpeg size=10002
2026-08-15 09:03:21 INFO OK id=24a35b8e-ccd7-4d91-9bea-5a98c22a700a file=fuego-dentro-de-mi_24a35b8e_Fuego_Dentro_de_Mí.jpeg size=9878
2026-08-15 09:03:21 WARNING HTTP 403 on attempt 1 for https://cdn2.suno.ai/image_45add19c-c36a-4d67-a7e0-29d93a7053ce.jpeg
2026-08-15 09:03:23 WARNING HTTP 403 on attempt 2 for https://cdn2.suno.ai/image_45add19c-c36a-4d67-a7e0-29d93a7053ce.jpeg
2026-08-15 09:03:27 WARNING HTTP 403 on attempt 3 for https://cdn2.suno.ai/image_45add19c-c36a-4d67-a7e0-29d93a7053ce.jpeg
2026-08-15 09:03:36 WARNING HTTP 403 on attempt 4 for https://cdn2.suno.ai/image_45add19c-c36a-4d67-a7e0-29d93a7053ce.jpeg
2026-08-15 09:03:52 ERROR FAIL id=45add19c-c36a-4d67-a7e0-29d93a7053ce detail=Gave up after 4 retries: unknown url=https://cdn2.suno.ai/image_45add19c-c36a-4d67-a7e0-29d93a7053ce.jpeg
2026-08-15 09:03:52 WARNING HTTP 403 on attempt 1 for https://cdn2.suno.ai/image_44a0a97d-b832-43b0-96cf-5496fb8e3f57.jpeg
2026-08-15 09:03:54 WARNING HTTP 403 on attempt 2 for https://cdn2.suno.ai/image_44a0a97d-b832-43b0-96cf-5496fb8e3f57.jpeg
2026-08-15 09:03:58 WARNING HTTP 403 on attempt 3 for https://cdn2.suno.ai/image_44a0a97d-b832-43b0-96cf-5496fb8e3f57.jpeg
2026-08-15 09:04:05 WARNING Interrupted by user at item 1755/2312
2026-08-15 09:12:07 INFO Start: total_db=2312 on_disk=1753 new=558 retry=1
2026-08-15 09:12:08 WARNING HTTP 403 on attempt 1 for https://cdn2.suno.ai/image_44a0a97d-b832-43b0-96cf-5496fb8e3f57.jpeg
2026-08-15 09:12:10 WARNING HTTP 403 on attempt 2 for https://cdn2.suno.ai/image_44a0a97d-b832-43b0-96cf-5496fb8e3f57.jpeg
2026-08-15 09:12:14 WARNING HTTP 403 on attempt 3 for https://cdn2.suno.ai/image_44a0a97d-b832-43b0-96cf-5496fb8e3f57.jpeg
2026-08-15 09:12:22 WARNING HTTP 403 on attempt 4 for https://cdn2.suno.ai/image_44a0a97d-b832-43b0-96cf-5496fb8e3f57.jpeg
2026-08-15 09:12:38 ERROR FAIL id=44a0a97d-b832-43b0-96cf-5496fb8e3f57 detail=Gave up after 4 retries: unknown url=https://cdn2.suno.ai/image_44a0a97d-b832-43b0-96cf-5496fb8e3f57.jpeg
2026-08-15 09:12:38 INFO OK id=4b4077cf-f558-49a6-acc8-8a4d78608e17 file=coreografia-gatuna_4b4077cf_CoreografÃ­a_gatuna.jpeg size=6991
2026-08-15 09:12:38 INFO OK id=091c8987-bbc9-4ebd-bcfa-b3885e30cd7b file=tu-me-quieres-alba-instrumental_091c8987_TÃº_me_quieres_alba_(Instrumental).jpeg size=8559
2026-08-15 09:12:38 INFO OK id=4a4056be-5adc-4a46-96e7-0174b36340e5 file=tu-me-quieres-alba-vocals_4a4056be_TÃº_me_quieres_alba_(Vocals).jpeg size=8559
2026-08-15 09:12:38 INFO OK id=0473f798-ea33-4f49-ac05-d0daa41c0a95 file=tu-me-quieres-alba-instrumental_0473f798_TÃº_me_quieres_alba_(Instrumental).jpeg size=8559
2026-08-15 09:12:38 INFO OK id=1ca691ae-23ec-4767-b8a9-51a2418e9230 file=tu-me-quieres-alba-vocals_1ca691ae_TÃº_me_quieres_alba_(Vocals).jpeg size=8559
2026-08-15 09:12:39 INFO OK id=c97fa796-4c31-4a7b-8a04-818fcc438194 file=tactica-y-estrategia_c97fa796_TÃ¡ctica_y_estrategia.jpeg size=10963
2026-08-15 09:12:39 INFO OK id=a893e334-79ea-4884-98df-1fe632406f9b file=tactica-y-estrategia_a893e334_TÃ¡ctica_y_estrategia.jpeg size=11061
2026-08-15 09:12:39 INFO OK id=1850bae0-a7c3-47c8-aa13-07c4f6d88b5a file=tactica-y-estrategia_1850bae0_TÃ¡ctica_y_estrategia.jpeg size=7744
2026-08-15 09:12:39 INFO OK id=9890d897-bffc-4171-a119-1a366d4185fd file=tactica-y-estrategia_9890d897_TÃ¡ctica_y_estrategia.jpeg size=8783
2026-08-15 09:12:39 INFO OK id=80854932-f2cb-4a3d-86ef-43b9989b2670 file=me-gustas-cuando-callas_80854932_Me_gustas_cuando_callas.jpeg size=9637
2026-08-15 09:12:39 INFO OK id=fc56570b-1510-49a8-91f1-e2b1c8a7031c file=anoche-cuando-dormia_fc56570b_Anoche,_cuando_dormÃ­a.jpeg size=6075
2026-08-15 09:12:39 INFO OK id=9528e9fe-9233-4763-9e61-f3ba424d4885 file=anoche-cuando-dormia_9528e9fe_Anoche,_cuando_dormÃ­a.jpeg size=4720
2026-08-15 09:12:39 INFO OK id=e2c5d14a-13fa-4b31-bcee-29e1b0c5eb24 file=la-cancion-del-bongo_e2c5d14a_La_canciÃ³n_del_bongÃ³.jpeg size=14000
2026-08-15 09:12:39 INFO OK id=9084febb-6925-4fec-969c-36cdf6a695bb file=la-cancion-del-bongo_9084febb_La_canciÃ³n_del_bongÃ³.jpeg size=13661
2026-08-15 09:12:39 INFO OK id=f83c2faf-1cab-42f6-b4ba-2840e8604af9 file=cultivo-la-rosa-blanca_f83c2faf_Cultivo_la_rosa_blanca.jpeg size=11467
2026-08-15 09:12:39 INFO OK id=9d2e59c8-e718-4062-927f-32dae2af7fb1 file=la-aurora-de-nueva-york_9d2e59c8_La_aurora_de_Nueva_York.jpeg size=12865
2026-08-15 09:12:39 INFO OK id=16c51fb4-2225-4909-a39b-085ee739336a file=tu-me-quieres-alba_16c51fb4_TÃº_me_quieres_alba.jpeg size=16965
2026-08-15 09:12:39 INFO OK id=d3da71f7-1855-4ad5-8b05-e10a531d485e file=tu-me-quieres-alba_d3da71f7_TÃº_me_quieres_alba.jpeg size=8422
2026-08-15 09:12:39 INFO OK id=b1b561c7-2215-4341-a336-ddc6d49e723d file=tu-me-quieres-alba_b1b561c7_TÃº_me_quieres_alba.jpeg size=10160
2026-08-15 09:12:39 INFO OK id=095589fc-037b-491b-a92e-e1c061faefa8 file=poesia-eres-tu_095589fc_PoesÃ­a_eres_tÃº.jpeg size=7311
2026-08-15 09:12:39 INFO OK id=d5250d48-72c1-42c1-bdb6-4f04a8b53358 file=poema-20_d5250d48_Poema_20.jpeg size=10080
2026-08-15 09:12:39 WARNING HTTP 403 on attempt 1 for https://cdn2.suno.ai/image_afc6ed42-98cc-4a00-8663-16e27533a4fa.jpeg
2026-08-15 09:12:42 WARNING HTTP 403 on attempt 2 for https://cdn2.suno.ai/image_afc6ed42-98cc-4a00-8663-16e27533a4fa.jpeg
2026-08-15 09:12:46 WARNING HTTP 403 on attempt 3 for https://cdn2.suno.ai/image_afc6ed42-98cc-4a00-8663-16e27533a4fa.jpeg
2026-08-15 09:12:54 WARNING HTTP 403 on attempt 4 for https://cdn2.suno.ai/image_afc6ed42-98cc-4a00-8663-16e27533a4fa.jpeg
2026-08-15 09:13:10 ERROR FAIL id=afc6ed42-98cc-4a00-8663-16e27533a4fa detail=Gave up after 4 retries: unknown url=https://cdn2.suno.ai/image_afc6ed42-98cc-4a00-8663-16e27533a4fa.jpeg
2026-08-15 09:13:10 WARNING HTTP 403 on attempt 1 for https://cdn2.suno.ai/image_44f5f0db-3dde-4584-953d-143556cddf17.jpeg
2026-08-15 09:13:12 WARNING HTTP 403 on attempt 2 for https://cdn2.suno.ai/image_44f5f0db-3dde-4584-953d-143556cddf17.jpeg
2026-08-15 09:13:16 WARNING HTTP 403 on attempt 3 for https://cdn2.suno.ai/image_44f5f0db-3dde-4584-953d-143556cddf17.jpeg
2026-08-15 09:13:25 WARNING HTTP 403 on attempt 4 for https://cdn2.suno.ai/image_44f5f0db-3dde-4584-953d-143556cddf17.jpeg
2026-08-15 09:13:41 ERROR FAIL id=44f5f0db-3dde-4584-953d-143556cddf17 detail=Gave up after 4 retries: unknown url=https://cdn2.suno.ai/image_44f5f0db-3dde-4584-953d-143556cddf17.jpeg
2026-08-15 09:13:41 INFO OK id=5757c7bc-bb18-47db-a25c-99acffd58e3f file=untitled_5757c7bc_untitled.jpeg size=8705
2026-08-15 09:13:41 INFO OK id=f7f438b9-daed-4500-82f7-b52591a4dfff file=untitled_f7f438b9_untitled.jpeg size=8479
2026-08-15 09:13:41 INFO OK id=89a2c590-1fe3-4242-8c00-2a8d19c7e557 file=de-cartulina_89a2c590_De_cartulina.jpeg size=11478
2026-08-15 09:13:41 INFO OK id=dfe60e3b-37f2-44a3-82c7-0353fb7af9cb file=de-cartulina_dfe60e3b_De_cartulina.jpeg size=12357
2026-08-15 09:13:41 INFO OK id=652ab94b-f8b4-48c4-96f0-3c13733947c5 file=quilla-de-carton_652ab94b_Quilla_de_cartÃ³n_.jpeg size=16375
2026-08-15 09:13:41 INFO OK id=b24d6b31-47da-4b37-b09e-112e2b7d9023 file=quilla-de-carton_b24d6b31_Quilla_de_cartÃ³n_.jpeg size=15344
2026-08-15 09:13:41 INFO OK id=f3fcd129-75d0-4b80-a2c2-3d660ef69dd7 file=odisea-de-cartulina_f3fcd129_Odisea_de_cartulina.jpeg size=11538
2026-08-15 09:13:41 INFO OK id=543825fe-fcd5-4b73-b96f-b9478e3eb867 file=odisea-de-cartulina_543825fe_Odisea_de_cartulina.jpeg size=11563
2026-08-15 09:13:41 INFO OK id=551814ce-e3ae-4b06-9a07-7775a64e00db file=untitled_551814ce_untitled.jpeg size=11032
2026-08-15 09:13:41 INFO OK id=e036a886-30e0-479f-a015-3e440ceb4979 file=untitled_e036a886_untitled.jpeg size=9158
2026-08-15 09:13:41 INFO OK id=f54eae96-e352-4fd4-9899-c36b6e9e14df file=untitled_f54eae96_untitled.jpeg size=7801
2026-08-15 09:13:41 INFO OK id=a937ef6d-9eca-4ada-a2c0-13df9a70d5ca file=el-dios-de-los-padres_a937ef6d_El_Dios_de_los_Padres.jpeg size=7660
2026-08-15 09:13:41 INFO OK id=cc3d72f0-0cab-4348-9739-fdc083f86d8a file=el-dios-de-los-padres_cc3d72f0_El_Dios_de_los_Padres.jpeg size=8643
2026-08-15 09:13:41 INFO OK id=a3766f0f-0d2a-415c-ba58-9c19d5e56950 file=dios-del-convenio_a3766f0f_Dios_del_convenio.jpeg size=7944
2026-08-15 09:13:41 INFO OK id=22448d56-698c-4374-8913-fe17f9e158a6 file=dios-del-convenio_22448d56_Dios_del_convenio.jpeg size=11270
2026-08-15 09:13:41 INFO OK id=2d32a64e-1a59-44c3-9ae4-ae76a989e60d file=dios-de-las-generaciones_2d32a64e_Dios_de_las_Generaciones.jpeg size=11037
2026-08-15 09:13:41 INFO OK id=f1e58964-e3ca-400e-9015-dea777cd9b9d file=dios-de-las-generaciones_f1e58964_Dios_de_las_Generaciones.jpeg size=7384
2026-08-15 09:13:41 INFO OK id=bee97aa2-5ddc-47d1-bdd3-4c6e318dd147 file=dios-de-las-generaciones_bee97aa2_Dios_de_las_Generaciones.jpeg size=12103
2026-08-15 09:13:42 INFO OK id=bbf011b2-58ce-4d20-9759-b35cf6ad7c42 file=dios-de-las-generaciones_bbf011b2_Dios_de_las_Generaciones.jpeg size=12857
2026-08-15 09:13:42 INFO OK id=1a222517-f3c3-4143-a256-df9904d5d09a file=tricycle-race_1a222517_Tricycle_race.jpeg size=20390
2026-08-15 09:13:42 INFO OK id=86f2d135-52f3-483b-b1e5-9086843eb1e4 file=tricycle-race_86f2d135_Tricycle_race.jpeg size=16429
2026-08-15 09:13:42 INFO OK id=fd377a10-a726-4ce4-89f8-635f0f9d55ab file=wet-river_fd377a10_Wet_River.jpeg size=8637
2026-08-15 09:13:42 INFO OK id=84ec9adf-8f03-4c57-a456-58ffc06b527f file=standing-happy_84ec9adf_Standing_happy.jpeg size=9865
2026-08-15 09:13:42 INFO OK id=b240a16a-77c8-4e40-b330-9c9571d81479 file=starlight-rhythm_b240a16a_Starlight_Rhythm.jpeg size=15934
2026-08-15 09:13:42 INFO OK id=c3592b0d-e959-4b63-ae18-ab780d5e29f9 file=ethereal-high_c3592b0d_Ethereal_High.jpeg size=11659
2026-08-15 09:13:42 INFO OK id=efb97bb5-f884-4259-b4cc-3a978d36feb4 file=golden-wave-pulse_efb97bb5_Golden_Wave_Pulse.jpeg size=14178
2026-08-15 09:13:42 INFO OK id=b0eeee29-baad-4d05-80ed-fe81b6a133a8 file=glittering-abyss_b0eeee29_Glittering_Abyss.jpeg size=16545
2026-08-15 09:13:42 INFO OK id=e4d940d6-8473-4e24-88d2-128abeebc6aa file=electric-pulse_e4d940d6_Electric_Pulse.jpeg size=11033
2026-08-15 09:13:42 INFO OK id=4e0e611f-8f28-444b-9ea0-d645218c02c1 file=driftwood-motion_4e0e611f_Driftwood_Motion.jpeg size=10708
2026-08-15 09:13:42 INFO OK id=b358890d-16e1-4e6f-b382-39b2995d7d59 file=tropical-pulse_b358890d_Tropical_Pulse.jpeg size=11987
2026-08-15 09:13:42 INFO OK id=f7c71284-8045-4e6f-a556-3571450f5e70 file=tropical-pulse_f7c71284_Tropical_Pulse.jpeg size=9338
2026-08-15 09:13:42 INFO OK id=0bdfb2a5-0c7e-4163-9604-fcb0a7b414e2 file=velvet-afro-drift_0bdfb2a5_Velvet_Afro-Drift.jpeg size=10962
2026-08-15 09:13:42 INFO OK id=1161da68-871a-454e-9874-89463adfd0d4 file=tropical-pulse_1161da68_Tropical_Pulse.jpeg size=10535
2026-08-15 09:13:42 INFO OK id=1e699a97-db69-42ea-93d5-e0f97bee4917 file=jungle-fog_1e699a97_Jungle_Fog.jpeg size=14109
2026-08-15 09:13:42 INFO OK id=90abf69d-ac8f-4b06-ab87-96f9026eae6c file=wild-bubbles_90abf69d_Wild_Bubbles.jpeg size=15767
2026-08-15 09:13:42 INFO OK id=6f321b2e-3d6a-4beb-b73a-68084a1edd62 file=a-rascal-frog_6f321b2e_A_Rascal_Frog.jpeg size=20627
2026-08-15 09:13:42 INFO OK id=c7fd2d48-1d8e-4ebf-9653-476561ee9b59 file=dancing-turtle_c7fd2d48_Dancing_Turtle.jpeg size=14694
2026-08-15 09:13:42 INFO OK id=81f1c29e-72f9-43e4-a116-3218698f52fa file=salt-echoes_81f1c29e_Salt_Echoes.jpeg size=7610
2026-08-15 09:13:43 INFO OK id=9b33c5e6-7e3a-42e2-9b35-bc409d22792b file=a-lost-sax_9b33c5e6_A_Lost_Sax.jpeg size=6756
2026-08-15 09:13:43 INFO OK id=9b03527f-4330-4095-984e-e272c45c1ded file=senda-de-la-promesa_9b03527f_Senda_de_la_Promesa.jpeg size=6685
2026-08-15 09:13:43 WARNING HTTP 403 on attempt 1 for https://cdn2.suno.ai/image_13979d48-caac-4cc4-af31-bd1a6b0e8555.jpeg
2026-08-15 09:13:45 WARNING HTTP 403 on attempt 2 for https://cdn2.suno.ai/image_13979d48-caac-4cc4-af31-bd1a6b0e8555.jpeg
2026-08-15 09:13:49 WARNING HTTP 403 on attempt 3 for https://cdn2.suno.ai/image_13979d48-caac-4cc4-af31-bd1a6b0e8555.jpeg
2026-08-15 09:13:57 WARNING HTTP 403 on attempt 4 for https://cdn2.suno.ai/image_13979d48-caac-4cc4-af31-bd1a6b0e8555.jpeg
2026-08-15 09:14:13 ERROR FAIL id=13979d48-caac-4cc4-af31-bd1a6b0e8555 detail=Gave up after 4 retries: unknown url=https://cdn2.suno.ai/image_13979d48-caac-4cc4-af31-bd1a6b0e8555.jpeg
2026-08-15 09:14:13 INFO OK id=04423767-ef8b-4cd9-b465-49445747207e file=el-verbo-y-el-orden_04423767_El_Verbo_y_el_orden.jpeg size=7555
2026-08-15 09:14:13 INFO OK id=d74161be-69c6-4423-90ee-81b94ac1342c file=trazo-por-trazo_d74161be_Trazo_por_trazo.jpeg size=13287
2026-08-15 09:14:13 INFO OK id=85a2f53e-4a4f-44a1-abd0-936675432708 file=por-nosotros-se-ofrecio_85a2f53e_Por_nosotros_se_ofreciÃ³.jpeg size=6079
2026-08-15 09:14:13 INFO OK id=2066a4ad-439a-490f-8e01-3a93a2b294fb file=el-primogenito-de-luz_2066a4ad_El_PrimogÃ©nito_de_luz.jpeg size=10348
2026-08-15 09:14:14 INFO OK id=345642dd-9dbe-43c5-ab2c-172abf968a81 file=el-alba-de-su-gloria_345642dd_El_alba_de_Su_gloria.jpeg size=9129
2026-08-15 09:14:14 INFO OK id=ed27ecf8-cc3e-4040-8180-8b5dc530e97e file=generations-in-one_ed27ecf8_Generations_in_One.jpeg size=11070
2026-08-15 09:14:14 INFO OK id=cc07973f-9f21-40d3-b5ec-425c590bfc01 file=the-silver-thread_cc07973f_The_Silver_Thread.jpeg size=8863
2026-08-15 09:14:14 INFO OK id=b24dbd6e-c1bc-4c28-b89f-32b6041c3997 file=dust-and-glory_b24dbd6e_Dust_and_Glory.jpeg size=10006
2026-08-15 09:14:14 INFO OK id=e13d8a37-55ce-48c1-8dd5-392779ff39b0 file=dust-and-glory_e13d8a37_Dust_and_Glory.jpeg size=6785
2026-08-15 09:14:14 INFO OK id=499317d7-0fe4-46c8-98a2-c2bb25fd099a file=the-promised-valley_499317d7_The_Promised_Valley.jpeg size=6520
2026-08-15 09:14:14 INFO OK id=e8043239-c6c2-4ffe-b037-b8eeb3afb026 file=stones-of-remembrance_e8043239_Stones_of_Remembrance.jpeg size=7903
2026-08-15 09:14:14 INFO OK id=0be6bde9-80ef-44f9-994e-1d3600ba7a0a file=feet-upon-the-mountains_0be6bde9_Feet_Upon_The_Mountains.jpeg size=9804
2026-08-15 09:14:14 INFO OK id=cb434e2c-d627-43af-973a-75e89a46c09e file=messengers-of-light_cb434e2c_Messengers_of_Light.jpeg size=6758
2026-08-15 09:14:14 INFO OK id=da003084-2226-4ec0-9423-2d2a847b3cdd file=the-harvest-call_da003084_The_Harvest_Call.jpeg size=9596
2026-08-15 09:14:14 INFO OK id=0fcb4d6e-0ec7-41db-b9be-9341d34fefe8 file=the-veil-unfolding_0fcb4d6e_The_Veil_Unfolding.jpeg size=15777
2026-08-15 09:14:14 INFO OK id=1f185c85-e246-4095-81a0-1d0d7858b550 file=eternal-light-descending_1f185c85_Eternal_Light_Descending.jpeg size=12413
2026-08-15 09:14:14 INFO OK id=a5fd4476-8c76-4af5-895d-e998101979bb file=cloud-gazing-from-the-floor_a5fd4476_Cloud-Gazing_from_the_Floor.jpeg size=9052
2026-08-15 09:14:14 INFO OK id=5050c459-8bdd-4602-b93c-d3681ab1a0e9 file=echoes-in-a-small-room_5050c459_Echoes_in_a_Small_Room.jpeg size=7713
2026-08-15 09:14:14 INFO OK id=76b4d2b9-0967-4e6d-ae3a-ea49049f5ba9 file=malecon-garage_76b4d2b9_MalecÃ³n_Garage.jpeg size=12684
2026-08-15 09:14:14 INFO OK id=2893780b-2aae-49a9-b88b-bd34cf85fcb0 file=rum-and-resin_2893780b_Rum_and_Resin.jpeg size=10974
2026-08-15 09:14:14 INFO OK id=950bc355-db72-48cd-a150-0c2b229f4437 file=ivory-grid_950bc355_Ivory_Grid.jpeg size=16881
2026-08-15 09:14:14 INFO OK id=a6184c6d-8713-437c-9765-950dda356b4d file=ballade-for-the-concrete_a6184c6d_Ballade_for_the_Concrete.jpeg size=9222
2026-08-15 09:14:14 INFO OK id=67e2d912-06f0-4b54-b8eb-120a6c8fc220 file=amritsar-beats_67e2d912_Amritsar_Beats.jpeg size=11625
2026-08-15 09:14:14 INFO OK id=6ebcf3a9-7233-49ef-9f2b-970dd5587cc6 file=dusty-turbans_6ebcf3a9_Dusty_Turbans.jpeg size=11214
2026-08-15 09:14:14 INFO OK id=f240b8b8-43ce-4464-bef8-5483aa36c785 file=bitacora-de-un-copo_f240b8b8_BitÃ¡cora_de_un_copo.jpeg size=5953
2026-08-15 09:14:15 INFO OK id=71e21597-245e-4946-b36d-12c48a37f3ad file=el-sena-sin-ti_71e21597_El_Sena_sin_ti.jpeg size=7609
2026-08-15 09:14:15 INFO OK id=e170c7a3-57b1-4e85-ac17-1e87cf30a6ed file=barquito-de-papel_e170c7a3_Barquito_de_papel.jpeg size=9380
2026-08-15 09:14:15 INFO OK id=dc13bd12-3bcb-4c3f-ab24-56aa3db94261 file=solo-abreme-el-telon_dc13bd12_SÃ³lo_Ã¡breme_el_telÃ³n.jpeg size=12151
2026-08-15 09:14:15 INFO OK id=362abc50-98d6-478d-a30b-4537331500f8 file=replace-03-13-03-13-08-03-am-feb-21_362abc50_Replace_0313-0313_(0803_AM_Feb_21).jpeg size=16392
2026-08-15 09:14:15 INFO OK id=f3408700-567c-4b3a-922c-785e821bfd4b file=replace-03-13-03-13-08-03-am-feb-21_f3408700_Replace_0313-0313_(0803_AM_Feb_21).jpeg size=11141
2026-08-15 09:14:15 INFO OK id=e512535a-782b-4389-a369-4b8ed061fb8e file=replace-03-13-03-13-08-03-am-feb-21_e512535a_Replace_0313-0313_(0803_AM_Feb_21).jpeg size=11496
2026-08-15 09:14:15 INFO OK id=bb211093-fa5c-4abd-a9b2-b44dc7e54dbc file=replace-03-13-03-13-08-03-am-feb-21_bb211093_Replace_0313-0313_(0803_AM_Feb_21).jpeg size=10311
2026-08-15 09:14:15 INFO OK id=a20cb3e4-fc18-48b2-aad9-508a2e8333a3 file=replace-03-13-03-13-08-03-am-feb-21_a20cb3e4_Replace_0313-0313_(0803_AM_Feb_21).jpeg size=10625
2026-08-15 09:14:15 INFO OK id=4bd4b720-e0d9-440a-97e4-d86c2e21d9bb file=replace-03-13-03-13-08-03-am-feb-21_4bd4b720_Replace_0313-0313_(0803_AM_Feb_21).jpeg size=7153
2026-08-15 09:14:15 INFO OK id=2ac83bcb-0ddc-4a6f-add0-4e5c711b8f2b file=replace-03-13-03-13-08-03-am-feb-21_2ac83bcb_Replace_0313-0313_(0803_AM_Feb_21).jpeg size=10553
2026-08-15 09:14:15 INFO OK id=8a941101-a56b-4c45-b306-0900e91e996a file=replace-03-13-03-13-08-03-am-feb-21_8a941101_Replace_0313-0313_(0803_AM_Feb_21).jpeg size=12362
2026-08-15 09:14:15 INFO OK id=b71b19ad-25f9-407d-8feb-08ae7c52647b file=replace-03-13-03-13-08-01-am-feb-21_b71b19ad_Replace_0313-0313_(0801_AM_Feb_21).jpeg size=9863
2026-08-15 09:14:15 INFO OK id=cece1005-b61a-4e9c-86fd-565933133ba7 file=replace-03-13-03-13-08-01-am-feb-21_cece1005_Replace_0313-0313_(0801_AM_Feb_21).jpeg size=6996
2026-08-15 09:14:15 INFO OK id=8a72a9d0-1cbe-4ded-8764-0f7478cb957f file=replace-02-17-02-17-08-00-am-feb-21_8a72a9d0_Replace_0217-0217_(0800_AM_Feb_21).jpeg size=12896
2026-08-15 09:14:15 INFO OK id=29b67d2f-448e-40ed-9067-0873c4bf6898 file=replace-02-17-02-17-08-00-am-feb-21_29b67d2f_Replace_0217-0217_(0800_AM_Feb_21).jpeg size=9455
2026-08-15 09:14:15 INFO OK id=fc90b3d0-748f-4b77-9f03-0dd8e43f3171 file=neon-bulerias_fc90b3d0_Neon_BulerÃ­as.jpeg size=10439
2026-08-15 09:14:15 INFO OK id=0fcf406f-1e0e-4590-afe3-b22e626309ed file=carbon-fiber-soul_0fcf406f_Carbon_Fiber_Soul.jpeg size=8431
2026-08-15 09:14:16 INFO OK id=092c58ab-848c-4159-9f16-a82eb5598dc2 file=midnight-in-san-telmo_092c58ab_Midnight_in_San_Telmo.jpeg size=15434
2026-08-15 09:14:16 INFO OK id=b1919f73-382b-4657-a390-9c448720bc4f file=the-last-alibi_b1919f73_The_Last_Alibi.jpeg size=13965
2026-08-15 09:14:16 INFO OK id=9fddd072-f952-4cda-ac59-af1b84170e35 file=sands-of-lagos_9fddd072_Sands_of_Lagos.jpeg size=10164
2026-08-15 09:14:16 INFO OK id=09a0f151-71b2-4b55-8da3-9ef641027020 file=nile-delta-groove_09a0f151_Nile_Delta_Groove.jpeg size=14207
2026-08-15 09:14:16 INFO OK id=56b30549-0721-4692-8110-c9768ad9f7be file=glacier-whispers_56b30549_Glacier_Whispers.jpeg size=7347
2026-08-15 09:14:16 INFO OK id=b9b515ee-12b7-4d48-a141-a49eac72e570 file=the-thaw_b9b515ee_The_Thaw.jpeg size=5743
2026-08-15 09:14:16 WARNING HTTP 403 on attempt 1 for https://cdn2.suno.ai/image_dde777ab-5bd2-4d6c-a54f-be18aba32d08.jpeg
2026-08-15 09:14:18 WARNING HTTP 403 on attempt 2 for https://cdn2.suno.ai/image_dde777ab-5bd2-4d6c-a54f-be18aba32d08.jpeg
2026-08-15 09:14:22 WARNING HTTP 403 on attempt 3 for https://cdn2.suno.ai/image_dde777ab-5bd2-4d6c-a54f-be18aba32d08.jpeg
2026-08-15 09:14:30 WARNING HTTP 403 on attempt 4 for https://cdn2.suno.ai/image_dde777ab-5bd2-4d6c-a54f-be18aba32d08.jpeg
2026-08-15 09:14:47 ERROR FAIL id=dde777ab-5bd2-4d6c-a54f-be18aba32d08 detail=Gave up after 4 retries: unknown url=https://cdn2.suno.ai/image_dde777ab-5bd2-4d6c-a54f-be18aba32d08.jpeg
2026-08-15 09:14:47 WARNING HTTP 403 on attempt 1 for https://cdn2.suno.ai/image_11d1c786-9828-42bc-8556-1c6de1b8721b.jpeg
2026-08-15 09:14:49 WARNING HTTP 403 on attempt 2 for https://cdn2.suno.ai/image_11d1c786-9828-42bc-8556-1c6de1b8721b.jpeg
2026-08-15 09:14:53 WARNING HTTP 403 on attempt 3 for https://cdn2.suno.ai/image_11d1c786-9828-42bc-8556-1c6de1b8721b.jpeg
2026-08-15 09:15:01 WARNING HTTP 403 on attempt 4 for https://cdn2.suno.ai/image_11d1c786-9828-42bc-8556-1c6de1b8721b.jpeg
2026-08-15 09:15:17 ERROR FAIL id=11d1c786-9828-42bc-8556-1c6de1b8721b detail=Gave up after 4 retries: unknown url=https://cdn2.suno.ai/image_11d1c786-9828-42bc-8556-1c6de1b8721b.jpeg
2026-08-15 09:15:17 INFO OK id=77850ed7-d56d-44a7-8fa3-91dd2cb62b23 file=saudade-in-motion_77850ed7_Saudade_in_Motion.jpeg size=8593
2026-08-15 09:15:17 INFO OK id=02c49ca4-8f44-4e9b-98b9-c1ec2715d4ee file=stone-and-static_02c49ca4_Stone_and_Static.jpeg size=11659
2026-08-15 09:15:17 INFO OK id=a216bc7b-8b98-4643-b9f6-52e73c8c223d file=reminisce_a216bc7b_Reminisce.jpeg size=10088
2026-08-15 09:15:17 INFO OK id=f18cb1e6-9211-410a-97c9-b7402e6f0e9d file=reminisce_f18cb1e6_Reminisce.jpeg size=8806
2026-08-15 09:15:18 WARNING HTTP 403 on attempt 1 for https://cdn2.suno.ai/image_fd5f4b67-c994-4fd9-ab14-ffee0bc0cb97.jpeg
2026-08-15 09:15:20 WARNING HTTP 403 on attempt 2 for https://cdn2.suno.ai/image_fd5f4b67-c994-4fd9-ab14-ffee0bc0cb97.jpeg
2026-08-15 09:15:24 WARNING HTTP 403 on attempt 3 for https://cdn2.suno.ai/image_fd5f4b67-c994-4fd9-ab14-ffee0bc0cb97.jpeg
2026-08-15 09:15:32 WARNING HTTP 403 on attempt 4 for https://cdn2.suno.ai/image_fd5f4b67-c994-4fd9-ab14-ffee0bc0cb97.jpeg
2026-08-15 09:15:48 ERROR FAIL id=fd5f4b67-c994-4fd9-ab14-ffee0bc0cb97 detail=Gave up after 4 retries: unknown url=https://cdn2.suno.ai/image_fd5f4b67-c994-4fd9-ab14-ffee0bc0cb97.jpeg
2026-08-15 09:15:48 WARNING HTTP 403 on attempt 1 for https://cdn2.suno.ai/image_056ed95d-2ab3-4e9f-8cca-338b49d86d9e.jpeg
2026-08-15 09:15:50 WARNING HTTP 403 on attempt 2 for https://cdn2.suno.ai/image_056ed95d-2ab3-4e9f-8cca-338b49d86d9e.jpeg
2026-08-15 09:15:55 WARNING HTTP 403 on attempt 3 for https://cdn2.suno.ai/image_056ed95d-2ab3-4e9f-8cca-338b49d86d9e.jpeg
2026-08-15 09:16:03 WARNING HTTP 403 on attempt 4 for https://cdn2.suno.ai/image_056ed95d-2ab3-4e9f-8cca-338b49d86d9e.jpeg
2026-08-15 09:16:19 ERROR FAIL id=056ed95d-2ab3-4e9f-8cca-338b49d86d9e detail=Gave up after 4 retries: unknown url=https://cdn2.suno.ai/image_056ed95d-2ab3-4e9f-8cca-338b49d86d9e.jpeg
2026-08-15 09:16:19 INFO OK id=d2d3ca88-4aab-4e11-bfec-cbd17b63d01b file=un-gorrion-en-mi-ventana_d2d3ca88_Un_gorriÃ³n_en_mi_ventana_.jpeg size=7734
2026-08-15 09:16:19 INFO OK id=3b27fc97-ac67-4bfb-936b-488efa2fa008 file=untitled_3b27fc97_untitled.jpeg size=9389
2026-08-15 09:16:19 INFO OK id=b302fbff-49b8-4ab2-b994-5d3b32d7ff12 file=untitled_b302fbff_untitled.jpeg size=13392
2026-08-15 09:16:19 INFO OK id=8a7c2be3-3ece-4d1c-9277-fe862618639e file=guerra-fria-en-la-mesa-4_8a7c2be3_Guerra_FrÃ­a_en_la_Mesa_4.jpeg size=11883
2026-08-15 09:16:19 INFO OK id=fc3eee66-7628-4dd6-a541-8f2488802803 file=dunas-de-silicio_fc3eee66_Dunas_de_Silicio.jpeg size=6191
2026-08-15 09:16:19 INFO OK id=61ecb6e2-7de2-469a-bbf5-f86a296263ae file=dunas-de-silicio_61ecb6e2_Dunas_de_Silicio.jpeg size=7329
2026-08-15 09:16:19 INFO OK id=0105cc98-7d72-4f68-a63d-df1e2b81835e file=cromatismo_0105cc98_Cromatismo.jpeg size=6850
2026-08-15 09:16:19 INFO OK id=969b5a4f-168f-4a56-88bf-4a4589a98ebd file=cromatismo_969b5a4f_Cromatismo.jpeg size=6535
2026-08-15 09:16:19 INFO OK id=5321e202-052a-4137-8599-910895c4932d file=choral-echoes_5321e202_Choral_Echoes.jpeg size=6868
2026-08-15 09:16:19 INFO OK id=1c36bfe2-5739-4b3e-9917-43b9e9fd89c9 file=choral-echoes_1c36bfe2_Choral_Echoes.jpeg size=8717
2026-08-15 09:16:19 INFO OK id=5e925e7d-bec3-4c75-b123-79c5d403bf77 file=el-burro-flautista_5e925e7d_El_burro_flautista.jpeg size=15728
2026-08-15 09:16:19 INFO OK id=f4dc828f-425e-4200-81da-284dbc157acd file=el-burro-flautista_f4dc828f_El_burro_flautista.jpeg size=14823
2026-08-15 09:16:20 INFO OK id=79dee93c-68b5-4e42-968c-86e7b33f200f file=eco-de-los-pies-descalzos_79dee93c_Eco_de_los_pies_descalzos.jpeg size=12953
2026-08-15 09:16:20 INFO OK id=ebf33c7c-9e78-4b4e-b53b-7ed3ca3d75d6 file=velvet-balkan-groove_ebf33c7c_Velvet_Balkan_Groove.jpeg size=10338
2026-08-15 09:16:20 INFO OK id=b0ba83a3-f292-40ea-a581-14fb45a720cc file=velvet-balkan-groove_b0ba83a3_Velvet_Balkan_Groove.jpeg size=9985
2026-08-15 09:16:20 INFO OK id=20ce0ec5-38cf-4dca-a560-815643460974 file=velvet-caravan_20ce0ec5_Velvet_Caravan.jpeg size=11215
2026-08-15 09:16:20 INFO OK id=4f581af1-faa1-497c-8a44-a25e9106e775 file=velvet-caravan_4f581af1_Velvet_Caravan.jpeg size=9931
2026-08-15 09:16:20 INFO OK id=d1e8f3b7-430c-4fa3-bb2f-5e95a5d3232e file=velvet-breeze-over-skopje_d1e8f3b7_Velvet_Breeze_Over_Skopje.jpeg size=9248
2026-08-15 09:16:20 INFO OK id=f02a9b9f-9808-420e-89fe-c9947387fbf0 file=velvet-breeze-over-skopje_f02a9b9f_Velvet_Breeze_Over_Skopje.jpeg size=14679
2026-08-15 09:16:20 WARNING HTTP 403 on attempt 1 for https://cdn2.suno.ai/image_b8e331d4-2310-43c2-bcf8-73e933ac3d20.jpeg
2026-08-15 09:16:22 WARNING HTTP 403 on attempt 2 for https://cdn2.suno.ai/image_b8e331d4-2310-43c2-bcf8-73e933ac3d20.jpeg
2026-08-15 09:16:26 WARNING HTTP 403 on attempt 3 for https://cdn2.suno.ai/image_b8e331d4-2310-43c2-bcf8-73e933ac3d20.jpeg
2026-08-15 09:16:35 WARNING HTTP 403 on attempt 4 for https://cdn2.suno.ai/image_b8e331d4-2310-43c2-bcf8-73e933ac3d20.jpeg
2026-08-15 09:16:51 ERROR FAIL id=b8e331d4-2310-43c2-bcf8-73e933ac3d20 detail=Gave up after 4 retries: unknown url=https://cdn2.suno.ai/image_b8e331d4-2310-43c2-bcf8-73e933ac3d20.jpeg
2026-08-15 09:16:51 WARNING HTTP 403 on attempt 1 for https://cdn2.suno.ai/image_861bddd5-5990-4fa8-ba17-05a4aed0426c.jpeg
2026-08-15 09:16:53 WARNING HTTP 403 on attempt 2 for https://cdn2.suno.ai/image_861bddd5-5990-4fa8-ba17-05a4aed0426c.jpeg
2026-08-15 09:16:57 WARNING HTTP 403 on attempt 3 for https://cdn2.suno.ai/image_861bddd5-5990-4fa8-ba17-05a4aed0426c.jpeg
2026-08-15 09:17:05 WARNING HTTP 403 on attempt 4 for https://cdn2.suno.ai/image_861bddd5-5990-4fa8-ba17-05a4aed0426c.jpeg
2026-08-15 09:17:21 ERROR FAIL id=861bddd5-5990-4fa8-ba17-05a4aed0426c detail=Gave up after 4 retries: unknown url=https://cdn2.suno.ai/image_861bddd5-5990-4fa8-ba17-05a4aed0426c.jpeg
2026-08-15 09:17:21 INFO OK id=8bb5e48e-cdc7-419d-b944-519a6e9fe466 file=velvet-flutes-in-skopje_8bb5e48e_Velvet_Flutes_in_Skopje.jpeg size=9664
2026-08-15 09:17:21 INFO OK id=833a91ba-2f1a-4d3c-8ea0-71df5e606659 file=velvet-flutes-in-skopje_833a91ba_Velvet_Flutes_in_Skopje.jpeg size=5326
2026-08-15 09:17:21 INFO OK id=a431642d-9933-47d4-b54b-43ab58a008ad file=velvet-brass-carousel_a431642d_Velvet_Brass_Carousel.jpeg size=14583
2026-08-15 09:17:21 INFO OK id=0bd796af-cf07-4109-8980-701f5f953d07 file=velvet-brass-carousel_0bd796af_Velvet_Brass_Carousel.jpeg size=14369
2026-08-15 09:17:22 INFO OK id=e778b4f3-dfbb-4215-bf2f-d5dc8c9e0e1a file=untitled_e778b4f3_untitled.jpeg size=6670
2026-08-15 09:17:22 INFO OK id=a02962a1-fcf0-45f2-82d6-09fa5360a230 file=untitled_a02962a1_untitled.jpeg size=7999
2026-08-15 09:17:22 INFO OK id=b8ef8719-6fa6-458b-90a3-d4a167c37b31 file=tvo-en-la-tv_b8ef8719_TVO_en_la_TV_.jpeg size=11894
2026-08-15 09:17:22 INFO OK id=59fd6f62-3346-4788-8f76-30970ee2969e file=lovely-instant_59fd6f62_Lovely_instant.jpeg size=12012
2026-08-15 09:17:22 INFO OK id=395a17ae-e6de-415b-a615-596ab4518bd1 file=untitled_395a17ae_untitled.jpeg size=9438
2026-08-15 09:17:22 INFO OK id=b0352e00-2a7d-4037-a672-605e6d5f9062 file=untitled_b0352e00_untitled.jpeg size=7021
2026-08-15 09:17:22 INFO OK id=6f2fb431-1088-449b-8c3f-9612d432c1fb file=untitled_6f2fb431_untitled.jpeg size=8643
2026-08-15 09:17:22 INFO OK id=0a3f193a-827c-492f-9169-2f7306c6d765 file=untitled_0a3f193a_untitled.jpeg size=16684
2026-08-15 09:17:22 INFO OK id=8c7b9b81-de22-467b-8d09-093fc10568f2 file=untitled_8c7b9b81_untitled.jpeg size=13769
2026-08-15 09:17:22 INFO OK id=2027f9a1-4aca-4b23-9387-7785fe8e4be6 file=untitled_2027f9a1_untitled.jpeg size=11971
2026-08-15 09:17:22 INFO OK id=2839d201-c2c5-40ed-b8a0-eb92ef306e19 file=untitled_2839d201_untitled.jpeg size=10479
2026-08-15 09:17:22 INFO OK id=5397b6b4-fbc8-4f4f-a8e8-e5458bf03637 file=untitled_5397b6b4_untitled.jpeg size=13182
2026-08-15 09:17:22 INFO OK id=9d5efa08-09f3-4a19-af23-05d2d96c668b file=untitled_9d5efa08_untitled.jpeg size=17148
2026-08-15 09:17:22 INFO OK id=9428a618-67c1-4ac7-bab3-4979346e609f file=untitled_9428a618_untitled.jpeg size=17895
2026-08-15 09:17:22 INFO OK id=fbdf9d55-5c3e-4698-9f5a-52c2a73aa47e file=untitled_fbdf9d55_untitled.jpeg size=18436
2026-08-15 09:17:22 INFO OK id=e86df17e-7cb2-49bb-88f6-4073f89bcfe4 file=untitled_e86df17e_untitled.jpeg size=23945
2026-08-15 09:17:22 INFO OK id=fd6e41ad-bd5f-4cce-85b9-6ab40018c800 file=untitled_fd6e41ad_untitled.jpeg size=17063
2026-08-15 09:17:22 INFO OK id=45d5ef1f-5bf1-4cea-b54d-d1d7f525cff4 file=mejor-consolidar-en-un-solo-workspace_45d5ef1f_Mejor_consolidar_en_un_solo_workspace.jpeg size=21174
2026-08-15 09:17:22 INFO OK id=61ff13b7-67aa-499f-ac75-a915f7c4e9c7 file=untitled_61ff13b7_untitled.jpeg size=8264
2026-08-15 09:17:23 INFO OK id=e5623f1b-251e-43dd-9d74-17f1f1185652 file=untitled_e5623f1b_untitled.jpeg size=8258
2026-08-15 09:17:23 INFO OK id=2db073f3-f9d0-4342-8b08-bd71930f73d7 file=untitled_2db073f3_untitled.jpeg size=7923
2026-08-15 09:17:23 INFO OK id=52429335-0359-4b6f-8137-5df2f725ba6c file=untitled_52429335_untitled.jpeg size=10773
2026-08-15 09:17:23 INFO OK id=df5c13a1-f3ce-4ee0-9317-56946a90bcc3 file=untitled_df5c13a1_untitled.jpeg size=7197
2026-08-15 09:17:23 INFO OK id=88d7d3d5-5aca-4a99-8900-3b7481f92535 file=untitled_88d7d3d5_untitled.jpeg size=7626
2026-08-15 09:17:23 INFO OK id=65b878df-10c2-4f9c-bbb0-fce54eb7809c file=untitled_65b878df_untitled.jpeg size=7892
2026-08-15 09:17:23 INFO OK id=db0cb081-6c35-439f-b89e-5974b7fae26d file=untitled_db0cb081_untitled.jpeg size=8558
2026-08-15 09:17:23 INFO OK id=19124d1d-a67a-40c2-b8c7-902a4fc19727 file=untitled_19124d1d_untitled.jpeg size=14572
2026-08-15 09:17:23 INFO OK id=bf71719b-4ec8-4669-b22c-3c89cef81a3b file=untitled_bf71719b_untitled.jpeg size=17871
2026-08-15 09:17:23 INFO OK id=19595494-3b91-43ab-86b9-a9260d02db54 file=untitled_19595494_untitled.jpeg size=15283
2026-08-15 09:17:23 INFO OK id=49df7c95-b142-4a14-84c4-75d0b5a1711c file=donde-todo-esta-en-orden_49df7c95_Donde_todo_estÃ¡_en_orden.jpeg size=11143
2026-08-15 09:17:23 INFO OK id=26c8487c-dba7-4d87-abc1-2968a7256c44 file=xxx_26c8487c_xxx.jpeg size=10257
2026-08-15 09:17:23 INFO OK id=c00361c9-b91e-4b75-99d0-027268060ec1 file=xxx_c00361c9_xxx.jpeg size=10647
2026-08-15 09:17:23 INFO OK id=0e88d276-c790-4131-bddf-62144c8610c3 file=xxx_0e88d276_xxx.jpeg size=10618
2026-08-15 09:17:23 INFO OK id=5d7eb927-18ce-4d8c-a357-b6658d0378e5 file=xxx_5d7eb927_xxx.jpeg size=11555
2026-08-15 09:17:23 INFO OK id=5a268997-9e66-4df1-808f-1776183c93a8 file=xxx_5a268997_xxx.jpeg size=7213
2026-08-15 09:17:23 INFO OK id=cd48e514-f261-43d4-8ca0-ae40db25ab61 file=xxx_cd48e514_xxx.jpeg size=6892
2026-08-15 09:17:23 INFO OK id=cfb739c4-3f91-4a1f-8b0d-200bacff4704 file=xxx_cfb739c4_xxx.jpeg size=8272
2026-08-15 09:17:23 INFO OK id=a5820194-70f0-49fd-aad1-e16120976cc3 file=xxx_a5820194_xxx.jpeg size=6194
2026-08-15 09:17:24 INFO OK id=ce959fe6-8b98-48fa-8685-bc56248453fa file=xxx_ce959fe6_xxx.jpeg size=8230
2026-08-15 09:17:24 INFO OK id=83c37445-a062-469c-a476-f3f4e7520d4c file=xxx_83c37445_xxx.jpeg size=10364
2026-08-15 09:17:24 INFO OK id=13b5ae4c-6a31-4744-8e74-2ac208846ba5 file=copilotea_13b5ae4c_Copilotea.jpeg size=15222
2026-08-15 09:17:24 INFO OK id=ac09a8b5-81ce-40f4-84ec-0fd5a2517b88 file=underwater_ac09a8b5_Underwater.jpeg size=14104
2026-08-15 09:17:24 INFO OK id=12053e77-5f36-44b7-a457-676f3e5967ba file=mambo-mango_12053e77_Mambo_Mango.jpeg size=11546
2026-08-15 09:17:24 INFO OK id=b1c221d9-f710-4131-a09c-8558de9dd965 file=remanso-de-paz_b1c221d9_Remanso_de_paz.jpeg size=11398
2026-08-15 09:17:24 INFO OK id=8e492160-50af-49af-8c0a-456658bdb7f6 file=xipxap_8e492160_Xipxap.jpeg size=7633
2026-08-15 09:17:24 INFO OK id=50d0db35-8ea0-4141-96ce-528f2d7c0ca4 file=eternal-singularity_50d0db35_Eternal_Singularity.jpeg size=7350
2026-08-15 09:17:24 INFO OK id=6492526a-d57c-4aff-811c-0be67dd785a3 file=metropoli-afro-house-cover-remix_6492526a_metropoli_(Afro_house)_(Cover)_(Remix).jpeg size=9393
2026-08-15 09:17:24 INFO OK id=c6995e41-561e-4ada-a92c-62fd2ae557f5 file=metropoli-afro-house-cover_c6995e41_metropoli_(Afro_house)_(Cover).jpeg size=7911
2026-08-15 09:17:24 INFO OK id=1e8e94b1-d4e6-4870-a11f-9e9de0b3d644 file=metropoli-afro-house-cover_1e8e94b1_metropoli_(Afro_house)_(Cover).jpeg size=9421
2026-08-15 09:17:24 INFO OK id=081bdf85-6acd-45a9-9354-61a9c06f5976 file=untitled_081bdf85_untitled.jpeg size=5510
2026-08-15 09:17:24 INFO OK id=51f6516c-3521-4aba-86c9-c576f8347c80 file=untitled_51f6516c_untitled.jpeg size=6568
2026-08-15 09:17:24 INFO OK id=2016a7ec-7719-495a-a658-eca36e28a6d9 file=metropoli-afro-house-cover_2016a7ec_metropoli_(Afro_house)_(Cover).jpeg size=5548
2026-08-15 09:17:24 INFO OK id=101cbb7a-8fa2-48c6-a2c3-897e1b299b93 file=metropoli-afro-house-cover_101cbb7a_metropoli_(Afro_house)_(Cover).jpeg size=6609
2026-08-15 09:17:24 INFO OK id=2e01ff94-1aae-4a8e-9345-326ce0401e1d file=scattertongue-serenade_2e01ff94_Scattertongue_Serenade.jpeg size=16394
2026-08-15 09:17:24 INFO OK id=33ab8203-50d3-4077-b93c-243930cf8c1c file=scattertongue-serenade_33ab8203_Scattertongue_Serenade.jpeg size=13315
2026-08-15 09:17:24 INFO OK id=ff2e104c-5726-489e-b136-fb21f25cd02f file=dorian-frente-al-cuadro_ff2e104c_Dorian_frente_al_cuadro.jpeg size=12425
2026-08-15 09:17:24 INFO OK id=d0d92528-28c6-4d4a-998b-5d6a319c0388 file=dorian-frente-al-cuadro_d0d92528_Dorian_frente_al_cuadro.jpeg size=14850
2026-08-15 09:17:24 INFO OK id=6802cc7f-bdee-4c5a-b5ec-14a35f855833 file=dorian-frente-al-cuadro_6802cc7f_Dorian_frente_al_cuadro.jpeg size=10568
2026-08-15 09:17:25 INFO OK id=c0eaa16b-750e-4efb-9d10-f651be7589a9 file=dorian-frente-al-cuadro_c0eaa16b_Dorian_frente_al_cuadro.jpeg size=11035
2026-08-15 09:17:25 INFO OK id=4540b736-6ec0-482c-866d-47a4c198779a file=mama-si-vuelvo-a-verte_4540b736_MamÃ¡,_si_vuelvo_a_verte.jpeg size=10605
2026-08-15 09:17:25 INFO OK id=b48fe2ea-06ac-4a6e-99e5-b0a5f5150063 file=copilotea_b48fe2ea_Copilotea_.jpeg size=48239
2026-08-15 09:17:25 INFO OK id=7d590f40-1882-40d7-a950-fa88860b4bc7 file=untitled_7d590f40_untitled.jpeg size=12027
2026-08-15 09:17:25 INFO OK id=64213307-4456-47f2-adb3-2f83005f1175 file=dorian-frente-al-cuadro_64213307_Dorian_frente_al_cuadro.jpeg size=13893
2026-08-15 09:17:25 INFO OK id=2e8c3e16-7a01-4ba4-959e-66c47a2a3367 file=dorian-frente-al-cuadro_2e8c3e16_Dorian_frente_al_cuadro.jpeg size=10943
2026-08-15 09:17:25 INFO OK id=ef13a4e1-0320-4a32-9960-b5cd20855441 file=invencible_ef13a4e1_Invencible.jpeg size=9011
2026-08-15 09:17:25 INFO OK id=19bdc87a-d7ab-4f96-aa86-c91ed387ac5a file=invencible_19bdc87a_Invencible.jpeg size=6200
2026-08-15 09:17:25 INFO OK id=1e6e101a-0ef0-4773-8e1b-35c13308a187 file=invencible_1e6e101a_Invencible.jpeg size=9065
2026-08-15 09:17:25 INFO OK id=f23b3c01-f92c-4714-bed3-8abe0a0d4679 file=invencible_f23b3c01_Invencible.jpeg size=13806
2026-08-15 09:17:25 INFO OK id=18234db7-becc-420e-9c25-f16a2b261b36 file=postal-de-varadero_18234db7_Postal_de_Varadero.jpeg size=9041
2026-08-15 09:17:25 INFO OK id=b5aa25ef-dc24-44dc-8b41-039e26190fb1 file=postal-de-varadero_b5aa25ef_Postal_de_Varadero.jpeg size=8397
2026-08-15 09:17:25 INFO OK id=98838901-d3e3-4188-9a1a-68dac16286db file=replace-02-28-02-29-06-45-pm-feb-14_98838901_Replace_0228-0229_(0645_PM_Feb_14).jpeg size=5958
2026-08-15 09:17:25 INFO OK id=32ec4a3c-c505-4da4-837f-46d20d05c139 file=replace-02-28-02-29-06-45-pm-feb-14_32ec4a3c_Replace_0228-0229_(0645_PM_Feb_14).jpeg size=6557
2026-08-15 09:17:25 INFO OK id=369a4d49-3696-4b70-9b03-56c63fa8d10e file=replace-02-28-02-29-06-45-pm-feb-14_369a4d49_Replace_0228-0229_(0645_PM_Feb_14).jpeg size=5046
2026-08-15 09:17:25 INFO OK id=167363e8-4572-4612-9618-76dd708865a9 file=replace-02-28-02-29-06-45-pm-feb-14_167363e8_Replace_0228-0229_(0645_PM_Feb_14).jpeg size=5730
2026-08-15 09:17:25 INFO OK id=efb11eef-9b5e-4bbb-873a-15c7adfcafce file=replace-02-28-02-29-06-45-pm-feb-14_efb11eef_Replace_0228-0229_(0645_PM_Feb_14).jpeg size=6518
2026-08-15 09:17:25 INFO OK id=cbe5216e-c3e7-4f3d-9e58-e92b4f70281e file=replace-02-28-02-29-06-45-pm-feb-14_cbe5216e_Replace_0228-0229_(0645_PM_Feb_14).jpeg size=8899
2026-08-15 09:17:25 INFO OK id=ae3d4afd-1826-4380-99d7-222c88e6f613 file=replace-02-28-02-29-06-45-pm-feb-14_ae3d4afd_Replace_0228-0229_(0645_PM_Feb_14).jpeg size=7042
2026-08-15 09:17:25 INFO OK id=15c1193a-fec9-4ccb-963e-e9548b8c6f5b file=replace-02-28-02-29-06-45-pm-feb-14_15c1193a_Replace_0228-0229_(0645_PM_Feb_14).jpeg size=5042
2026-08-15 09:17:26 INFO OK id=171efe92-84b1-46ce-9a6a-3282e02b59a1 file=que-hago-con-estas-palabras_171efe92_QuÃ©_hago_con_estas_palabras.jpeg size=13339
2026-08-15 09:17:26 INFO OK id=3a55bf53-5bd0-4a81-8885-1b7972a821db file=pixel-hearts-reboot_3a55bf53_Pixel_Hearts_Reboot.jpeg size=15295
2026-08-15 09:17:26 INFO OK id=ad9f1049-92d7-4dfa-9749-0f4f6890df52 file=pixel-hearts-reboot_ad9f1049_Pixel_Hearts_Reboot.jpeg size=13105
2026-08-15 09:17:26 INFO OK id=658558f3-c800-4aa4-9819-18c90444e217 file=huellas-en-el-tiempo_658558f3_Huellas_en_el_tiempo.jpeg size=7747
2026-08-15 09:17:26 INFO OK id=22434069-2f6c-4341-8734-9125e0ed9b62 file=outrage_22434069_Outrage.jpeg size=11370
2026-08-15 09:17:26 INFO OK id=f77a5512-fe87-405c-8c17-d37e064fcae9 file=uplifting-breath_f77a5512_Uplifting_breath.jpeg size=13515
2026-08-15 09:17:26 WARNING HTTP 403 on attempt 1 for https://cdn2.suno.ai/image_fcbe5507-1ebd-4ec3-955c-28e5c99b5891.jpeg
2026-08-15 09:17:28 WARNING HTTP 403 on attempt 2 for https://cdn2.suno.ai/image_fcbe5507-1ebd-4ec3-955c-28e5c99b5891.jpeg
2026-08-15 09:17:32 WARNING HTTP 403 on attempt 3 for https://cdn2.suno.ai/image_fcbe5507-1ebd-4ec3-955c-28e5c99b5891.jpeg
2026-08-15 09:17:40 WARNING HTTP 403 on attempt 4 for https://cdn2.suno.ai/image_fcbe5507-1ebd-4ec3-955c-28e5c99b5891.jpeg
2026-08-15 09:17:56 ERROR FAIL id=fcbe5507-1ebd-4ec3-955c-28e5c99b5891 detail=Gave up after 4 retries: unknown url=https://cdn2.suno.ai/image_fcbe5507-1ebd-4ec3-955c-28e5c99b5891.jpeg
2026-08-15 09:17:57 WARNING HTTP 403 on attempt 1 for https://cdn2.suno.ai/image_2b7aee77-524c-400c-b965-e96059892bf7.jpeg
2026-08-15 09:17:59 WARNING HTTP 403 on attempt 2 for https://cdn2.suno.ai/image_2b7aee77-524c-400c-b965-e96059892bf7.jpeg
2026-08-15 09:18:03 WARNING HTTP 403 on attempt 3 for https://cdn2.suno.ai/image_2b7aee77-524c-400c-b965-e96059892bf7.jpeg
2026-08-15 09:18:11 WARNING HTTP 403 on attempt 4 for https://cdn2.suno.ai/image_2b7aee77-524c-400c-b965-e96059892bf7.jpeg
2026-08-15 09:18:27 ERROR FAIL id=2b7aee77-524c-400c-b965-e96059892bf7 detail=Gave up after 4 retries: unknown url=https://cdn2.suno.ai/image_2b7aee77-524c-400c-b965-e96059892bf7.jpeg
2026-08-15 09:18:27 INFO OK id=004fdfa3-2627-4cd7-8148-76e0d9c21718 file=untitled_004fdfa3_untitled.jpeg size=25128
2026-08-15 09:18:27 INFO OK id=3d56211d-3c4e-401a-8125-8f9d13bcf079 file=untitled_3d56211d_untitled.jpeg size=19100
2026-08-15 09:18:27 INFO OK id=2e9b9ad9-f8ec-4b78-ba27-cf70c937bf0a file=untitled_2e9b9ad9_untitled.jpeg size=18046
2026-08-15 09:18:28 INFO OK id=bf0b1685-5f71-48c0-b0b0-9a86258b88ea file=la-contradiccion-de-nuestra-voz_bf0b1685_La_contradicciÃ³n_de_nuestra_voz_.jpeg size=6583
2026-08-15 09:18:28 INFO OK id=25678fac-f75b-49e8-bd76-6fa7fe0205f5 file=la-ciudad-de-la-lluvia-luminosa_25678fac_La_ciudad_de_la_lluvia_luminosa.jpeg size=14158
2026-08-15 09:18:28 INFO OK id=6bca2a1e-82c7-4bb8-8214-50fefd96dca4 file=verde-que-te-quiero-verde_6bca2a1e_Verde_que_te_quiero_verde.jpeg size=7029
2026-08-15 09:18:28 INFO OK id=f91ab42f-8a1a-4542-8fcb-8064078ca3f4 file=romance-de-la-luna-llena_f91ab42f_Romance_de_la_luna_llena.jpeg size=9576
2026-08-15 09:18:28 INFO OK id=90fc007c-0716-43ae-ad2a-f7d3a9cb8cc0 file=el-burro-flautista_90fc007c_El_burro_flautista.jpeg size=7675
2026-08-15 09:18:28 INFO OK id=60fb93cd-41be-4d77-8b01-60ef38c66675 file=volveran-las-oscuras-golondrinas_60fb93cd_VolverÃ¡n_las_oscuras_golondrinas.jpeg size=10039
2026-08-15 09:18:28 INFO OK id=8d1db80e-cf5e-456c-a3c2-14dc0621d00d file=hail-fenix_8d1db80e_Hail_FÃ©nix.jpeg size=12740
2026-08-15 09:18:28 INFO OK id=db7589ed-de01-438d-a545-857436697e27 file=hail-fenix_db7589ed_Hail_FÃ©nix.jpeg size=11918
2026-08-15 09:18:28 INFO OK id=214f6e59-98cd-4bdd-b52c-a1e99c5e4cef file=hail-fenix_214f6e59_Hail_FÃ©nix.jpeg size=16216
2026-08-15 09:18:28 WARNING HTTP 403 on attempt 1 for https://cdn2.suno.ai/image_8931ee1a-2d8c-420f-ab81-dea30aa8d363.jpeg
2026-08-15 09:18:30 WARNING HTTP 403 on attempt 2 for https://cdn2.suno.ai/image_8931ee1a-2d8c-420f-ab81-dea30aa8d363.jpeg
2026-08-15 09:18:35 WARNING HTTP 403 on attempt 3 for https://cdn2.suno.ai/image_8931ee1a-2d8c-420f-ab81-dea30aa8d363.jpeg
2026-08-15 09:18:43 WARNING HTTP 403 on attempt 4 for https://cdn2.suno.ai/image_8931ee1a-2d8c-420f-ab81-dea30aa8d363.jpeg
2026-08-15 09:18:59 ERROR FAIL id=8931ee1a-2d8c-420f-ab81-dea30aa8d363 detail=Gave up after 4 retries: unknown url=https://cdn2.suno.ai/image_8931ee1a-2d8c-420f-ab81-dea30aa8d363.jpeg
2026-08-15 09:18:59 WARNING HTTP 403 on attempt 1 for https://cdn2.suno.ai/image_fb13fb97-1ba7-408c-9149-7deb928dc661.jpeg
2026-08-15 09:19:01 WARNING HTTP 403 on attempt 2 for https://cdn2.suno.ai/image_fb13fb97-1ba7-408c-9149-7deb928dc661.jpeg
2026-08-15 09:19:05 WARNING HTTP 403 on attempt 3 for https://cdn2.suno.ai/image_fb13fb97-1ba7-408c-9149-7deb928dc661.jpeg
2026-08-15 09:19:13 WARNING HTTP 403 on attempt 4 for https://cdn2.suno.ai/image_fb13fb97-1ba7-408c-9149-7deb928dc661.jpeg
2026-08-15 09:19:29 ERROR FAIL id=fb13fb97-1ba7-408c-9149-7deb928dc661 detail=Gave up after 4 retries: unknown url=https://cdn2.suno.ai/image_fb13fb97-1ba7-408c-9149-7deb928dc661.jpeg
2026-08-15 09:19:30 INFO OK id=d723d873-4370-4a23-824a-8a72e0a92d6d file=buscando-la-paz_d723d873_Buscando_la_paz.jpeg size=10813
2026-08-15 09:19:30 INFO OK id=60439b75-ef4a-40a0-b51b-2e66b0d865a1 file=awakening_60439b75_Awakening_.jpeg size=11894
2026-08-15 09:19:30 INFO OK id=dfa6df9f-dea1-4214-a928-27f1206d1d3f file=awakening_dfa6df9f_Awakening_.jpeg size=11681
2026-08-15 09:19:30 INFO OK id=4c463f3d-5afb-423c-81cf-6b7a1d59d16b file=hazlo-si-te-atreves_4c463f3d_Hazlo_si_te_atreves.jpeg size=9232
2026-08-15 09:19:30 INFO OK id=9535b1b2-f931-49a0-9cd0-a6a9bc1a37fd file=buenos-dias-medianoche_9535b1b2_Buenos_dÃ­as,_medianoche.jpeg size=25881
2026-08-15 09:19:30 INFO OK id=2e3444b3-5d4b-48df-8007-91fcd13e1144 file=corriendo-tras-el-tren_2e3444b3_Corriendo_tras_el_tren.jpeg size=13926
2026-08-15 09:19:30 INFO OK id=7d641f9f-cb3d-449b-9bd8-5af126adf553 file=quien-sabe-si-llovera_7d641f9f_QuiÃ©n_sabe_si_lloverÃ¡.jpeg size=7435
2026-08-15 09:19:30 INFO OK id=785056be-4160-420f-a386-1e544350b53b file=quedate-aqui_785056be_QuÃ©date_aquÃ­.jpeg size=9221
2026-08-15 09:19:30 INFO OK id=3668a6cf-ce99-4960-baf4-54a1f3b269b4 file=me-sigo-bailando_3668a6cf_Me_sigo_bailando.jpeg size=9983
2026-08-15 09:19:30 INFO OK id=d28fc595-abc4-420f-a748-41d1a176976f file=sus-versos-son-joyas_d28fc595_Sus_versos_son_joyas.jpeg size=10877
2026-08-15 09:19:30 INFO OK id=867f9b10-82b8-4696-8dc6-407922802c99 file=encuentro-de-fugitivos_867f9b10_Encuentro_de_fugitivos.jpeg size=267365
2026-08-15 09:19:31 WARNING HTTP 403 on attempt 1 for https://cdn2.suno.ai/image_a706e966-d591-4ff6-8d8a-9f42db56da09.jpeg
2026-08-15 09:19:33 WARNING HTTP 403 on attempt 2 for https://cdn2.suno.ai/image_a706e966-d591-4ff6-8d8a-9f42db56da09.jpeg
2026-08-15 09:19:37 WARNING HTTP 403 on attempt 3 for https://cdn2.suno.ai/image_a706e966-d591-4ff6-8d8a-9f42db56da09.jpeg
2026-08-15 09:19:45 WARNING HTTP 403 on attempt 4 for https://cdn2.suno.ai/image_a706e966-d591-4ff6-8d8a-9f42db56da09.jpeg
2026-08-15 09:20:01 ERROR FAIL id=a706e966-d591-4ff6-8d8a-9f42db56da09 detail=Gave up after 4 retries: unknown url=https://cdn2.suno.ai/image_a706e966-d591-4ff6-8d8a-9f42db56da09.jpeg
2026-08-15 09:20:01 INFO OK id=035c1891-784b-4494-a192-b41e1a5f485d file=el-amante-y-la-muerte_035c1891_El_amante_y_la_muerte_.jpeg size=7190
2026-08-15 09:20:01 INFO OK id=5eb51514-ae5a-4b50-9ad0-ecb8b7a4bb41 file=ladrido-de-humanidad_5eb51514_Ladrido_de_humanidad.jpeg size=11914
2026-08-15 09:20:01 INFO OK id=9efcf79d-be2b-4d20-8a5f-c57450adde04 file=nieve-en-paris_9efcf79d_Nieve_en_ParÃ­s.jpeg size=11096
2026-08-15 09:20:01 INFO OK id=dd38d51f-bd38-460c-9a1b-863baec33d9b file=nunca-tuve-tanto-frio_dd38d51f_Nunca_tuve_tanto_frÃ­o.jpeg size=11680
2026-08-15 09:20:01 INFO OK id=b4ef9e24-4b98-42a7-9bb4-8d2f7af7b045 file=diciembre-es-una-imagen_b4ef9e24_Diciembre_es_una_imagen.jpeg size=11488
2026-08-15 09:20:02 INFO OK id=2cf54b2c-3563-4955-8169-611d425667e2 file=29-7s-grabacion-3-feb-19-15_2cf54b2c_29.7s_GrabaciÃ³n_(3_feb_@_1915).jpeg size=12061
2026-08-15 09:20:02 INFO OK id=5e0db07f-9993-4c3a-849d-3f84095d11c9 file=rise-like-thunder_5e0db07f_Rise_Like_Thunder.jpeg size=13028
2026-08-15 09:20:02 INFO OK id=f37da2d0-d065-4b61-b2a7-1f13d2796ecb file=rise-like-thunder_f37da2d0_Rise_Like_Thunder.jpeg size=11448
2026-08-15 09:20:02 INFO OK id=f10311a8-a117-4d96-95ef-aaa67bb01d67 file=romance-de-aire-y-luna_f10311a8_Romance_de_Aire_y_Luna.jpeg size=8785
2026-08-15 09:20:02 INFO OK id=f753733a-8ccb-49d9-a4cf-e6b95ce50f5b file=romance-de-aire-y-luna_f753733a_Romance_de_Aire_y_Luna.jpeg size=10301
2026-08-15 09:20:02 INFO OK id=41125e91-f907-425d-81cd-c7297e51b1d9 file=romero-en-la-ventana_41125e91_Romero_en_la_Ventana.jpeg size=9775
2026-08-15 09:20:02 INFO OK id=6dd06736-8cb3-40e7-af30-7cfdc1c829eb file=romero-en-la-ventana_6dd06736_Romero_en_la_Ventana.jpeg size=7394
2026-08-15 09:20:02 INFO OK id=fe1bea20-dc75-4449-995c-ad45c99e7c11 file=brindis-en-el-fiordo_fe1bea20_Brindis_en_el_Fiordo.jpeg size=11787
2026-08-15 09:20:02 INFO OK id=81d35802-e183-4b8e-8597-4c4202e16d66 file=brindis-en-el-fiordo_81d35802_Brindis_en_el_Fiordo.jpeg size=9678
2026-08-15 09:20:02 INFO OK id=72faa644-f45a-4a4b-b238-eaa6f8712499 file=brindis-en-el-prado_72faa644_Brindis_en_el_Prado.jpeg size=7930
2026-08-15 09:20:02 INFO OK id=75db4b1e-c275-4f0d-9520-d512f9bae088 file=brindis-en-el-prado_75db4b1e_Brindis_en_el_Prado.jpeg size=8119
2026-08-15 09:20:03 INFO OK id=dfe52eb3-26a1-4e90-8d6a-298fe5240a17 file=brisa-sobre-el-valle_dfe52eb3_Brisa_Sobre_El_Valle.jpeg size=9330
2026-08-15 09:20:03 INFO OK id=9fa3182a-a3eb-46d9-9078-7d2c3607918c file=brisa-sobre-el-valle_9fa3182a_Brisa_Sobre_El_Valle.jpeg size=8088
2026-08-15 09:20:03 INFO OK id=235aa114-a863-48ac-a8a1-396b9014ee2d file=brindis-en-la-pradera_235aa114_Brindis_En_La_Pradera.jpeg size=10089
2026-08-15 09:20:03 INFO OK id=3c05ee89-c64b-4ed5-9f13-3033cd8f7a94 file=brindis-en-la-pradera_3c05ee89_Brindis_En_La_Pradera.jpeg size=13433
2026-08-15 09:20:03 INFO OK id=66615455-a7f4-438a-a68c-9a3e8c7b79c1 file=brisa-sobre-los-canales_66615455_Brisa_Sobre_Los_Canales.jpeg size=13554
2026-08-15 09:20:03 INFO OK id=8bd17dd3-6710-4509-bf21-f8728b3d9b34 file=brisa-sobre-los-canales_8bd17dd3_Brisa_Sobre_Los_Canales.jpeg size=11053
2026-08-15 09:20:03 INFO OK id=425fcf87-1dca-42f5-b4b9-c280b8948300 file=molino-de-verano_425fcf87_Molino_de_Verano.jpeg size=18189
2026-08-15 09:20:03 INFO OK id=b5bafbc9-094c-42b3-87e7-35e365458252 file=molino-de-verano_b5bafbc9_Molino_de_Verano.jpeg size=17980
2026-08-15 09:20:03 INFO OK id=dea23a2e-88de-4618-9171-34ca12599904 file=brisa-sobre-los-tulipanes_dea23a2e_Brisa_Sobre_Los_Tulipanes.jpeg size=9634
2026-08-15 09:20:03 INFO OK id=595157c0-5aef-42d2-8c61-0a2eece3996d file=brisa-sobre-los-tulipanes_595157c0_Brisa_Sobre_Los_Tulipanes.jpeg size=10478
2026-08-15 09:20:03 INFO OK id=ee32339c-a3d8-4496-a9d5-8cb84f0adea0 file=rio-de-tulipanes_ee32339c_RÃ­o_De_Tulipanes.jpeg size=12028
2026-08-15 09:20:03 INFO OK id=c3ea1d94-0ddc-4e3a-b56f-0b40f428bbb6 file=rio-de-tulipanes_c3ea1d94_RÃ­o_De_Tulipanes.jpeg size=10510
2026-08-15 09:20:03 INFO OK id=8fa3621a-75d5-4c45-a48d-d3015ddfc5b2 file=brisa-sobre-los-canales_8fa3621a_Brisa_Sobre_Los_Canales.jpeg size=14876
2026-08-15 09:20:04 INFO OK id=55f78823-7036-4876-98a9-196a60ca96f6 file=brisa-sobre-los-canales_55f78823_Brisa_Sobre_Los_Canales.jpeg size=14770
2026-08-15 09:20:04 INFO OK id=6be0d861-dcd5-488d-8364-06b6a2e169db file=storm-code_6be0d861_Storm_Code.jpeg size=6324
2026-08-15 09:20:04 INFO OK id=8b77d198-dbe3-4bc2-be38-6bab6e67cb36 file=storm-code_8b77d198_Storm_Code.jpeg size=9613
2026-08-15 09:20:04 INFO OK id=c53f858d-71ee-4668-97d0-52eb850cfb13 file=storm-circuit_c53f858d_Storm_Circuit.jpeg size=6074
2026-08-15 09:20:04 INFO OK id=18fc6166-80b9-4036-9266-97f0519fd597 file=storm-circuit_18fc6166_Storm_Circuit.jpeg size=7171
2026-08-15 09:20:04 INFO OK id=003405bf-e4e8-4596-8320-74eb605821ff file=rutenio_003405bf_Rutenio.jpeg size=64171
2026-08-15 09:20:04 INFO OK id=3e2d0953-fa50-4d8a-be64-191fe504040c file=osmio_3e2d0953_Osmio.jpeg size=47845
2026-08-15 09:20:04 INFO OK id=e86b5b3d-66f6-4a25-8300-e19a6778eca3 file=iridio_e86b5b3d_Iridio.jpeg size=39132
2026-08-15 09:20:04 INFO OK id=6754f5ed-49e7-4770-82e5-d9276672d739 file=indio_6754f5ed_Indio.jpeg size=7407
2026-08-15 09:20:04 INFO OK id=bd636760-ac3a-4d06-8dab-f9e369fa41f9 file=galio_bd636760_Galio.jpeg size=58692
2026-08-15 09:20:04 WARNING HTTP 403 on attempt 1 for https://cdn2.suno.ai/image_98807acc-e0c5-4e38-a687-75112ac7c5de.jpeg
2026-08-15 09:20:07 WARNING HTTP 403 on attempt 2 for https://cdn2.suno.ai/image_98807acc-e0c5-4e38-a687-75112ac7c5de.jpeg
2026-08-15 09:20:11 WARNING HTTP 403 on attempt 3 for https://cdn2.suno.ai/image_98807acc-e0c5-4e38-a687-75112ac7c5de.jpeg
2026-08-15 09:20:19 WARNING HTTP 403 on attempt 4 for https://cdn2.suno.ai/image_98807acc-e0c5-4e38-a687-75112ac7c5de.jpeg
2026-08-15 09:20:35 ERROR FAIL id=98807acc-e0c5-4e38-a687-75112ac7c5de detail=Gave up after 4 retries: unknown url=https://cdn2.suno.ai/image_98807acc-e0c5-4e38-a687-75112ac7c5de.jpeg
2026-08-15 09:20:35 INFO OK id=9e366c42-81ea-43a3-b268-86ae0b99288b file=tantalio_9e366c42_Tantalio.jpeg size=5514
2026-08-15 09:20:35 INFO OK id=6f1bed70-22ae-45b2-9b48-4dbe2a323ebf file=niobio_6f1bed70_Niobio.jpeg size=5219
2026-08-15 09:20:35 INFO OK id=0bcd65a9-1d89-45a9-ac31-ca48842c6128 file=litio_0bcd65a9_Litio.jpeg size=8563
2026-08-15 09:20:35 INFO OK id=6cf22adf-8533-47a0-a73d-5a0f962120b6 file=cobalto_6cf22adf_Cobalto.jpeg size=5861
2026-08-15 09:20:35 INFO OK id=998985b2-b106-4714-85c6-a844b4a68f0e file=escandio_998985b2_Escandio.jpeg size=10249
2026-08-15 09:20:35 INFO OK id=01ba8af9-2590-4eab-b031-177d40237e80 file=itrio_01ba8af9_Itrio.jpeg size=6900
2026-08-15 09:20:36 INFO OK id=0fbffc85-d1e5-40fe-b31b-367971af1a33 file=iterbio_0fbffc85_Iterbio.jpeg size=12466
2026-08-15 09:20:36 INFO OK id=42ad373e-2c05-4a85-9c52-538c8e1b2113 file=lutecio_42ad373e_Lutecio.jpeg size=10479
2026-08-15 09:20:36 INFO OK id=71afd9a8-a69a-47ac-9590-756eac4ea2a6 file=erbio_71afd9a8_Erbio.jpeg size=10912
2026-08-15 09:20:36 INFO OK id=31bafb9e-38d9-4668-b29b-1444b94b1bb7 file=tulio_31bafb9e_Tulio.jpeg size=8735
2026-08-15 09:20:36 INFO OK id=0d2eb8c2-e04e-41e9-b3db-a916f56fb488 file=disprosio_0d2eb8c2_Disprosio.jpeg size=9022
2026-08-15 09:20:36 INFO OK id=1a793924-9216-450a-a993-d289f6809bc4 file=holmio_1a793924_Holmio.jpeg size=13341
2026-08-15 09:20:36 INFO OK id=e797f0d6-2e82-456a-97e3-7a0b35f9379c file=la-cuenta-justa_e797f0d6_La_Cuenta_Justa.jpeg size=9747
2026-08-15 09:20:36 INFO OK id=37b24bca-1e8c-48e2-9c3e-81bf7770e512 file=lantano_37b24bca_Lantano.jpeg size=12336
2026-08-15 09:20:36 INFO OK id=a49883c1-6a5f-4bf0-a548-0aa57e19e416 file=cerio_a49883c1_Cerio.jpeg size=13390
2026-08-15 09:20:36 INFO OK id=1957c90f-ab58-41a5-aaf1-46deb383cf60 file=prometio_1957c90f_Prometio.jpeg size=10983
2026-08-15 09:20:36 INFO OK id=5d0b05c8-0ead-45e9-aa18-a9736ed7ff33 file=europio_5d0b05c8_Europio.jpeg size=12711
2026-08-15 09:20:36 INFO OK id=025360c8-67e9-4e40-b5d2-cba23181a2db file=gadolinio_025360c8_Gadolinio.jpeg size=10431
2026-08-15 09:20:36 INFO OK id=39c98ef7-30ef-4cab-91bd-f2ed42fd577c file=terbio_39c98ef7_Terbio.jpeg size=9975
2026-08-15 09:20:37 INFO OK id=190b54f4-35cc-4b11-90d9-076f473aabb1 file=samario_190b54f4_Samario.jpeg size=11346
2026-08-15 09:20:37 INFO OK id=c26a6cb6-8acd-496d-8553-5b235c344794 file=el-burro-y-el-cesped_c26a6cb6_El_burro_y_el_cÃ©sped.jpeg size=6486
2026-08-15 09:20:37 INFO OK id=6299a72a-8b08-4c96-9186-ec2af014ad79 file=el-monstruo-en-la-luna_6299a72a_El_monstruo_en_la_luna.jpeg size=9899
2026-08-15 09:20:37 INFO OK id=720709e2-aadb-4cf0-b582-b874420bf316 file=la-calabaza_720709e2_La_calabaza.jpeg size=18204
2026-08-15 09:20:37 INFO OK id=14688a97-92db-45af-8edf-62d28960071c file=los-deseos_14688a97_Los_deseos.jpeg size=5538
2026-08-15 09:20:37 INFO OK id=dcd4ddca-bd7e-4f6f-88c2-dc500eaafe49 file=los-deseos_dcd4ddca_Los_deseos.jpeg size=14604
2026-08-15 09:20:37 INFO OK id=93dc06c4-2765-438d-bf70-a55b71a26244 file=los-deseos_93dc06c4_Los_deseos.jpeg size=13323
2026-08-15 09:20:37 INFO OK id=26089c4e-686a-4a39-a520-5c71f50e86eb file=los-deseos_26089c4e_Los_deseos.jpeg size=15011
2026-08-15 09:20:37 INFO OK id=fce26806-de2d-4bf3-a396-08fbd11bda2b file=tres-deseos_fce26806_Tres_deseos.jpeg size=11860
2026-08-15 09:20:37 INFO OK id=b4859ffb-c153-422a-86fa-b306ae5dc77d file=los-deseos_b4859ffb_Los_deseos.jpeg size=9789
2026-08-15 09:20:37 INFO OK id=e3356672-bbe1-4863-b2a6-2c904f1398ec file=donde-el-sol-no-juzga_e3356672_Donde_el_sol_no_juzga.jpeg size=19774
2026-08-15 09:20:37 INFO OK id=00c27e32-cd92-4c6a-a909-f39d7f666536 file=agnes_00c27e32_Agnes.jpeg size=9365
2026-08-15 09:20:38 INFO OK id=58fc843e-ab80-429d-8658-14958b5c2d8c file=palomitas-en-mi-microhondas_58fc843e_Palomitas_en_mi_microhondas.jpeg size=11256
2026-08-15 09:20:38 INFO OK id=2e4c3012-c3e6-411d-bbe2-6f8ac7f80b1f file=ama-mientras-puedas_2e4c3012_Ama_mientras_puedas.jpeg size=8022
2026-08-15 09:20:38 INFO OK id=e47732fd-2967-47c2-8681-7b65221fa630 file=liahona-amor-4-3gpp-3ga-x-el-zorro-en-la-carretera-mashup_e47732fd_Liahona_(amor_4)_.3gpp.3ga_x_El_zorro_en_la_carretera_(Mashup).jpeg size=8452
2026-08-15 09:20:38 INFO OK id=9da7c670-8216-42c3-9a2f-7d6efa3114ab file=liahona-amor-4-3gpp-3ga-x-el-zorro-en-la-carretera-mashup_9da7c670_Liahona_(amor_4)_.3gpp.3ga_x_El_zorro_en_la_carretera_(Mashup).jpeg size=9273
2026-08-15 09:20:38 INFO OK id=3924faa2-0c9a-4c0d-a87c-c2a019ef44ab file=el-zorro-en-la-carretera_3924faa2_El_zorro_en_la_carretera.jpeg size=7009
2026-08-15 09:20:38 INFO OK id=6bb726af-da77-4a47-b59b-7fc4fce1c4e0 file=microwave-moon_6bb726af_Microwave_Moon.jpeg size=5386
2026-08-15 09:20:38 INFO OK id=205a4667-0150-43d1-b765-cdb90cad8194 file=liahona-amor-4-3gpp-3ga_205a4667_Liahona_(amor_4)_.3gpp.3ga.jpeg size=9505
2026-08-15 09:20:38 INFO OK id=bd288695-8828-4ea1-8aff-a40ec085c660 file=92-6s-recording-jan-24-4-09-pm-remastered_bd288695_92.6s_Recording_(Jan_24_@_409_PM)_(Remastered).jpeg size=9142
2026-08-15 09:20:38 INFO OK id=171b7006-f2ce-4b40-affc-c10d24f8c757 file=92-6s-recording-jan-24-4-09-pm-remastered_171b7006_92.6s_Recording_(Jan_24_@_409_PM)_(Remastered).jpeg size=9142
2026-08-15 09:20:38 INFO OK id=8d6df09e-66a9-41ec-acfb-7a45086a0631 file=92-6s-recording-jan-24-4-09-pm_8d6df09e_92.6s_Recording_(Jan_24_@_409_PM).jpeg size=9057
2026-08-15 09:20:38 INFO OK id=93122ef5-af31-44dd-9628-9b5e5c61b411 file=el-desorden-de-corilla_93122ef5_El_Desorden_de_Corilla.jpeg size=16277
2026-08-15 09:20:38 INFO OK id=9d02736f-cf18-487f-b7de-a594c560f13a file=replace-00-18-00-20-09-46-am-jan-24_9d02736f_Replace_0018-0020_(0946_AM_Jan_24).jpeg size=5393
2026-08-15 09:20:38 INFO OK id=0f7b0fed-8692-4d2e-89ba-7ee2b0c91dfe file=replace-00-18-00-20-09-46-am-jan-24_0f7b0fed_Replace_0018-0020_(0946_AM_Jan_24).jpeg size=4980
2026-08-15 09:20:39 INFO OK id=d4ac54b0-694b-4afe-9170-e0689a3423e5 file=replace-00-18-00-20-09-46-am-jan-24_d4ac54b0_Replace_0018-0020_(0946_AM_Jan_24).jpeg size=7549
2026-08-15 09:20:39 INFO OK id=2d351c9b-88c5-491f-9ea2-dd0456155f26 file=replace-00-18-00-20-09-46-am-jan-24_2d351c9b_Replace_0018-0020_(0946_AM_Jan_24).jpeg size=7507
2026-08-15 09:20:39 INFO OK id=9c59a4d0-d8f5-47cd-b781-bcfae68d35f7 file=replace-00-18-00-20-09-46-am-jan-24_9c59a4d0_Replace_0018-0020_(0946_AM_Jan_24).jpeg size=10256
2026-08-15 09:20:39 INFO OK id=c7b5aea6-5507-477f-9966-0b1b8cc4f853 file=replace-00-18-00-20-09-46-am-jan-24_c7b5aea6_Replace_0018-0020_(0946_AM_Jan_24).jpeg size=6128
2026-08-15 09:20:39 INFO OK id=f35869af-5b34-4b37-8b3d-10638efd5061 file=untitled-project-01-01-00-39_f35869af_Untitled_Project_[-01-01_-_0039].jpeg size=8874
2026-08-15 09:20:39 INFO OK id=faa75941-7d07-4835-9b38-97bc5533db8e file=dararap_faa75941_Dararap.jpeg size=6648
2026-08-15 09:20:39 INFO OK id=419a9a21-6166-4487-9a8e-a2408de8a342 file=en-las-orillas-de-un-mundo-invisible_419a9a21_En_las_orillas_de_un_mundo_invisible.jpeg size=7758
2026-08-15 09:20:39 INFO OK id=ef668fb6-9642-445b-804b-81611014ba83 file=32-6s-grabacion-24-ene-08-50_ef668fb6_32.6s_GrabaciÃ³n_(24_ene_@_0850).jpeg size=6996
2026-08-15 09:20:39 INFO OK id=cab0cc50-4ee3-4934-b474-ef459952685f file=every-breath-you-take_cab0cc50_Every_Breath_you_Take.jpeg size=5371
2026-08-15 09:20:39 INFO OK id=0c36662f-2fdf-4067-bebf-894d26c9f60b file=every-breath-you-take_0c36662f_Every_Breath_you_Take.jpeg size=7489
2026-08-15 09:20:39 INFO OK id=26ae1349-7f72-4ffe-be60-83cd13401f7e file=oh-belleza_26ae1349_Oh,_belleza.jpeg size=7509
2026-08-15 09:20:39 INFO OK id=31ddcf11-845a-4a59-9ed0-a8d5f16e9fc9 file=canta-en-mi_31ddcf11_Canta_en_mÃ­.jpeg size=9396
2026-08-15 09:20:39 INFO OK id=22ac7c20-1a6f-4058-a407-f8b1e6ed3a5d file=alquimia_22ac7c20_Alquimia.jpeg size=11881
2026-08-15 09:20:40 INFO OK id=6a2d42b9-2a6e-4cac-accd-557a4e996949 file=despues-de-partir_6a2d42b9_DespuÃ©s_de_partir.jpeg size=10620
2026-08-15 09:20:40 INFO OK id=8a85b9dd-3b36-490f-b1d1-15a91356529e file=despues-de-partir_8a85b9dd_DespuÃ©s_de_partir.jpeg size=8341
2026-08-15 09:20:40 INFO OK id=14d63cf9-4473-44bb-bfa4-bf117be49dc4 file=despues-del-amor_14d63cf9_DespuÃ©s_del_amor.jpeg size=8978
2026-08-15 09:20:40 INFO OK id=5f335778-08f3-4c83-aacf-adf53dbe18e5 file=despues-del-amor_5f335778_DespuÃ©s_del_amor.jpeg size=9165
2026-08-15 09:20:40 INFO OK id=056055fa-cc82-4ce8-9417-70cb3e1aba7c file=es-libre-como-el-viento_056055fa_Es_libre_como_el_viento.jpeg size=7205
2026-08-15 09:20:40 INFO OK id=14c4147e-bfd7-46ce-adf2-f56b9f20a5a6 file=es-libre-como-el-viento_14c4147e_Es_libre_como_el_viento.jpeg size=9435
2026-08-15 09:20:40 INFO OK id=9908b93c-d920-4d32-af68-317c12095e32 file=es-libre-como-el-viento_9908b93c_Es_libre_como_el_viento.jpeg size=9940
2026-08-15 09:20:40 INFO OK id=e11d6ff1-19ce-4a07-aa00-f8a72781aadd file=es-libre-como-el-viento_e11d6ff1_Es_libre_como_el_viento.jpeg size=10770
2026-08-15 09:20:40 INFO OK id=7c1a12a3-e0ac-4371-8aec-a47c4b1fe231 file=es-libre-como-el-viento_7c1a12a3_Es_libre_como_el_viento.jpeg size=10914
2026-08-15 09:20:40 INFO OK id=d5b5880b-8206-4f05-b8cd-67877f838add file=es-libre-como-el-viento_d5b5880b_Es_libre_como_el_viento.jpeg size=14170
2026-08-15 09:20:40 INFO OK id=41ff2771-566c-47f6-979a-ff7ffbe43f41 file=es-libre-como-el-viento_41ff2771_Es_libre_como_el_viento.jpeg size=8942
2026-08-15 09:20:40 INFO OK id=42a66ff9-351b-4713-9697-792913ae8b06 file=es-libre-como-el-viento_42a66ff9_Es_libre_como_el_viento.jpeg size=9436
2026-08-15 09:20:40 INFO OK id=a7f68858-9340-416a-9df9-c5483badf74f file=es-libre-como-el-viento_a7f68858_Es_libre_como_el_viento.jpeg size=14205
2026-08-15 09:20:41 INFO OK id=cb271236-f897-4d46-ad38-0be6dea4a769 file=es-libre-como-el-viento_cb271236_Es_libre_como_el_viento.jpeg size=9336
2026-08-15 09:20:41 INFO OK id=c81913e5-1751-4f88-bdbd-ee060820ed25 file=mi-nina-herida_c81913e5_Mi_niÃ±a_herida.jpeg size=10365
2026-08-15 09:20:41 INFO OK id=081e7531-19ec-4bbc-85c8-e9819d6be6c6 file=mi-nina-herida_081e7531_Mi_niÃ±a_herida.jpeg size=8198
2026-08-15 09:20:41 INFO OK id=e7cdb594-0d4e-4d37-88ad-704940709bcd file=corazon-en-el-frio_e7cdb594_CorazÃ³n_en_el_FrÃ­o.jpeg size=7238
2026-08-15 09:20:41 WARNING HTTP 403 on attempt 1 for https://cdn2.suno.ai/image_d0a7a2ea-b55b-4e00-94a0-fdd0c8e086a0.jpeg
2026-08-15 09:20:43 WARNING HTTP 403 on attempt 2 for https://cdn2.suno.ai/image_d0a7a2ea-b55b-4e00-94a0-fdd0c8e086a0.jpeg
2026-08-15 09:20:47 WARNING HTTP 403 on attempt 3 for https://cdn2.suno.ai/image_d0a7a2ea-b55b-4e00-94a0-fdd0c8e086a0.jpeg
2026-08-15 09:20:55 WARNING HTTP 403 on attempt 4 for https://cdn2.suno.ai/image_d0a7a2ea-b55b-4e00-94a0-fdd0c8e086a0.jpeg
2026-08-15 09:21:11 ERROR FAIL id=d0a7a2ea-b55b-4e00-94a0-fdd0c8e086a0 detail=Gave up after 4 retries: unknown url=https://cdn2.suno.ai/image_d0a7a2ea-b55b-4e00-94a0-fdd0c8e086a0.jpeg
2026-08-15 09:21:12 WARNING HTTP 403 on attempt 1 for https://cdn2.suno.ai/image_7f00b8cc-a362-4a3c-acdf-d55ac7f37b20.jpeg
2026-08-15 09:21:14 WARNING HTTP 403 on attempt 2 for https://cdn2.suno.ai/image_7f00b8cc-a362-4a3c-acdf-d55ac7f37b20.jpeg
2026-08-15 09:21:18 WARNING HTTP 403 on attempt 3 for https://cdn2.suno.ai/image_7f00b8cc-a362-4a3c-acdf-d55ac7f37b20.jpeg
2026-08-15 09:21:26 WARNING HTTP 403 on attempt 4 for https://cdn2.suno.ai/image_7f00b8cc-a362-4a3c-acdf-d55ac7f37b20.jpeg
2026-08-15 09:21:42 ERROR FAIL id=7f00b8cc-a362-4a3c-acdf-d55ac7f37b20 detail=Gave up after 4 retries: unknown url=https://cdn2.suno.ai/image_7f00b8cc-a362-4a3c-acdf-d55ac7f37b20.jpeg
2026-08-15 09:21:42 INFO OK id=09ef3d25-8fca-4b11-95e9-696bf98669b6 file=arrendajo-de-invierno_09ef3d25_Arrendajo_de_invierno.jpeg size=9336
2026-08-15 09:21:42 INFO OK id=5d286e03-5e8e-479d-ba5e-b4f9939156a4 file=el-caballero-en-silencio_5d286e03_El_caballero_en_silencio.jpeg size=7218
2026-08-15 09:21:42 INFO OK id=a0b0a3b7-7a66-42d1-bc50-d308a5d75a8e file=con-toda-mi-fuerza_a0b0a3b7_Con_toda_mi_fuerza.jpeg size=6160
2026-08-15 09:21:42 INFO OK id=fa886841-2c5e-48f1-bbce-be6b8ac488ae file=abril-tu-y-yo_fa886841_Abril,_tÃº_y_yo.jpeg size=8103
2026-08-15 09:21:43 INFO OK id=51c96c94-7665-426a-a04c-be9f7eeb1df9 file=la-magia-del-violin_51c96c94_La_magia_del_violÃ­n.jpeg size=7943
2026-08-15 09:21:43 INFO OK id=f1d15ed3-32d2-4f4d-9dcd-bffb0a636f94 file=mas-roja-que-las-rosas_f1d15ed3_MÃ¡s_roja_que_las_rosas.jpeg size=10895
2026-08-15 09:21:43 INFO OK id=de26228b-a795-4a9b-87ca-103f5998adcb file=solo-un-poco-mas_de26228b_SÃ³lo_un_poco_mÃ¡s.jpeg size=7962
2026-08-15 09:21:43 INFO OK id=96906009-3517-4d90-8f3c-f808f0bf7085 file=el-remanso-de-su-voz_96906009_El_remanso_de_su_voz.jpeg size=10766
2026-08-15 09:21:43 INFO OK id=47f3d0c6-43e1-4c4f-b5a6-4b83b05a3055 file=eco-en-tu-memoria_47f3d0c6_Eco_en_tu_memoria.jpeg size=6568
2026-08-15 09:21:43 INFO OK id=293029a0-02d8-4683-b2d3-f73a03d6cfd1 file=dios-debe-ser-sabio_293029a0_Dios_debe_ser_sabio.jpeg size=6569
2026-08-15 09:21:43 INFO OK id=a2d0a56c-286f-429c-ae84-aa2a8d93bfe5 file=dios-debe-ser-sabio-v2_a2d0a56c_Dios_debe_ser_sabio,_v2.jpeg size=7362
2026-08-15 09:21:43 INFO OK id=62b65587-5c99-4db9-ab0d-91290a41f6c4 file=cuando-naciste-mi-amor_62b65587_Cuando_naciste,_mi_amor.jpeg size=4900
2026-08-15 09:21:43 INFO OK id=f64f88ac-ea78-49a4-8bdd-55a290cb4c7f file=untitled_f64f88ac_untitled.jpeg size=8098
2026-08-15 09:21:43 INFO OK id=3c22a90c-0110-4d65-b3a2-52b68345b905 file=untitled_3c22a90c_untitled.jpeg size=6170
2026-08-15 09:21:43 INFO OK id=1baaa7e7-7ace-4f49-a89e-1e8aba032a72 file=el-dedal-de-minerva_1baaa7e7_El_dedal_de_Minerva.jpeg size=10415
2026-08-15 09:21:43 INFO OK id=21f5bab7-fd4c-4564-bad8-bc42ce60f159 file=el-cuervo_21f5bab7_El_cuervo_.jpeg size=5529
2026-08-15 09:21:44 INFO OK id=d080d0dd-672a-4312-9b69-429e267946e0 file=untitled_d080d0dd_untitled.jpeg size=13387
2026-08-15 09:21:44 INFO OK id=ff7a38c8-34f8-4c04-b892-18ce65ac88eb file=untitled_ff7a38c8_untitled.jpeg size=9653
2026-08-15 09:21:44 INFO OK id=6f003022-9258-4ce8-a39c-a1bf36d8de94 file=untitled_6f003022_untitled.jpeg size=8325
2026-08-15 09:21:44 INFO OK id=1e261ca4-8d85-412c-9902-db1b6c15df7a file=la-princesa-esta-triste_1e261ca4_La_princesa_estÃ¡_triste.jpeg size=11315
2026-08-15 09:21:44 INFO OK id=6fd65aa3-db5b-4aa9-a504-8ea52e58ecaf file=la-princesa-esta-triste_6fd65aa3_La_princesa_estÃ¡_triste_.jpeg size=11409
2026-08-15 09:21:44 INFO OK id=dc2bc52b-b6e6-4bd1-9fee-134cb67dbd4f file=maullidos_dc2bc52b_Maullidos.jpeg size=10429
2026-08-15 09:21:44 INFO OK id=7bc9b9af-a104-48b9-aec4-5253cca63d7b file=maullidos_7bc9b9af_Maullidos.jpeg size=8437
2026-08-15 09:21:44 INFO OK id=c36dbc93-4b5b-4a3a-9bf5-d24b0969f7dd file=el-sonido-de-las-estrellas_c36dbc93_El_sonido_de_las_estrellas.jpeg size=7401
2026-08-15 09:21:44 INFO OK id=035a945c-a9a7-4eb2-aa84-6759aad746b3 file=el-sonido-de-las-estrellas_035a945c_El_sonido_de_las_estrellas.jpeg size=8866
2026-08-15 09:21:44 INFO OK id=28053681-cad1-4c29-a787-0b3acf14fc29 file=pisadas-de-felino-en-la-alfombra_28053681_Pisadas_de_felino_en_la_alfombra.jpeg size=11216
2026-08-15 09:21:44 INFO OK id=b603eb02-086b-40aa-a9c1-3815e763c705 file=pisadas-de-felino-en-la-alfombra_b603eb02_Pisadas_de_felino_en_la_alfombra.jpeg size=10953
2026-08-15 09:21:44 INFO OK id=04eb47cc-6589-4323-81e5-fc071a5f6916 file=batir-de-alas-susurrantes_04eb47cc_Batir_de_alas_susurrantes.jpeg size=9580
2026-08-15 09:21:45 INFO OK id=8a69bd9b-a4d7-4148-8d2a-81e21c2b7d2e file=batir-de-alas-susurrantes_8a69bd9b_Batir_de_alas_susurrantes.jpeg size=10057
2026-08-15 09:21:45 INFO OK id=c5a6c4ee-829f-41ba-8ad5-ad0d263bf908 file=el-susurro-del-rio_c5a6c4ee_El_susurro_del_RÃ­o.jpeg size=12466
2026-08-15 09:21:45 INFO OK id=5a6fc5b7-59f7-4f53-a88e-5d8b2a30ea69 file=el-susurro-del-rio_5a6fc5b7_El_susurro_del_RÃ­o.jpeg size=10511
2026-08-15 09:21:45 INFO OK id=924c940f-64c5-4112-a698-9226f96029d8 file=gorjeo-de-aves_924c940f_Gorjeo_de_Aves.jpeg size=10951
2026-08-15 09:21:45 INFO OK id=fbecfb97-bb7c-42cc-958e-852c1d411d8d file=gorjeo-de-aves_fbecfb97_Gorjeo_de_Aves.jpeg size=9508
2026-08-15 09:21:45 INFO OK id=f2b3b547-f22e-4455-a348-3130dfb3b16c file=coro-de-la-manana_f2b3b547_Coro_de_la_maÃ±ana.jpeg size=7443
2026-08-15 09:21:45 INFO OK id=96a8a927-0f89-40a9-b5cd-d9f924061a5d file=coro-de-la-manana_96a8a927_Coro_de_la_maÃ±ana.jpeg size=10445
2026-08-15 09:21:45 INFO OK id=d3b12db7-0444-43ec-858b-867e538150fe file=whistles-intertwined_d3b12db7_Whistles_Intertwined.jpeg size=10544
2026-08-15 09:21:45 INFO OK id=90f4ed8d-abb9-49f3-abcc-847f940bcfd0 file=whistles-intertwined_90f4ed8d_Whistles_Intertwined.jpeg size=11221
2026-08-15 09:21:45 INFO OK id=ef21fa6d-0278-466a-a922-2b090a71abe3 file=breath-and-ember_ef21fa6d_Breath_and_Ember.jpeg size=4305
2026-08-15 09:21:45 INFO OK id=ce7fec61-0409-4c1a-b7b8-4c30d33f73c4 file=breath-and-ember_ce7fec61_Breath_and_Ember.jpeg size=5453
2026-08-15 09:21:45 INFO OK id=6ed1afcb-b47d-498c-bf02-7f210ef83eac file=hilo-madera-y-revolucion_6ed1afcb_Hilo,_Madera_y_RevoluciÃ³n.jpeg size=10094
2026-08-15 09:21:45 INFO OK id=6b60579c-3aa6-4540-8d22-6eb43d1a646a file=hilo-madera-y-revolucion_6b60579c_Hilo,_Madera_y_RevoluciÃ³n.jpeg size=13284
2026-08-15 09:21:46 INFO OK id=fb017a18-17f9-4d55-9f67-c9778212f013 file=mi-flor-en-el-asteroide_fb017a18_Mi_Flor_en_el_Asteroide.jpeg size=6091
2026-08-15 09:21:46 INFO OK id=3f8b6e55-fd92-484e-82ef-c87ed343bd2d file=mi-flor-en-el-asteroide_3f8b6e55_Mi_Flor_en_el_Asteroide.jpeg size=6458
2026-08-15 09:21:46 INFO OK id=c835198b-4dfd-419d-98fc-42d8f3e8c69f file=flor-que-solo-hay-una_c835198b_Flor_Que_Solo_Hay_Una.jpeg size=5067
2026-08-15 09:21:46 INFO OK id=65bb4f47-c43c-4649-a11b-ca62c1ff4df9 file=flor-que-solo-hay-una_65bb4f47_Flor_Que_Solo_Hay_Una.jpeg size=4962
2026-08-15 09:21:46 INFO OK id=f9d601e5-7d0e-4199-95f6-e37f31909f76 file=la-unica-flor-en-mi-cielo_f9d601e5_La_Ãšnica_Flor_en_Mi_Cielo.jpeg size=4258
2026-08-15 09:21:46 INFO OK id=7544b8a4-c36f-4d15-9944-0e3a5368a26f file=la-unica-flor-en-mi-cielo_7544b8a4_La_Ãšnica_Flor_en_Mi_Cielo.jpeg size=5578
2026-08-15 09:21:46 INFO OK id=996a0371-1379-4ae6-a188-3819b20d80fc file=vals-del-pequeno-viajero_996a0371_Vals_del_pequeÃ±o_viajero.jpeg size=4533
2026-08-15 09:21:46 INFO OK id=97dae538-3408-4705-9127-5a21153038d4 file=vals-de-los-asteroides-amigos_97dae538_Vals_de_los_asteroides_amigos.jpeg size=11320
2026-08-15 09:21:46 INFO OK id=e925ff95-0907-4b0a-9e0a-eb5e9e2d5e7d file=vals-de-los-asteroides-amigos_e925ff95_Vals_de_los_asteroides_amigos.jpeg size=13227
2026-08-15 09:21:46 INFO OK id=b06e41bf-18e8-4013-92a8-cac9b24871c0 file=jardin-que-vuelve-a-abrir_b06e41bf_JardÃ­n_que_vuelve_a_abrir.jpeg size=10651
2026-08-15 09:21:46 INFO OK id=cb21caf9-7a0c-47f8-846a-19c380923903 file=jardin-que-vuelve-a-abrir_cb21caf9_JardÃ­n_que_vuelve_a_abrir.jpeg size=12546
2026-08-15 09:21:46 WARNING HTTP 403 on attempt 1 for https://cdn2.suno.ai/image_4000714e-e563-4bc9-93b0-42dcac28be79.jpeg
2026-08-15 09:21:49 WARNING HTTP 403 on attempt 2 for https://cdn2.suno.ai/image_4000714e-e563-4bc9-93b0-42dcac28be79.jpeg
2026-08-15 09:21:53 WARNING HTTP 403 on attempt 3 for https://cdn2.suno.ai/image_4000714e-e563-4bc9-93b0-42dcac28be79.jpeg
2026-08-15 09:22:01 WARNING HTTP 403 on attempt 4 for https://cdn2.suno.ai/image_4000714e-e563-4bc9-93b0-42dcac28be79.jpeg
2026-08-15 09:22:17 ERROR FAIL id=4000714e-e563-4bc9-93b0-42dcac28be79 detail=Gave up after 4 retries: unknown url=https://cdn2.suno.ai/image_4000714e-e563-4bc9-93b0-42dcac28be79.jpeg
2026-08-15 09:22:17 WARNING HTTP 403 on attempt 1 for https://cdn2.suno.ai/image_ee3bb2b7-9c93-4076-92f9-952bce0c7b71.jpeg
2026-08-15 09:22:19 WARNING HTTP 403 on attempt 2 for https://cdn2.suno.ai/image_ee3bb2b7-9c93-4076-92f9-952bce0c7b71.jpeg
2026-08-15 09:22:23 WARNING HTTP 403 on attempt 3 for https://cdn2.suno.ai/image_ee3bb2b7-9c93-4076-92f9-952bce0c7b71.jpeg
2026-08-15 09:22:32 WARNING HTTP 403 on attempt 4 for https://cdn2.suno.ai/image_ee3bb2b7-9c93-4076-92f9-952bce0c7b71.jpeg
2026-08-15 09:22:48 ERROR FAIL id=ee3bb2b7-9c93-4076-92f9-952bce0c7b71 detail=Gave up after 4 retries: unknown url=https://cdn2.suno.ai/image_ee3bb2b7-9c93-4076-92f9-952bce0c7b71.jpeg
2026-08-15 09:22:48 INFO OK id=98755705-84bb-43e6-b46b-690d73ebbfce file=carrera-contra-las-agujas_98755705_Carrera_Contra_las_Agujas.jpeg size=13071
2026-08-15 09:22:48 INFO OK id=1b9dd82f-1f84-421b-b96b-0d73907dd047 file=carrera-contra-las-agujas_1b9dd82f_Carrera_Contra_las_Agujas.jpeg size=13143
2026-08-15 09:22:48 INFO OK id=94ef33f4-7dc9-4d40-81d4-e79f790d60a5 file=el-enredo-magico_94ef33f4_El_Enredo_MÃ¡gico.jpeg size=18334
2026-08-15 09:22:48 INFO OK id=d0aea1a0-518f-45f2-b82b-82c812985abe file=el-enredo-magico_d0aea1a0_El_Enredo_MÃ¡gico.jpeg size=15013
2026-08-15 09:22:48 INFO OK id=09646e48-9251-4806-b878-2cb5b2c709e9 file=kilometros-de-risa_09646e48_KilÃ³metros_de_Risa.jpeg size=8027
2026-08-15 09:22:48 INFO OK id=cfda31ca-1508-4b0e-8b58-f43a5af1264e file=vals-del-pequeno-viajero_cfda31ca_Vals_del_pequeÃ±o_viajero.jpeg size=9067
2026-08-15 09:22:48 INFO OK id=2ef13fb4-c7e2-47c8-9c9d-b179a299a2d0 file=vals-del-pequeno-viajero_2ef13fb4_Vals_del_pequeÃ±o_viajero.jpeg size=5512
2026-08-15 09:22:48 INFO OK id=063365d7-49d1-48a5-bcdc-544900bb538e file=viajero-de-estrellas_063365d7_Viajero_De_Estrellas.jpeg size=7820
2026-08-15 09:22:48 INFO OK id=f43d44d4-fd92-4b8f-b923-f873109044e4 file=viajero-de-estrellas_f43d44d4_Viajero_De_Estrellas.jpeg size=6582
2026-08-15 09:22:49 INFO OK id=a593d6ff-831f-448a-b675-aeb67710fa3f file=pasarela-sin-corazon_a593d6ff_Pasarela_Sin_CorazÃ³n.jpeg size=18557
2026-08-15 09:22:49 INFO OK id=939dcf4c-f584-465a-8edb-defc54ad8bca file=pasarela-sin-corazon_939dcf4c_Pasarela_Sin_CorazÃ³n.jpeg size=16802
2026-08-15 09:22:49 INFO OK id=e8758d12-7abb-49ec-ab3c-38f77510bee8 file=la-leyenda-que-me-llama_e8758d12_La_Leyenda_Que_Me_Llama.jpeg size=7149
2026-08-15 09:22:49 INFO OK id=00cfe00e-0aff-4a3e-b22c-550f23d22f84 file=la-leyenda-que-me-llama_00cfe00e_La_Leyenda_Que_Me_Llama.jpeg size=4566
2026-08-15 09:22:49 INFO OK id=07535aa7-882c-4089-ae1d-392af202432e file=saborear-despacio_07535aa7_Saborear_Despacio.jpeg size=14453
2026-08-15 09:22:49 INFO OK id=f6e83a8f-6872-4e4c-a0db-72d6710337bb file=saborear-despacio_f6e83a8f_Saborear_Despacio.jpeg size=19870
2026-08-15 09:22:49 INFO OK id=95dc543c-6fbc-4839-9a1d-ad813f414514 file=mareas-de-fe_95dc543c_Mareas_de_Fe.jpeg size=10532
2026-08-15 09:22:49 INFO OK id=65070c03-3a86-47df-b1cd-35d5e4ce8fa6 file=mareas-de-fe_65070c03_Mareas_de_Fe.jpeg size=10626
2026-08-15 09:22:49 WARNING HTTP 403 on attempt 1 for https://cdn2.suno.ai/image_0bc3634f-7d03-41b2-9bac-c998a7f86864.jpeg
2026-08-15 09:22:52 WARNING HTTP 403 on attempt 2 for https://cdn2.suno.ai/image_0bc3634f-7d03-41b2-9bac-c998a7f86864.jpeg
2026-08-15 09:22:56 WARNING HTTP 403 on attempt 3 for https://cdn2.suno.ai/image_0bc3634f-7d03-41b2-9bac-c998a7f86864.jpeg
2026-08-15 09:23:04 WARNING HTTP 403 on attempt 4 for https://cdn2.suno.ai/image_0bc3634f-7d03-41b2-9bac-c998a7f86864.jpeg
2026-08-15 09:23:20 ERROR FAIL id=0bc3634f-7d03-41b2-9bac-c998a7f86864 detail=Gave up after 4 retries: unknown url=https://cdn2.suno.ai/image_0bc3634f-7d03-41b2-9bac-c998a7f86864.jpeg
2026-08-15 09:23:20 WARNING HTTP 403 on attempt 1 for https://cdn2.suno.ai/image_bfc96c6a-98c3-4daf-83b0-2e1f86e685bc.jpeg
2026-08-15 09:23:22 WARNING HTTP 403 on attempt 2 for https://cdn2.suno.ai/image_bfc96c6a-98c3-4daf-83b0-2e1f86e685bc.jpeg
2026-08-15 09:23:26 WARNING HTTP 403 on attempt 3 for https://cdn2.suno.ai/image_bfc96c6a-98c3-4daf-83b0-2e1f86e685bc.jpeg
2026-08-15 09:23:35 WARNING HTTP 403 on attempt 4 for https://cdn2.suno.ai/image_bfc96c6a-98c3-4daf-83b0-2e1f86e685bc.jpeg
2026-08-15 09:23:51 ERROR FAIL id=bfc96c6a-98c3-4daf-83b0-2e1f86e685bc detail=Gave up after 4 retries: unknown url=https://cdn2.suno.ai/image_bfc96c6a-98c3-4daf-83b0-2e1f86e685bc.jpeg
2026-08-15 09:23:51 WARNING HTTP 403 on attempt 1 for https://cdn2.suno.ai/image_cbf137b3-3a10-4418-93d8-7e0d7d7eb7a6.jpeg
2026-08-15 09:23:53 WARNING HTTP 403 on attempt 2 for https://cdn2.suno.ai/image_cbf137b3-3a10-4418-93d8-7e0d7d7eb7a6.jpeg
2026-08-15 09:23:57 WARNING HTTP 403 on attempt 3 for https://cdn2.suno.ai/image_cbf137b3-3a10-4418-93d8-7e0d7d7eb7a6.jpeg
2026-08-15 09:24:05 WARNING HTTP 403 on attempt 4 for https://cdn2.suno.ai/image_cbf137b3-3a10-4418-93d8-7e0d7d7eb7a6.jpeg
2026-08-15 09:24:21 ERROR FAIL id=cbf137b3-3a10-4418-93d8-7e0d7d7eb7a6 detail=Gave up after 4 retries: unknown url=https://cdn2.suno.ai/image_cbf137b3-3a10-4418-93d8-7e0d7d7eb7a6.jpeg
2026-08-15 09:24:21 WARNING HTTP 403 on attempt 1 for https://cdn2.suno.ai/image_35ed63a1-24f5-4e84-8f20-080b83407c19.jpeg
2026-08-15 09:24:24 WARNING HTTP 403 on attempt 2 for https://cdn2.suno.ai/image_35ed63a1-24f5-4e84-8f20-080b83407c19.jpeg
2026-08-15 09:24:28 WARNING HTTP 403 on attempt 3 for https://cdn2.suno.ai/image_35ed63a1-24f5-4e84-8f20-080b83407c19.jpeg
2026-08-15 09:24:36 WARNING HTTP 403 on attempt 4 for https://cdn2.suno.ai/image_35ed63a1-24f5-4e84-8f20-080b83407c19.jpeg
2026-08-15 09:24:52 ERROR FAIL id=35ed63a1-24f5-4e84-8f20-080b83407c19 detail=Gave up after 4 retries: unknown url=https://cdn2.suno.ai/image_35ed63a1-24f5-4e84-8f20-080b83407c19.jpeg
2026-08-15 09:24:52 INFO OK id=9aede3fe-3768-409c-a1ca-ea13e6769535 file=parque-de-siempre_9aede3fe_Parque_de_Siempre.jpeg size=12150
2026-08-15 09:24:52 INFO OK id=b6df5cca-984e-4149-a530-a50153003770 file=cenicero-de-invierno_b6df5cca_Cenicero_de_Invierno.jpeg size=10080
2026-08-15 09:24:52 INFO OK id=5280403f-bf5e-4e8f-8da9-e481ecc87056 file=cenicero-de-invierno_5280403f_Cenicero_de_Invierno.jpeg size=10111
2026-08-15 09:24:52 INFO OK id=32a358e4-f9fb-48a7-9cfb-55cd55812eaf file=sombras-en-la-rambla_32a358e4_Sombras_en_la_Rambla.jpeg size=12249
2026-08-15 09:24:52 INFO OK id=6aa44f5b-194f-49da-9931-7e9f3780b07b file=ultimo-verano-en-hailsham_6aa44f5b_Ãšltimo_Verano_en_Hailsham.jpeg size=6997
2026-08-15 09:24:52 INFO OK id=4fe24661-9752-4375-9232-e773a909f455 file=arena-de-profecia_4fe24661_Arena_de_ProfecÃ­a.jpeg size=8920
2026-08-15 09:24:52 INFO OK id=2ab1ff5a-3779-40cc-a648-106c8ea8cc5a file=eterna-esencia_2ab1ff5a_Eterna_Esencia.jpeg size=6716
2026-08-15 09:24:53 INFO OK id=1cf4a4aa-c8e6-4603-a281-0bfe4db8a654 file=vals-de-la-levedad_1cf4a4aa_Vals_de_la_levedad.jpeg size=7338
2026-08-15 09:24:53 INFO OK id=73e034be-20e3-4d48-aa0d-0ead4f598f8f file=vals-de-la-levedad_73e034be_Vals_de_la_levedad.jpeg size=8629
2026-08-15 09:24:53 INFO OK id=1d9d7db2-ad18-4efc-a4b9-f6e943f94b7a file=salmo-de-las-desobedientes_1d9d7db2_Salmo_de_las_Desobedientes.jpeg size=7426
2026-08-15 09:24:53 INFO OK id=febf24ff-293a-411f-b824-e02b1d8325b7 file=salmo-de-las-desobedientes_febf24ff_Salmo_de_las_Desobedientes.jpeg size=8571
2026-08-15 09:24:53 INFO OK id=1e1d62ec-8eae-4341-b398-5a9f32e45516 file=tarjeta-platino_1e1d62ec_Tarjeta_Platino.jpeg size=12459
2026-08-15 09:24:53 INFO OK id=f6ccd1d8-44f8-4907-a3c4-401bf44334de file=salon-de-cristal_f6ccd1d8_SalÃ³n_De_Cristal.jpeg size=18560
2026-08-15 09:24:53 INFO OK id=4536c7ac-fce5-4862-86d1-74e335968a81 file=pulso-en-la-ceniza_4536c7ac_Pulso_en_la_Ceniza.jpeg size=7289
2026-08-15 09:24:53 INFO OK id=03bee2aa-5a9d-4ebb-8837-4b9ee4f4e495 file=pulso-en-la-ceniza_03bee2aa_Pulso_en_la_Ceniza.jpeg size=6904
2026-08-15 09:24:53 INFO OK id=da54bc22-e45b-40d2-a77c-9601f23c5e70 file=tokio-en-tus-mensajes_da54bc22_Tokio_en_tus_mensajes.jpeg size=9672
2026-08-15 09:24:53 INFO OK id=faf119c7-2f9d-4819-b81c-d4dd3291a4bf file=sala-de-observacion_faf119c7_Sala_De_ObservaciÃ³n.jpeg size=13739
2026-08-15 09:24:53 INFO OK id=403eea67-28e9-40c4-ad55-08745a50a2c0 file=sala-de-observacion_403eea67_Sala_De_ObservaciÃ³n.jpeg size=12400
2026-08-15 09:24:54 INFO OK id=3f5c898c-71c0-47b5-a34f-2fe396e43dac file=artemis-hacia-el-polo-oscuro_3f5c898c_Artemis_Hacia_El_Polo_Oscuro.jpeg size=7072
2026-08-15 09:24:54 INFO OK id=ea2c0473-fae8-4475-8d81-9dc9cede6036 file=artemis-hacia-el-polo-oscuro_ea2c0473_Artemis_Hacia_El_Polo_Oscuro.jpeg size=12045
2026-08-15 09:24:54 INFO OK id=164c2998-5e8a-485f-a173-475450b469cb file=gigante-2026_164c2998_Gigante_2026.jpeg size=17859
2026-08-15 09:24:54 INFO OK id=7b914606-c27f-4dd4-82ba-e63e580e56ba file=gigante-2026_7b914606_Gigante_2026.jpeg size=16689
2026-08-15 09:24:54 INFO OK id=7606ac37-69f6-4108-8ad7-b65f09a8c55e file=ruge-el-26_7606ac37_Ruge_el_26.jpeg size=14159
2026-08-15 09:24:54 INFO OK id=7d75e3e3-7086-4fcb-9550-d6b890eece42 file=ruge-el-26_7d75e3e3_Ruge_el_26.jpeg size=14549
2026-08-15 09:24:55 INFO OK id=9d5be881-c87c-43b9-9b63-6313bbb2c059 file=ruge-la-copa-2026_9d5be881_Ruge_la_Copa_2026.jpeg size=9984
2026-08-15 09:24:55 INFO OK id=a63bc5f2-397f-4241-826e-64def4923b37 file=ruge-la-copa-2026_a63bc5f2_Ruge_la_Copa_2026.jpeg size=10096
2026-08-15 09:24:55 INFO OK id=5a542b38-2a40-4dee-bd35-40667f01bbd0 file=mensaje-de-paz-caribeno_5a542b38_Mensaje_de_Paz_CaribeÃ±o.jpeg size=10808
2026-08-15 09:24:55 INFO OK id=95178bf5-fbe4-4852-b06a-3d752ca8f246 file=ciudad-sin-ganas_95178bf5_Ciudad_sin_ganas.jpeg size=13877
2026-08-15 09:24:55 INFO OK id=d1afa14b-13c1-4cd1-87d8-b17e61b740f2 file=ciudad-sin-ganas_d1afa14b_Ciudad_sin_ganas.jpeg size=11880
2026-08-15 09:24:55 INFO OK id=753f466b-4c70-4c4c-a26c-7caf44da1270 file=explosion-de-estrellas_753f466b_ExplosiÃ³n_de_Estrellas.jpeg size=13061
2026-08-15 09:24:56 INFO OK id=cacec88e-06d2-40ce-b423-6c0222951dfe file=explosion-de-estrellas_cacec88e_ExplosiÃ³n_de_Estrellas.jpeg size=13438
2026-08-15 09:24:56 INFO OK id=d95cd9e5-f4f7-4e84-8db8-060ed4d0ae2b file=amanecer-hipnotico_d95cd9e5_Amanecer_HipnÃ³tico.jpeg size=12720
2026-08-15 09:24:56 INFO OK id=24014230-5671-453c-8776-0eeed017abf3 file=amanecer-hipnotico_24014230_Amanecer_HipnÃ³tico.jpeg size=11971
2026-08-15 09:24:56 INFO OK id=98c6b417-0bd6-4faa-bd06-5bb4154a293f file=improvisacion-nocturna_98c6b417_ImprovisaciÃ³n_Nocturna.jpeg size=11104
2026-08-15 09:24:56 INFO OK id=6611a047-5fc6-42d0-b7aa-d2eba13ee204 file=regreso-al-camino-viejo_6611a047_Regreso_Al_Camino_Viejo.jpeg size=9470
2026-08-15 09:24:56 INFO OK id=9056a6cc-a0bc-4941-969b-d43fa432f496 file=regreso-al-camino-viejo_9056a6cc_Regreso_Al_Camino_Viejo.jpeg size=12777
2026-08-15 09:24:57 INFO OK id=db291b9a-6616-4306-a8e0-a51433a3fcdf file=fiebre-en-la-pista_db291b9a_Fiebre_En_La_Pista.jpeg size=10516
2026-08-15 09:24:57 INFO OK id=9b701f7c-8539-4704-a4cd-79ae590c96d4 file=carretera-de-neon_9b701f7c_Carretera_de_neÃ³n.jpeg size=7063
2026-08-15 09:24:57 INFO OK id=2b45eca1-19e6-4299-ac9f-0b8d06b83d99 file=lluvia-en-la-ventana_2b45eca1_Lluvia_En_La_Ventana.jpeg size=11489
2026-08-15 09:24:57 INFO OK id=e1a9f133-49dd-451d-9cb4-53cd6cca3486 file=contra-la-tormenta_e1a9f133_Contra_la_Tormenta.jpeg size=8142
2026-08-15 09:24:57 INFO OK id=d1c96646-22e9-4eb1-8660-d95d085650c8 file=contra-la-tormenta_d1c96646_Contra_la_Tormenta.jpeg size=6074
2026-08-15 09:24:57 INFO OK id=471dc544-c7e8-4911-9617-62b1af80da43 file=verano-en-la-sangre_471dc544_Verano_En_La_Sangre.jpeg size=11412
2026-08-15 09:24:57 INFO OK id=133a90a6-26ec-4ba0-af59-4d55b4b3ecc8 file=sombras-en-la-orilla_133a90a6_Sombras_en_la_Orilla.jpeg size=9501
2026-08-15 09:24:58 INFO OK id=0df32dbf-f4db-4082-9799-0f348ab5063c file=midnight-static-hearts_0df32dbf_Midnight_Static_Hearts.jpeg size=14847
2026-08-15 09:24:58 INFO OK id=c87046b1-adb0-4a1b-a4cd-1dbf66dbd765 file=a-un-ruisenor_c87046b1_A_un_ruiseÃ±or_.jpeg size=12462
2026-08-15 09:24:58 INFO OK id=4fa399c8-82ae-4b2b-a5b8-9384d09d015c file=a-un-ruisenor_4fa399c8_A_un_ruiseÃ±or_.jpeg size=10975
2026-08-15 09:24:58 INFO OK id=599dcb59-5b42-4f34-8da5-bee3a51ea6de file=untitled_599dcb59_untitled.jpeg size=10351
2026-08-15 09:24:58 INFO OK id=f7562002-7f42-4db3-af78-1b5d5a679af0 file=untitled_f7562002_untitled.jpeg size=12264
2026-08-15 09:24:59 INFO OK id=2f8e0b34-2dc0-435f-95c6-18d718e4235a file=fuego-y-nieve_2f8e0b34_Fuego_y_Nieve.jpeg size=5318
2026-08-15 09:24:59 INFO OK id=b00154b3-8818-4d39-9b06-280a0d29f745 file=fuego-y-nieve_b00154b3_Fuego_y_Nieve.jpeg size=6833
2026-08-15 09:24:59 INFO OK id=631919a2-fe89-4c2d-ba5b-47f1d294b756 file=fusion-improbable_631919a2_FusiÃ³n_Improbable.jpeg size=13371
2026-08-15 09:24:59 INFO OK id=11e127d1-986e-41ad-8aa5-c634b8283756 file=accidente-de-luz_11e127d1_Accidente_de_Luz.jpeg size=5967
2026-08-15 09:24:59 INFO OK id=838fef37-ed32-49cd-8353-15485afebf47 file=untitled_838fef37_untitled.jpeg size=21665
2026-08-15 09:24:59 INFO OK id=43886b02-025b-46c5-99ae-1f1b9050a885 file=untitled_43886b02_untitled.jpeg size=18689
2026-08-15 09:25:00 INFO OK id=61d8b30c-a2cf-4466-b5fd-440b3b9b2d3b file=untitled_61d8b30c_untitled.jpeg size=11534
2026-08-15 09:25:00 INFO OK id=f73f3b88-d86f-440e-bd7d-e0a46aa4a1f7 file=untitled_f73f3b88_untitled.jpeg size=8751
2026-08-15 09:25:00 INFO OK id=21db880f-f888-441b-b699-347d2ea08395 file=untitled_21db880f_untitled.jpeg size=10490
2026-08-15 09:25:00 INFO OK id=babda5ae-8924-4fd7-bb28-a989c8fdbeb2 file=vaga-armonia_babda5ae_Vaga_armonÃ­a.jpeg size=8419
2026-08-15 09:25:00 INFO OK id=cee191ed-87e8-41f6-839a-b60a070de67f file=untitled_cee191ed_untitled.jpeg size=7421
2026-08-15 09:25:00 INFO OK id=6f2d651f-2a4a-45e8-a5ee-23122310ad66 file=glass-steps_6f2d651f_Glass_Steps.jpeg size=5965
2026-08-15 09:25:00 INFO OK id=7f9703f3-4975-4dc9-a2c5-baf840a51093 file=glass-steps_7f9703f3_Glass_Steps.jpeg size=6743
2026-08-15 09:25:01 INFO OK id=bb06b76e-abdc-40ca-920f-f3856fa6926d file=soft-static-heart_bb06b76e_Soft_Static_Heart.jpeg size=7719
2026-08-15 09:25:01 INFO OK id=7c33cc45-e281-4214-be4b-4bbd53772cef file=soft-static-heart_7c33cc45_Soft_Static_Heart.jpeg size=8553
2026-08-15 09:25:01 INFO OK id=6bb8a469-1bc8-47e6-aaa8-1c28fcdcaf67 file=del-hielo-al-ecuador_6bb8a469_Del_Hielo_al_Ecuador.jpeg size=8034
2026-08-15 09:25:01 INFO OK id=1f90da0f-7831-451c-8ec5-9edbdcf11325 file=tap-humming-groove_1f90da0f_Tap_Humming_Groove.jpeg size=11411
2026-08-15 09:25:01 INFO OK id=a02adf4c-de71-489d-a287-e0575ac698a7 file=sinfonia-de-la-cocina_a02adf4c_SinfonÃ­a_de_la_Cocina.jpeg size=11019
2026-08-15 09:25:01 INFO OK id=f2dd711c-2960-4027-be29-89b71659d816 file=whistles-in-the-static_f2dd711c_Whistles_in_the_Static.jpeg size=6036
2026-08-15 09:25:02 INFO OK id=90ecbd31-3baf-4b81-9813-837919cf74e3 file=whistles-in-the-static_90ecbd31_Whistles_in_the_Static.jpeg size=6551
2026-08-15 09:25:02 INFO OK id=1c03fcb6-80d1-4183-b309-3121a303de60 file=whistles_1c03fcb6_Whistles.jpeg size=10294
2026-08-15 09:25:02 INFO OK id=ae5e559b-1807-473a-835c-cbf650d63a4d file=whistles_ae5e559b_Whistles.jpeg size=8163
2026-08-15 09:25:02 INFO OK id=ec0cf8cc-0724-4df0-be49-e4c1831284a2 file=moonlit-fox-trot_ec0cf8cc_Moonlit_Fox_Trot.jpeg size=8761
2026-08-15 09:25:02 INFO OK id=7ece4528-6762-4b7d-a756-39fda830ee17 file=moonlit-fox-trot_7ece4528_Moonlit_Fox_Trot.jpeg size=10754
2026-08-15 09:25:02 INFO OK id=f30ce997-40a5-4dd2-b098-604e39a8b6ef file=neon-echo-in-my-veins_f30ce997_Neon_Echo_in_My_Veins.jpeg size=7868
2026-08-15 09:25:03 INFO OK id=a15a8f69-7582-4b9e-956d-31be39d9bdb8 file=ink-on-my-hoodie_a15a8f69_Ink_On_My_Hoodie.jpeg size=6861
2026-08-15 09:25:03 INFO OK id=bb621b29-dcfd-407e-9ce6-ac5b8dc157af file=ink-on-my-hoodie_bb621b29_Ink_On_My_Hoodie.jpeg size=9279
2026-08-15 09:25:03 INFO OK id=7e9010b8-df17-41b1-9cfd-644f8288e330 file=edge-of-our-echo_7e9010b8_Edge_of_Our_Echo.jpeg size=8367
2026-08-15 09:25:03 INFO OK id=cc33c0cb-91fb-4eb0-a1b0-0798dc980f8e file=edge-of-our-echo_cc33c0cb_Edge_of_Our_Echo.jpeg size=10219
2026-08-15 09:25:03 INFO OK id=2bafec4e-12b8-4f96-bccc-263fd0ab811e file=neon-fever-dream_2bafec4e_Neon_Fever_Dream.jpeg size=13033
2026-08-15 09:25:03 INFO OK id=294630c0-7725-4c8d-a5c8-f41ef276d288 file=neon-fever-dream_294630c0_Neon_Fever_Dream.jpeg size=11049
2026-08-15 09:25:04 INFO OK id=26488621-bbe8-4d06-af72-c83b7a999986 file=midnight-circuit-heart_26488621_Midnight_Circuit_Heart.jpeg size=12991
2026-08-15 09:25:04 INFO OK id=7b0c2c76-bb25-4d41-b2d7-81336fa186ef file=midnight-circuit-heart_7b0c2c76_Midnight_Circuit_Heart.jpeg size=12790
2026-08-15 09:25:04 INFO OK id=fe1d9747-d9d1-4d14-ac3a-0b7c96be5400 file=fuiste-noticia-un-dia_fe1d9747_Fuiste_Noticia_Un_DÃ­a.jpeg size=8371
2026-08-15 09:25:04 INFO OK id=fbe38a0f-1a56-4866-a6c4-eb8f5b7c69a4 file=neon-echo_fbe38a0f_Neon_Echo.jpeg size=8958
2026-08-15 09:25:04 INFO OK id=4adef656-de78-4744-8b94-292c787e6cbe file=pantalla-azul-a-mediodia_4adef656_Pantalla_Azul_a_MediodÃ­a.jpeg size=9664
2026-08-15 09:25:04 INFO OK id=31a2171b-7c85-4656-b3c8-5bf8e1317d86 file=electric-heartbeat_31a2171b_Electric_Heartbeat.jpeg size=10384
2026-08-15 09:25:05 INFO OK id=544d2d66-0797-4f91-8db3-e9f12c5bcfb0 file=electric-heartbeat_544d2d66_Electric_Heartbeat.jpeg size=9799
2026-08-15 09:25:05 INFO OK id=7f09f806-a52c-4489-8a22-47ff18262b89 file=sinrazon_7f09f806_SinrazÃ³n.jpeg size=19595
2026-08-15 09:25:05 INFO OK id=bbc15e97-cd43-4eef-a588-0d11f110d1ff file=sinrazon_bbc15e97_SinrazÃ³n.jpeg size=15911
2026-08-15 09:25:05 INFO OK id=c4dcfbce-bd0e-4809-8f5a-11ce6331b195 file=contrasentido_c4dcfbce_Contrasentido.jpeg size=13488
2026-08-15 09:25:05 INFO OK id=b4cc50be-bc8f-4ff6-8850-ec9a91b0288c file=contrasentido_b4cc50be_Contrasentido.jpeg size=13310
2026-08-15 09:25:05 INFO OK id=7be6b835-f9aa-4a2d-9655-ebaede4405bd file=gas-etereo_7be6b835_Gas_etÃ©reo_.jpeg size=7337
2026-08-15 09:25:06 INFO OK id=e66f246f-e019-4c91-83cf-20834185f672 file=gas-etereo_e66f246f_Gas_etÃ©reo_.jpeg size=6225
2026-08-15 09:25:06 INFO OK id=1205a489-5ec9-4ef2-947b-8fa6e86a111e file=untitled_1205a489_untitled.jpeg size=5065
2026-08-15 09:25:06 INFO OK id=9853ce0d-0f13-4a51-af97-95e0c079ac56 file=untitled_9853ce0d_untitled.jpeg size=5829
2026-08-15 09:25:06 INFO OK id=5a4b8172-72ef-4d4c-8789-66cac548b600 file=redondillas_5a4b8172_Redondillas.jpeg size=115348
2026-08-15 09:25:06 INFO OK id=8c448f0d-27e7-41f1-a88a-c71050e23a6a file=al-que-ingrato-me-deja_8c448f0d_Al_que_ingrato_me_deja_.jpeg size=14137
2026-08-15 09:25:07 INFO OK id=3a6d3bb8-497e-4e02-afa2-c0533493505f file=amor-inoportuno_3a6d3bb8_Amor_inoportuno_.jpeg size=9164
2026-08-15 09:25:07 INFO OK id=cf0088ea-4f5b-4c4a-96e2-e412021e241e file=195-4s-recording-dec-19-5-27-pm-vuelve-otra-vez_cf0088ea_195.4s_Recording_(Dec_19_@_527_PM)_Vuelve_otra_vez.jpeg size=6774
2026-08-15 09:25:07 INFO OK id=5249a380-e77d-4f42-8dc9-eb6a6cded605 file=volar-por-el-aire_5249a380_Volar_por_el_aire.jpeg size=36615
2026-08-15 09:25:07 INFO OK id=214af8dc-f758-4487-af16-7635a447f992 file=en-mi-cajon-izquierdo_214af8dc_En_mi_cajÃ³n_izquierdo.jpeg size=11221
2026-08-15 09:25:07 INFO OK id=0f963b23-fa32-4358-ac40-217cf58389dd file=escucha-al-tiempo-hablar-por-mi_0f963b23_Escucha_al_tiempo_hablar_por_mÃ­_.jpeg size=13509
2026-08-15 09:25:07 INFO OK id=60b9f1fc-f33e-4712-899d-ae4a59f92a3e file=el-canto-del-cisne-v2_60b9f1fc_El_canto_del_cisne,_v2.jpeg size=7907
2026-08-15 09:25:08 INFO OK id=570f3a99-5d34-4987-ad98-9240a1f6e885 file=stolen-umbrella_570f3a99_Stolen_Umbrella.jpeg size=11047
2026-08-15 09:25:08 INFO OK id=a8de5123-42ba-45a1-9c76-cfcfca4d7a43 file=sangre-de-titan_a8de5123_Sangre_de_titÃ¡n.jpeg size=5381
2026-08-15 09:25:08 INFO OK id=52b6d60d-4ebc-4b3d-8fc0-986f3b2f193d file=bubblegum-in-space_52b6d60d_Bubblegum_in_Space.jpeg size=8934
2026-08-15 09:25:08 INFO OK id=706e9121-a2a9-42c9-92bc-4efb238d1a99 file=ayer-me-encontre-a-ese-nino_706e9121_Ayer_me_encontrÃ©_a_ese_niÃ±o_.jpeg size=7801
2026-08-15 09:25:08 INFO OK id=73323caf-b0d4-427b-9781-ce676ec99e51 file=farolas-sin-luz_73323caf_Farolas_sin_luz.jpeg size=3863
2026-08-15 09:25:08 INFO OK id=698d68f9-08d0-4742-bc26-3fe4813fc5e9 file=hoy-necesito-escribir-una-cancion-de-amor_698d68f9_Hoy_necesito_escribir_una_canciÃ³n_de_amor.jpeg size=9346
2026-08-15 09:25:08 INFO OK id=f8ccd8bd-a88b-4701-a3db-14e3b9f312c2 file=la-oficina-de-objetos-perdidos_f8ccd8bd_La_oficina_de_objetos_perdidos.jpeg size=7676
2026-08-15 09:25:09 WARNING HTTP 403 on attempt 1 for https://cdn2.suno.ai/image_45add19c-c36a-4d67-a7e0-29d93a7053ce.jpeg
2026-08-15 09:25:11 WARNING HTTP 403 on attempt 2 for https://cdn2.suno.ai/image_45add19c-c36a-4d67-a7e0-29d93a7053ce.jpeg
2026-08-15 09:25:15 WARNING HTTP 403 on attempt 3 for https://cdn2.suno.ai/image_45add19c-c36a-4d67-a7e0-29d93a7053ce.jpeg
2026-08-15 09:25:23 WARNING HTTP 403 on attempt 4 for https://cdn2.suno.ai/image_45add19c-c36a-4d67-a7e0-29d93a7053ce.jpeg
2026-08-15 09:25:39 ERROR FAIL id=45add19c-c36a-4d67-a7e0-29d93a7053ce detail=Gave up after 4 retries: unknown url=https://cdn2.suno.ai/image_45add19c-c36a-4d67-a7e0-29d93a7053ce.jpeg
